n,win_rate,avg_net_pct,total_pct,max_dd_pct,sharpe,tp_rate,sl_rate,timeout_rate,rally_lb,rally_thr,rsi_thr,tp_pct,sl_pct,hold_bars,symbol
82,52.44,-0.1584,-12.557,-16.377,-3.016,39.0,24.4,36.6,4,1.0,55,1.0,1.5,6,BTCUSDT
81,55.56,-0.1822,-14.183,-16.803,-3.077,50.6,32.1,17.3,4,1.0,55,1.0,1.5,12,BTCUSDT
79,54.43,-0.2701,-19.709,-22.321,-4.242,53.2,41.8,5.1,4,1.0,55,1.0,1.5,24,BTCUSDT
74,56.76,-0.1413,-10.384,-14.102,-2.334,41.9,10.8,47.3,4,1.0,55,1.0,2.5,6,BTCUSDT
69,65.22,-0.142,-9.907,-12.972,-2.021,58.0,14.5,27.5,4,1.0,55,1.0,2.5,12,BTCUSDT
63,65.08,-0.2058,-12.776,-16.569,-2.671,63.5,20.6,15.9,4,1.0,55,1.0,2.5,24,BTCUSDT
73,54.79,-0.1964,-13.876,-17.725,-2.99,39.7,2.7,57.5,4,1.0,55,1.0,4.0,6,BTCUSDT
66,62.12,-0.2401,-15.341,-17.926,-2.999,56.1,7.6,36.4,4,1.0,55,1.0,4.0,12,BTCUSDT
56,62.5,-0.3675,-19.365,-22.629,-3.954,58.9,14.3,26.8,4,1.0,55,1.0,4.0,24,BTCUSDT
78,44.87,-0.1659,-12.573,-18.195,-2.852,24.4,25.6,50.0,4,1.0,55,1.5,1.5,6,BTCUSDT
77,46.75,-0.1852,-13.864,-18.071,-2.734,32.5,36.4,31.2,4,1.0,55,1.5,1.5,12,BTCUSDT
72,47.22,-0.2279,-15.797,-21.632,-2.992,44.4,48.6,6.9,4,1.0,55,1.5,1.5,24,BTCUSDT
71,52.11,-0.124,-8.996,-14.424,-1.809,28.2,12.7,59.2,4,1.0,55,1.5,2.5,6,BTCUSDT
66,56.06,-0.1592,-10.681,-15.767,-1.985,37.9,16.7,45.5,4,1.0,55,1.5,2.5,12,BTCUSDT
55,56.36,-0.2127,-11.801,-18.047,-2.329,50.9,25.5,23.6,4,1.0,55,1.5,2.5,24,BTCUSDT
70,51.43,-0.1266,-9.097,-14.805,-1.754,28.6,2.9,68.6,4,1.0,55,1.5,4.0,6,BTCUSDT
63,55.56,-0.174,-11.217,-15.513,-1.955,41.3,7.9,50.8,4,1.0,55,1.5,4.0,12,BTCUSDT
50,54.0,-0.3777,-18.075,-22.486,-3.61,44.0,16.0,40.0,4,1.0,55,1.5,4.0,24,BTCUSDT
77,42.86,-0.1822,-13.512,-20.177,-3.135,9.1,24.7,66.2,4,1.0,55,2.0,1.5,6,BTCUSDT
75,45.33,-0.1485,-11.188,-17.299,-2.053,18.7,36.0,45.3,4,1.0,55,2.0,1.5,12,BTCUSDT
68,44.12,-0.1154,-8.399,-17.202,-1.339,38.2,48.5,13.2,4,1.0,55,2.0,1.5,24,BTCUSDT
70,51.43,-0.1376,-9.728,-15.877,-2.029,10.0,12.9,77.1,4,1.0,55,2.0,2.5,6,BTCUSDT
64,53.12,-0.1586,-10.442,-16.415,-1.845,23.4,17.2,59.4,4,1.0,55,2.0,2.5,12,BTCUSDT
54,51.85,-0.1337,-7.928,-16.564,-1.307,42.6,27.8,29.6,4,1.0,55,2.0,2.5,24,BTCUSDT
69,50.72,-0.1404,-9.828,-16.252,-1.964,10.1,2.9,87.0,4,1.0,55,2.0,4.0,6,BTCUSDT
60,50.0,-0.2461,-14.588,-19.562,-2.611,23.3,8.3,68.3,4,1.0,55,2.0,4.0,12,BTCUSDT
47,51.06,-0.3165,-14.764,-20.728,-2.846,34.0,14.9,51.1,4,1.0,55,2.0,4.0,24,BTCUSDT
77,41.56,-0.1902,-14.068,-21.142,-3.185,2.6,24.7,72.7,4,1.0,55,3.0,1.5,6,BTCUSDT
73,43.84,-0.1412,-10.526,-18.444,-1.808,9.6,37.0,53.4,4,1.0,55,3.0,1.5,12,BTCUSDT
63,39.68,-0.1213,-8.33,-17.462,-1.266,17.5,50.8,31.7,4,1.0,55,3.0,1.5,24,BTCUSDT
70,50.0,-0.1465,-10.308,-17.119,-2.112,2.9,12.9,84.3,4,1.0,55,3.0,2.5,6,BTCUSDT
63,52.38,-0.0978,-6.926,-15.226,-1.044,12.7,17.5,69.8,4,1.0,55,3.0,2.5,12,BTCUSDT
50,46.0,-0.1442,-8.019,-18.697,-1.288,18.0,30.0,52.0,4,1.0,55,3.0,2.5,24,BTCUSDT
69,49.28,-0.1494,-10.407,-17.488,-2.047,2.9,2.9,94.2,4,1.0,55,3.0,4.0,6,BTCUSDT
59,49.15,-0.1757,-10.875,-18.086,-1.714,13.6,8.5,78.0,4,1.0,55,3.0,4.0,12,BTCUSDT
45,46.67,-0.2054,-9.993,-17.695,-1.656,24.4,15.6,60.0,4,1.0,55,3.0,4.0,24,BTCUSDT
62,56.45,-0.1209,-7.521,-13.331,-2.283,41.9,24.2,33.9,4,1.0,60,1.0,1.5,6,BTCUSDT
61,57.38,-0.1417,-8.644,-13.019,-2.391,52.5,32.8,14.8,4,1.0,60,1.0,1.5,12,BTCUSDT
60,56.67,-0.2057,-12.011,-15.978,-3.246,56.7,40.0,3.3,4,1.0,60,1.0,1.5,24,BTCUSDT
57,57.89,-0.0896,-5.326,-11.273,-1.526,45.6,8.8,45.6,4,1.0,60,1.0,2.5,6,BTCUSDT
54,64.81,-0.111,-6.282,-10.618,-1.586,61.1,13.0,25.9,4,1.0,60,1.0,2.5,12,BTCUSDT
49,65.31,-0.1626,-8.145,-13.087,-2.141,65.3,20.4,14.3,4,1.0,60,1.0,2.5,24,BTCUSDT
56,57.14,-0.1467,-8.291,-14.051,-2.275,44.6,1.8,53.6,4,1.0,60,1.0,4.0,6,BTCUSDT
51,62.75,-0.1974,-10.134,-13.922,-2.466,58.8,7.8,33.3,4,1.0,60,1.0,4.0,12,BTCUSDT
44,68.18,-0.0976,-4.716,-9.124,-1.21,63.6,9.1,27.3,4,1.0,60,1.0,4.0,24,BTCUSDT
59,45.76,-0.1626,-9.479,-16.019,-2.818,23.7,25.4,50.8,4,1.0,60,1.5,1.5,6,BTCUSDT
56,44.64,-0.2441,-13.198,-18.754,-3.617,28.6,39.3,32.1,4,1.0,60,1.5,1.5,12,BTCUSDT
54,46.3,-0.2282,-12.121,-19.576,-2.964,46.3,50.0,3.7,4,1.0,60,1.5,1.5,24,BTCUSDT
55,50.91,-0.1151,-6.554,-13.042,-1.736,27.3,10.9,61.8,4,1.0,60,1.5,2.5,6,BTCUSDT
51,50.98,-0.234,-11.799,-17.303,-2.918,35.3,15.7,49.0,4,1.0,60,1.5,2.5,12,BTCUSDT
43,51.16,-0.2989,-12.669,-19.284,-3.234,48.8,27.9,23.3,4,1.0,60,1.5,2.5,24,BTCUSDT
54,50.0,-0.1227,-6.864,-13.33,-1.763,27.8,1.9,70.4,4,1.0,60,1.5,4.0,6,BTCUSDT
48,52.08,-0.217,-10.535,-15.682,-2.432,39.6,8.3,52.1,4,1.0,60,1.5,4.0,12,BTCUSDT
37,54.05,-0.2081,-7.98,-13.897,-2.21,43.2,10.8,45.9,4,1.0,60,1.5,4.0,24,BTCUSDT
59,45.76,-0.1577,-9.238,-16.554,-2.645,10.2,25.4,64.4,4,1.0,60,2.0,1.5,6,BTCUSDT
55,43.64,-0.1952,-10.65,-16.734,-2.729,18.2,38.2,43.6,4,1.0,60,2.0,1.5,12,BTCUSDT
52,44.23,-0.0733,-4.428,-13.501,-0.842,40.4,48.1,11.5,4,1.0,60,2.0,1.5,24,BTCUSDT
55,50.91,-0.1202,-6.833,-13.659,-1.778,10.9,10.9,78.2,4,1.0,60,2.0,2.5,6,BTCUSDT
50,48.0,-0.2478,-12.292,-18.32,-2.819,26.0,18.0,56.0,4,1.0,60,2.0,2.5,12,BTCUSDT
42,47.62,-0.1738,-7.792,-15.157,-1.702,42.9,28.6,28.6,4,1.0,60,2.0,2.5,24,BTCUSDT
54,50.0,-0.1279,-7.142,-13.945,-1.805,11.1,1.9,87.0,4,1.0,60,2.0,4.0,6,BTCUSDT
46,45.65,-0.3074,-13.871,-19.124,-3.234,26.1,8.7,65.2,4,1.0,60,2.0,4.0,12,BTCUSDT
36,50.0,-0.1292,-5.203,-12.216,-1.269,36.1,11.1,52.8,4,1.0,60,2.0,4.0,24,BTCUSDT
59,44.07,-0.1653,-9.674,-17.563,-2.671,3.4,25.4,71.2,4,1.0,60,3.0,1.5,6,BTCUSDT
55,43.64,-0.1378,-7.868,-15.088,-1.762,9.1,38.2,52.7,4,1.0,60,3.0,1.5,12,BTCUSDT
50,42.0,-0.0041,-1.048,-10.854,-0.042,18.0,48.0,34.0,4,1.0,60,3.0,1.5,24,BTCUSDT
55,49.09,-0.1284,-7.281,-14.933,-1.84,3.6,10.9,85.5,4,1.0,60,3.0,2.5,6,BTCUSDT
50,48.0,-0.1729,-9.044,-16.463,-1.82,12.0,18.0,70.0,4,1.0,60,3.0,2.5,12,BTCUSDT
40,42.5,-0.1427,-6.43,-15.462,-1.263,17.5,30.0,52.5,4,1.0,60,3.0,2.5,24,BTCUSDT
54,48.15,-0.1362,-7.587,-15.214,-1.868,3.7,1.9,94.4,4,1.0,60,3.0,4.0,6,BTCUSDT
46,45.65,-0.2187,-10.383,-17.322,-2.128,13.0,8.7,78.3,4,1.0,60,3.0,4.0,12,BTCUSDT
35,45.71,-0.0058,-1.058,-11.783,-0.05,25.7,11.4,62.9,4,1.0,60,3.0,4.0,24,BTCUSDT
48,56.25,-0.0806,-4.009,-7.972,-1.609,39.6,20.8,39.6,4,1.0,65,1.0,1.5,6,BTCUSDT
48,54.17,-0.1427,-6.907,-10.481,-2.441,52.1,31.2,16.7,4,1.0,65,1.0,1.5,12,BTCUSDT
47,59.57,-0.152,-7.209,-11.891,-2.45,57.4,36.2,6.4,4,1.0,65,1.0,1.5,24,BTCUSDT
43,62.79,0.0989,4.164,-3.435,2.123,46.5,2.3,51.2,4,1.0,65,1.0,2.5,6,BTCUSDT
40,65.0,0.01,0.103,-3.69,0.158,62.5,7.5,30.0,4,1.0,65,1.0,2.5,12,BTCUSDT
36,72.22,-0.0068,-0.584,-6.268,-0.095,69.4,16.7,13.9,4,1.0,65,1.0,2.5,24,BTCUSDT
43,62.79,0.064,2.559,-4.923,1.202,46.5,2.3,51.2,4,1.0,65,1.0,4.0,6,BTCUSDT
38,63.16,-0.1014,-4.154,-6.775,-1.371,60.5,5.3,34.2,4,1.0,65,1.0,4.0,12,BTCUSDT
33,72.73,0.0171,0.21,-6.635,0.225,69.7,6.1,24.2,4,1.0,65,1.0,4.0,24,BTCUSDT
47,44.68,-0.1153,-5.536,-11.588,-2.047,25.5,21.3,53.2,4,1.0,65,1.5,1.5,6,BTCUSDT
44,45.45,-0.1211,-5.536,-11.573,-1.806,31.8,34.1,34.1,4,1.0,65,1.5,1.5,12,BTCUSDT
42,52.38,-0.0784,-3.669,-11.781,-1.034,50.0,42.9,7.1,4,1.0,65,1.5,1.5,24,BTCUSDT
42,52.38,0.0846,3.369,-5.13,1.523,31.0,2.4,66.7,4,1.0,65,1.5,2.5,6,BTCUSDT
39,56.41,0.0324,0.86,-5.966,0.429,41.0,10.3,48.7,4,1.0,65,1.5,2.5,12,BTCUSDT
33,66.67,0.069,1.835,-7.007,0.794,57.6,21.2,21.2,4,1.0,65,1.5,2.5,24,BTCUSDT
42,52.38,0.0489,1.776,-5.13,0.796,31.0,2.4,66.7,4,1.0,65,1.5,4.0,6,BTCUSDT
36,55.56,-0.0854,-3.512,-9.309,-0.986,44.4,5.6,50.0,4,1.0,65,1.5,4.0,12,BTCUSDT
30,66.67,0.0413,0.722,-8.091,0.427,56.7,10.0,33.3,4,1.0,65,1.5,4.0,24,BTCUSDT
47,44.68,-0.1234,-5.909,-12.3,-2.14,10.6,21.3,68.1,4,1.0,65,2.0,1.5,6,BTCUSDT
43,41.86,-0.1726,-7.506,-13.504,-2.504,14.0,34.9,51.2,4,1.0,65,2.0,1.5,12,BTCUSDT
41,48.78,0.0417,1.151,-9.611,0.48,43.9,43.9,12.2,4,1.0,65,2.0,1.5,24,BTCUSDT
42,52.38,0.0381,1.376,-5.407,0.692,9.5,2.4,88.1,4,1.0,65,2.0,2.5,6,BTCUSDT
38,50.0,-0.082,-3.53,-9.939,-0.994,23.7,13.2,63.2,4,1.0,65,2.0,2.5,12,BTCUSDT
32,62.5,0.1533,4.452,-7.238,1.588,46.9,21.9,31.2,4,1.0,65,2.0,2.5,24,BTCUSDT
42,52.38,0.0262,0.805,-5.94,0.421,11.9,2.4,85.7,4,1.0,65,2.0,4.0,6,BTCUSDT
34,47.06,-0.2597,-8.944,-14.993,-2.829,23.5,5.9,70.6,4,1.0,65,2.0,4.0,12,BTCUSDT
29,62.07,0.1223,2.989,-6.906,1.155,44.8,10.3,44.8,4,1.0,65,2.0,4.0,24,BTCUSDT
47,42.55,-0.1762,-8.204,-14.232,-3.12,2.1,21.3,76.6,4,1.0,65,3.0,1.5,6,BTCUSDT
43,41.86,-0.1329,-5.96,-12.655,-1.803,7.0,34.9,58.1,4,1.0,65,3.0,1.5,12,BTCUSDT
40,45.0,0.1199,4.185,-9.611,1.225,20.0,45.0,35.0,4,1.0,65,3.0,1.5,24,BTCUSDT
42,50.0,-0.0006,-0.259,-6.706,-0.01,2.4,2.4,95.2,4,1.0,65,3.0,2.5,6,BTCUSDT
38,50.0,-0.0217,-1.357,-8.306,-0.246,10.5,13.2,76.3,4,1.0,65,3.0,2.5,12,BTCUSDT
31,58.06,0.2702,7.997,-6.994,2.478,22.6,22.6,54.8,4,1.0,65,3.0,2.5,24,BTCUSDT
42,50.0,-0.0328,-1.655,-8.012,-0.535,2.4,2.4,95.2,4,1.0,65,3.0,4.0,6,BTCUSDT
34,47.06,-0.1823,-6.582,-12.464,-1.851,11.8,5.9,82.4,4,1.0,65,3.0,4.0,12,BTCUSDT
29,58.62,0.3074,8.502,-5.395,2.601,27.6,10.3,62.1,4,1.0,65,3.0,4.0,24,BTCUSDT
31,54.84,-0.1093,-3.489,-7.626,-2.049,41.9,25.8,32.3,4,1.0,70,1.0,1.5,6,BTCUSDT
30,56.67,-0.113,-3.529,-8.952,-1.878,56.7,33.3,10.0,4,1.0,70,1.0,1.5,12,BTCUSDT
29,58.62,-0.2045,-5.972,-11.258,-3.173,58.6,41.4,0.0,4,1.0,70,1.0,1.5,24,BTCUSDT
28,64.29,0.1346,3.701,-2.67,2.662,53.6,3.6,42.9,4,1.0,70,1.0,2.5,6,BTCUSDT
24,66.67,0.0158,0.176,-4.671,0.233,66.7,12.5,20.8,4,1.0,70,1.0,2.5,12,BTCUSDT
23,73.91,0.0235,0.301,-5.697,0.313,73.9,21.7,4.3,4,1.0,70,1.0,2.5,24,BTCUSDT
27,62.96,0.0811,2.057,-3.618,1.462,51.9,0.0,48.1,4,1.0,70,1.0,4.0,6,BTCUSDT
21,61.9,-0.2242,-4.873,-9.476,-2.634,61.9,9.5,28.6,4,1.0,70,1.0,4.0,12,BTCUSDT
20,70.0,-0.1076,-2.407,-9.391,-1.232,70.0,10.0,20.0,4,1.0,70,1.0,4.0,24,BTCUSDT
29,41.38,-0.1162,-3.489,-9.979,-1.99,27.6,24.1,48.3,4,1.0,70,1.5,1.5,6,BTCUSDT
28,50.0,-0.013,-0.614,-8.478,-0.185,39.3,35.7,25.0,4,1.0,70,1.5,1.5,12,BTCUSDT
27,51.85,-0.1526,-4.321,-11.878,-1.977,48.1,48.1,3.7,4,1.0,70,1.5,1.5,24,BTCUSDT
27,55.56,0.2325,6.293,-2.968,4.007,40.7,3.7,55.6,4,1.0,70,1.5,2.5,6,BTCUSDT
24,62.5,0.1716,3.912,-3.106,2.163,50.0,16.7,33.3,4,1.0,70,1.5,2.5,12,BTCUSDT
23,73.91,0.2619,5.884,-2.856,3.118,60.9,21.7,17.4,4,1.0,70,1.5,2.5,24,BTCUSDT
26,53.85,0.1615,4.092,-4.978,2.595,38.5,0.0,61.5,4,1.0,70,1.5,4.0,6,BTCUSDT
20,60.0,-0.0775,-1.896,-8.456,-0.782,55.0,10.0,35.0,4,1.0,70,1.5,4.0,12,BTCUSDT
19,68.42,-0.0607,-1.557,-9.132,-0.561,57.9,15.8,26.3,4,1.0,70,1.5,4.0,24,BTCUSDT
29,41.38,-0.0563,-1.827,-9.872,-0.888,17.2,24.1,58.6,4,1.0,70,2.0,1.5,6,BTCUSDT
28,46.43,0.0406,0.837,-7.684,0.527,25.0,35.7,39.3,4,1.0,70,2.0,1.5,12,BTCUSDT
27,51.85,0.0882,2.001,-7.599,0.98,48.1,48.1,3.7,4,1.0,70,2.0,1.5,24,BTCUSDT
27,55.56,0.2661,7.238,-3.173,4.301,22.2,3.7,74.1,4,1.0,70,2.0,2.5,6,BTCUSDT
24,58.33,0.2549,5.95,-3.355,2.938,33.3,16.7,50.0,4,1.0,70,2.0,2.5,12,BTCUSDT
22,72.73,0.5088,11.399,-2.67,5.304,59.1,22.7,18.2,4,1.0,70,2.0,2.5,24,BTCUSDT
26,53.85,0.1772,4.501,-5.644,2.728,19.2,0.0,80.8,4,1.0,70,2.0,4.0,6,BTCUSDT
20,55.0,-0.0025,-0.463,-7.512,-0.024,35.0,10.0,55.0,4,1.0,70,2.0,4.0,12,BTCUSDT
19,68.42,0.2287,3.921,-5.893,1.926,57.9,15.8,26.3,4,1.0,70,2.0,4.0,24,BTCUSDT
29,41.38,-0.0193,-0.797,-10.193,-0.287,3.4,24.1,72.4,4,1.0,70,3.0,1.5,6,BTCUSDT
28,42.86,0.0137,0.06,-7.597,0.172,7.1,35.7,57.1,4,1.0,70,3.0,1.5,12,BTCUSDT
27,48.15,0.1776,4.384,-6.797,1.755,22.2,48.1,29.6,4,1.0,70,3.0,1.5,24,BTCUSDT
27,55.56,0.2847,7.758,-3.714,4.399,3.7,3.7,92.6,4,1.0,70,3.0,2.5,6,BTCUSDT
24,54.17,0.2237,5.137,-3.355,2.491,8.3,16.7,75.0,4,1.0,70,3.0,2.5,12,BTCUSDT
22,68.18,0.6536,14.874,-2.67,6.05,22.7,22.7,54.5,4,1.0,70,3.0,2.5,24,BTCUSDT
26,53.85,0.2184,5.597,-5.644,3.164,3.8,0.0,96.2,4,1.0,70,3.0,4.0,6,BTCUSDT
20,50.0,-0.023,-0.897,-7.253,-0.21,10.0,10.0,80.0,4,1.0,70,3.0,4.0,12,BTCUSDT
19,63.16,0.3639,6.514,-4.733,2.797,26.3,15.8,57.9,4,1.0,70,3.0,4.0,24,BTCUSDT
47,57.45,-0.1605,-7.508,-9.838,-2.945,42.6,25.5,31.9,4,1.5,55,1.0,1.5,6,BTCUSDT
47,59.57,-0.1692,-7.945,-10.217,-2.793,53.2,34.0,12.8,4,1.5,55,1.0,1.5,12,BTCUSDT
46,58.7,-0.2026,-9.227,-11.285,-3.145,58.7,41.3,0.0,4,1.5,55,1.0,1.5,24,BTCUSDT
44,61.36,-0.189,-8.322,-10.631,-2.816,47.7,15.9,36.4,4,1.5,55,1.0,2.5,6,BTCUSDT
43,60.47,-0.2673,-11.241,-14.403,-3.688,55.8,16.3,27.9,4,1.5,55,1.0,2.5,12,BTCUSDT
40,65.0,-0.2246,-9.014,-12.437,-2.865,65.0,22.5,12.5,4,1.5,55,1.0,2.5,24,BTCUSDT
42,57.14,-0.295,-12.052,-14.267,-3.953,45.2,2.4,52.4,4,1.5,55,1.0,4.0,6,BTCUSDT
39,56.41,-0.4351,-16.076,-17.596,-5.137,53.8,7.7,38.5,4,1.5,55,1.0,4.0,12,BTCUSDT
36,66.67,-0.3326,-11.844,-13.619,-3.483,66.7,13.9,19.4,4,1.5,55,1.0,4.0,24,BTCUSDT
44,45.45,-0.3446,-14.298,-15.58,-6.322,13.6,27.3,59.1,4,1.5,55,1.5,1.5,6,BTCUSDT
43,44.19,-0.3634,-14.799,-16.301,-5.389,25.6,44.2,30.2,4,1.5,55,1.5,1.5,12,BTCUSDT
41,43.9,-0.3675,-14.39,-15.514,-4.806,41.5,53.7,4.9,4,1.5,55,1.5,1.5,24,BTCUSDT
41,56.1,-0.3184,-12.582,-13.89,-4.544,19.5,17.1,63.4,4,1.5,55,1.5,2.5,6,BTCUSDT
39,48.72,-0.4576,-16.769,-18.237,-5.686,28.2,20.5,51.3,4,1.5,55,1.5,2.5,12,BTCUSDT
34,47.06,-0.5832,-18.471,-19.574,-6.318,41.2,32.4,26.5,4,1.5,55,1.5,2.5,24,BTCUSDT
39,51.28,-0.3507,-13.136,-14.435,-4.834,17.9,2.6,79.5,4,1.5,55,1.5,4.0,6,BTCUSDT
35,45.71,-0.5541,-18.112,-19.556,-6.118,28.6,8.6,62.9,4,1.5,55,1.5,4.0,12,BTCUSDT
29,44.83,-0.8817,-23.132,-24.173,-8.198,31.0,17.2,51.7,4,1.5,55,1.5,4.0,24,BTCUSDT
44,45.45,-0.3844,-15.777,-16.888,-7.275,4.5,27.3,68.2,4,1.5,55,2.0,1.5,6,BTCUSDT
43,39.53,-0.4093,-16.501,-16.705,-5.758,14.0,46.5,39.5,4,1.5,55,2.0,1.5,12,BTCUSDT
41,41.46,-0.3304,-13.156,-12.399,-3.914,31.7,56.1,12.2,4,1.5,55,2.0,1.5,24,BTCUSDT
41,56.1,-0.3628,-14.153,-15.285,-5.268,7.3,17.1,75.6,4,1.5,55,2.0,2.5,6,BTCUSDT
38,42.11,-0.5431,-19.086,-19.283,-6.526,15.8,21.1,63.2,4,1.5,55,2.0,2.5,12,BTCUSDT
32,43.75,-0.624,-18.613,-19.069,-6.371,28.1,34.4,37.5,4,1.5,55,2.0,2.5,24,BTCUSDT
39,51.28,-0.4102,-15.116,-16.235,-5.836,5.1,2.6,92.3,4,1.5,55,2.0,4.0,6,BTCUSDT
34,38.24,-0.6672,-20.783,-20.975,-7.229,14.7,8.8,76.5,4,1.5,55,2.0,4.0,12,BTCUSDT
29,44.83,-0.8076,-21.486,-22.211,-7.224,24.1,17.2,58.6,4,1.5,55,2.0,4.0,24,BTCUSDT
44,43.18,-0.4425,-17.89,-18.972,-8.976,0.0,27.3,72.7,4,1.5,55,3.0,1.5,6,BTCUSDT
43,37.21,-0.5071,-19.952,-19.384,-7.179,2.3,48.8,48.8,4,1.5,55,3.0,1.5,12,BTCUSDT
39,35.9,-0.3852,-14.471,-13.976,-4.266,12.8,56.4,30.8,4,1.5,55,3.0,1.5,24,BTCUSDT
41,53.66,-0.4391,-16.774,-17.871,-6.765,0.0,17.1,82.9,4,1.5,55,3.0,2.5,6,BTCUSDT
38,39.47,-0.6851,-23.362,-22.819,-8.234,2.6,23.7,73.7,4,1.5,55,3.0,2.5,12,BTCUSDT
31,35.48,-0.8145,-22.834,-22.463,-8.175,6.5,38.7,54.8,4,1.5,55,3.0,2.5,24,BTCUSDT
39,48.72,-0.4758,-17.245,-18.336,-7.075,0.0,2.6,97.4,4,1.5,55,3.0,4.0,6,BTCUSDT
34,35.29,-0.86,-25.878,-25.353,-8.986,2.9,11.8,85.3,4,1.5,55,3.0,4.0,12,BTCUSDT
28,35.71,-1.0966,-27.065,-25.985,-9.572,7.1,21.4,71.4,4,1.5,55,3.0,4.0,24,BTCUSDT
39,61.54,-0.0973,-3.932,-7.244,-1.773,46.2,25.6,28.2,4,1.5,60,1.0,1.5,6,BTCUSDT
39,61.54,-0.1321,-5.269,-6.985,-2.201,53.8,33.3,12.8,4,1.5,60,1.0,1.5,12,BTCUSDT
38,60.53,-0.1568,-6.059,-7.571,-2.452,60.5,39.5,0.0,4,1.5,60,1.0,1.5,24,BTCUSDT
38,60.53,-0.1394,-5.446,-8.706,-2.139,50.0,13.2,36.8,4,1.5,60,1.0,2.5,6,BTCUSDT
37,56.76,-0.3283,-11.777,-13.374,-4.502,54.1,16.2,29.7,4,1.5,60,1.0,2.5,12,BTCUSDT
35,65.71,-0.1788,-6.436,-9.277,-2.308,65.7,22.9,11.4,4,1.5,60,1.0,2.5,24,BTCUSDT
36,58.33,-0.2935,-10.398,-13.487,-3.806,47.2,2.8,50.0,4,1.5,60,1.0,4.0,6,BTCUSDT
33,54.55,-0.495,-15.492,-17.022,-5.733,51.5,9.1,39.4,4,1.5,60,1.0,4.0,12,BTCUSDT
31,70.97,-0.2108,-6.798,-8.878,-2.267,67.7,12.9,19.4,4,1.5,60,1.0,4.0,24,BTCUSDT
36,47.22,-0.3448,-11.861,-13.267,-6.448,11.1,27.8,61.1,4,1.5,60,1.5,1.5,6,BTCUSDT
35,45.71,-0.3854,-12.891,-14.427,-5.772,22.9,45.7,31.4,4,1.5,60,1.5,1.5,12,BTCUSDT
34,44.12,-0.3641,-11.983,-13.912,-4.777,41.2,52.9,5.9,4,1.5,60,1.5,1.5,24,BTCUSDT
35,54.29,-0.3154,-10.727,-12.063,-4.692,17.1,14.3,68.6,4,1.5,60,1.5,2.5,6,BTCUSDT
33,45.45,-0.5808,-17.809,-19.258,-7.264,24.2,21.2,54.5,4,1.5,60,1.5,2.5,12,BTCUSDT
30,46.67,-0.5842,-16.505,-19.298,-6.408,36.7,33.3,30.0,4,1.5,60,1.5,2.5,24,BTCUSDT
33,51.52,-0.3895,-12.374,-13.779,-5.312,15.2,3.0,81.8,4,1.5,60,1.5,4.0,6,BTCUSDT
29,44.83,-0.6698,-18.078,-19.523,-7.33,24.1,10.3,65.5,4,1.5,60,1.5,4.0,12,BTCUSDT
25,52.0,-0.692,-16.391,-18.163,-6.424,32.0,16.0,52.0,4,1.5,60,1.5,4.0,24,BTCUSDT
36,47.22,-0.3432,-11.813,-13.063,-6.307,5.6,27.8,66.7,4,1.5,60,2.0,1.5,6,BTCUSDT
35,42.86,-0.376,-12.631,-12.844,-5.334,14.3,45.7,40.0,4,1.5,60,2.0,1.5,12,BTCUSDT
34,44.12,-0.2096,-7.315,-7.457,-2.43,35.3,52.9,11.8,4,1.5,60,2.0,1.5,24,BTCUSDT
35,54.29,-0.3157,-10.743,-11.92,-4.63,8.6,14.3,77.1,4,1.5,60,2.0,2.5,6,BTCUSDT
33,42.42,-0.5523,-17.066,-17.268,-6.529,18.2,21.2,60.6,4,1.5,60,2.0,2.5,12,BTCUSDT
29,44.83,-0.5101,-14.239,-15.72,-5.117,31.0,34.5,34.5,4,1.5,60,2.0,2.5,24,BTCUSDT
33,51.52,-0.405,-12.819,-14.063,-5.537,6.1,3.0,90.9,4,1.5,60,2.0,4.0,6,BTCUSDT
29,41.38,-0.6547,-17.744,-17.944,-6.892,17.2,10.3,72.4,4,1.5,60,2.0,4.0,12,BTCUSDT
25,52.0,-0.5695,-13.832,-14.837,-4.969,28.0,16.0,56.0,4,1.5,60,2.0,4.0,24,BTCUSDT
36,44.44,-0.4142,-14.024,-15.243,-8.232,0.0,27.8,72.2,4,1.5,60,3.0,1.5,6,BTCUSDT
35,42.86,-0.4188,-13.935,-13.325,-5.934,2.9,45.7,51.4,4,1.5,60,3.0,1.5,12,BTCUSDT
33,39.39,-0.2052,-7.049,-8.869,-2.182,15.2,51.5,33.3,4,1.5,60,3.0,1.5,24,BTCUSDT
35,51.43,-0.405,-13.468,-14.609,-6.368,0.0,14.3,85.7,4,1.5,60,3.0,2.5,6,BTCUSDT
33,42.42,-0.608,-18.576,-17.999,-7.268,3.0,21.2,75.8,4,1.5,60,3.0,2.5,12,BTCUSDT
28,39.29,-0.5206,-14.092,-15.109,-4.92,10.7,35.7,53.6,4,1.5,60,3.0,2.5,24,BTCUSDT
33,48.48,-0.4825,-15.006,-16.219,-6.925,0.0,3.0,97.0,4,1.5,60,3.0,4.0,6,BTCUSDT
29,41.38,-0.7063,-18.972,-18.398,-7.463,3.4,10.3,86.2,4,1.5,60,3.0,4.0,12,BTCUSDT
24,45.83,-0.5746,-13.492,-14.996,-4.701,16.7,16.7,66.7,4,1.5,60,3.0,4.0,24,BTCUSDT
31,51.61,-0.176,-5.467,-6.751,-3.301,41.9,25.8,32.3,4,1.5,65,1.0,1.5,6,BTCUSDT
31,54.84,-0.1988,-6.178,-7.939,-3.29,51.6,35.5,12.9,4,1.5,65,1.0,1.5,12,BTCUSDT
30,60.0,-0.17,-5.191,-7.513,-2.652,60.0,40.0,0.0,4,1.5,65,1.0,1.5,24,BTCUSDT
28,60.71,0.0197,0.415,-3.435,0.381,50.0,3.6,46.4,4,1.5,65,1.0,2.5,6,BTCUSDT
26,57.69,-0.1537,-4.115,-5.915,-2.355,53.8,7.7,38.5,4,1.5,65,1.0,2.5,12,BTCUSDT
24,70.83,-0.062,-1.729,-6.48,-0.818,70.8,20.8,8.3,4,1.5,65,1.0,2.5,24,BTCUSDT
27,59.26,-0.038,-1.177,-4.966,-0.676,48.1,0.0,51.9,4,1.5,65,1.0,4.0,6,BTCUSDT
24,54.17,-0.3606,-8.572,-10.288,-4.469,50.0,8.3,41.7,4,1.5,65,1.0,4.0,12,BTCUSDT
22,72.73,-0.0754,-1.943,-7.887,-0.877,72.7,9.1,18.2,4,1.5,65,1.0,4.0,24,BTCUSDT
29,41.38,-0.3179,-8.951,-10.153,-6.129,13.8,24.1,62.1,4,1.5,65,1.5,1.5,6,BTCUSDT
28,42.86,-0.3273,-8.981,-11.115,-4.883,25.0,42.9,32.1,4,1.5,65,1.5,1.5,12,BTCUSDT
27,48.15,-0.2637,-7.154,-10.706,-3.423,44.4,51.9,3.7,4,1.5,65,1.5,1.5,24,BTCUSDT
27,51.85,-0.0636,-1.843,-3.674,-1.179,22.2,3.7,74.1,4,1.5,65,1.5,2.5,6,BTCUSDT
25,48.0,-0.3397,-8.396,-10.544,-4.497,28.0,12.0,60.0,4,1.5,65,1.5,2.5,12,BTCUSDT
23,60.87,-0.1419,-3.533,-8.228,-1.608,47.8,26.1,26.1,4,1.5,65,1.5,2.5,24,BTCUSDT
26,50.0,-0.1459,-3.876,-5.669,-2.553,19.2,0.0,80.8,4,1.5,65,1.5,4.0,6,BTCUSDT
22,45.45,-0.535,-11.427,-13.504,-5.938,27.3,9.1,63.6,4,1.5,65,1.5,4.0,12,BTCUSDT
19,63.16,-0.4594,-8.787,-13.219,-4.083,42.1,15.8,42.1,4,1.5,65,1.5,4.0,24,BTCUSDT
29,41.38,-0.3158,-8.901,-9.942,-5.953,6.9,24.1,69.0,4,1.5,65,2.0,1.5,6,BTCUSDT
28,39.29,-0.3334,-9.157,-9.915,-4.743,14.3,42.9,42.9,4,1.5,65,2.0,1.5,12,BTCUSDT
27,48.15,-0.0761,-2.41,-8.076,-0.863,40.7,51.9,7.4,4,1.5,65,2.0,1.5,24,BTCUSDT
27,51.85,-0.0639,-1.861,-3.199,-1.153,11.1,3.7,85.2,4,1.5,65,2.0,2.5,6,BTCUSDT
25,44.0,-0.3221,-8.023,-8.809,-4.009,20.0,12.0,68.0,4,1.5,65,2.0,2.5,12,BTCUSDT
22,59.09,-0.0241,-0.915,-6.945,-0.246,40.9,27.3,31.8,4,1.5,65,2.0,2.5,24,BTCUSDT
26,50.0,-0.1655,-4.365,-5.669,-2.901,7.7,0.0,92.3,4,1.5,65,2.0,4.0,6,BTCUSDT
22,40.91,-0.5378,-11.503,-12.241,-5.756,18.2,9.1,72.7,4,1.5,65,2.0,4.0,12,BTCUSDT
19,63.16,-0.2982,-5.996,-9.365,-2.48,36.8,15.8,47.4,4,1.5,65,2.0,4.0,24,BTCUSDT
29,37.93,-0.404,-11.186,-12.2,-8.44,0.0,24.1,75.9,4,1.5,65,3.0,1.5,6,BTCUSDT
28,39.29,-0.3382,-9.296,-8.653,-4.65,3.6,42.9,53.6,4,1.5,65,3.0,1.5,12,BTCUSDT
27,40.74,-0.058,-2.017,-8.076,-0.592,18.5,51.9,29.6,4,1.5,65,3.0,1.5,24,BTCUSDT
27,48.15,-0.1797,-4.857,-5.944,-3.635,0.0,3.7,96.3,4,1.5,65,3.0,2.5,6,BTCUSDT
25,44.0,-0.3411,-8.469,-7.82,-4.168,4.0,12.0,84.0,4,1.5,65,3.0,2.5,12,BTCUSDT
22,50.0,-0.083,-2.236,-5.864,-0.798,13.6,27.3,59.1,4,1.5,65,3.0,2.5,24,BTCUSDT
26,46.15,-0.2639,-6.764,-7.829,-5.031,0.0,0.0,100.0,4,1.5,65,3.0,4.0,6,BTCUSDT
22,40.91,-0.5439,-11.638,-11.011,-5.681,4.5,9.1,86.4,4,1.5,65,3.0,4.0,12,BTCUSDT
19,52.63,-0.4027,-7.875,-10.069,-3.261,15.8,15.8,68.4,4,1.5,65,3.0,4.0,24,BTCUSDT
23,47.83,-0.2326,-5.335,-7.506,-4.225,39.1,30.4,30.4,4,1.5,70,1.0,1.5,6,BTCUSDT
22,45.45,-0.413,-8.848,-11.081,-6.597,45.5,45.5,9.1,4,1.5,70,1.0,1.5,12,BTCUSDT
22,50.0,-0.42,-9.002,-11.23,-6.419,50.0,50.0,0.0,4,1.5,70,1.0,1.5,24,BTCUSDT
21,61.9,0.0649,1.259,-2.67,1.214,52.4,4.8,42.9,4,1.5,70,1.0,2.5,6,BTCUSDT
18,55.56,-0.1635,-3.046,-5.421,-2.444,55.6,11.1,33.3,4,1.5,70,1.0,2.5,12,BTCUSDT
18,72.22,-0.0061,-0.299,-4.699,-0.081,72.2,22.2,5.6,4,1.5,70,1.0,2.5,24,BTCUSDT
20,60.0,-0.0108,-0.346,-3.618,-0.182,50.0,0.0,50.0,4,1.5,70,1.0,4.0,6,BTCUSDT
16,50.0,-0.4752,-7.553,-9.817,-5.389,50.0,12.5,37.5,4,1.5,70,1.0,4.0,12,BTCUSDT
16,68.75,-0.2363,-3.97,-9.391,-2.499,68.8,12.5,18.8,4,1.5,70,1.0,4.0,24,BTCUSDT
21,33.33,-0.3686,-7.563,-9.765,-6.929,14.3,28.6,57.1,4,1.5,70,1.5,1.5,6,BTCUSDT
20,35.0,-0.4717,-9.179,-11.826,-6.917,25.0,50.0,25.0,4,1.5,70,1.5,1.5,12,BTCUSDT
20,40.0,-0.5215,-10.112,-12.718,-7.001,35.0,60.0,5.0,4,1.5,70,1.5,1.5,24,BTCUSDT
20,50.0,0.0483,0.848,-2.968,0.841,30.0,5.0,65.0,4,1.5,70,1.5,2.5,6,BTCUSDT
18,50.0,-0.2037,-3.806,-6.676,-2.56,38.9,16.7,44.4,4,1.5,70,1.5,2.5,12,BTCUSDT
18,66.67,0.0802,1.225,-3.133,0.971,50.0,22.2,27.8,4,1.5,70,1.5,2.5,24,BTCUSDT
19,47.37,-0.0586,-1.241,-4.978,-0.942,26.3,0.0,73.7,4,1.5,70,1.5,4.0,6,BTCUSDT
15,46.67,-0.463,-6.988,-9.699,-4.592,40.0,13.3,46.7,4,1.5,70,1.5,4.0,12,BTCUSDT
15,66.67,-0.3681,-5.727,-9.462,-3.219,46.7,20.0,33.3,4,1.5,70,1.5,4.0,24,BTCUSDT
21,33.33,-0.3715,-7.62,-9.658,-6.947,4.8,28.6,66.7,4,1.5,70,2.0,1.5,6,BTCUSDT
20,30.0,-0.512,-9.918,-11.19,-7.308,10.0,50.0,40.0,4,1.5,70,2.0,1.5,12,BTCUSDT
20,40.0,-0.3465,-6.961,-9.377,-4.007,35.0,60.0,5.0,4,1.5,70,2.0,1.5,24,BTCUSDT
20,50.0,0.0039,-0.039,-3.173,0.069,10.0,5.0,85.0,4,1.5,70,2.0,2.5,6,BTCUSDT
18,44.44,-0.1928,-3.645,-6.676,-2.268,22.2,16.7,61.1,4,1.5,70,2.0,2.5,12,BTCUSDT
17,64.71,0.242,3.908,-3.133,2.573,47.1,23.5,29.4,4,1.5,70,2.0,2.5,24,BTCUSDT
19,47.37,-0.1316,-2.59,-5.644,-2.23,5.3,0.0,94.7,4,1.5,70,2.0,4.0,6,BTCUSDT
15,40.0,-0.4833,-7.29,-8.599,-4.631,20.0,13.3,66.7,4,1.5,70,2.0,4.0,12,BTCUSDT
15,66.67,-0.1347,-2.422,-5.376,-1.085,46.7,20.0,33.3,4,1.5,70,2.0,4.0,24,BTCUSDT
21,33.33,-0.3801,-7.785,-9.82,-7.238,0.0,28.6,71.4,4,1.5,70,3.0,1.5,6,BTCUSDT
20,30.0,-0.5613,-10.8,-10.618,-8.19,0.0,50.0,50.0,4,1.5,70,3.0,1.5,12,BTCUSDT
20,35.0,-0.3545,-7.156,-10.188,-3.773,15.0,60.0,25.0,4,1.5,70,3.0,1.5,24,BTCUSDT
20,50.0,-0.0337,-0.775,-3.714,-0.63,0.0,5.0,95.0,4,1.5,70,3.0,2.5,6,BTCUSDT
18,44.44,-0.2515,-4.655,-6.676,-2.991,0.0,16.7,83.3,4,1.5,70,3.0,2.5,12,BTCUSDT
17,58.82,0.2341,3.72,-3.133,2.295,11.8,23.5,64.7,4,1.5,70,3.0,2.5,24,BTCUSDT
19,47.37,-0.1412,-2.764,-5.644,-2.427,0.0,0.0,100.0,4,1.5,70,3.0,4.0,6,BTCUSDT
15,40.0,-0.5311,-7.955,-7.768,-5.096,0.0,13.3,86.7,4,1.5,70,3.0,4.0,12,BTCUSDT
15,60.0,-0.1718,-3.0,-4.829,-1.324,13.3,20.0,66.7,4,1.5,70,3.0,4.0,24,BTCUSDT
19,57.89,0.0004,-0.087,-2.712,0.008,52.6,21.1,26.3,4,2.5,55,1.0,1.5,6,BTCUSDT
19,63.16,0.0066,0.015,-3.975,0.118,57.9,26.3,15.8,4,2.5,55,1.0,1.5,12,BTCUSDT
18,61.11,-0.1422,-2.66,-6.543,-2.229,61.1,38.9,0.0,4,2.5,55,1.0,1.5,24,BTCUSDT
16,56.25,-0.1185,-1.994,-4.249,-1.893,50.0,12.5,37.5,4,2.5,55,1.0,2.5,6,BTCUSDT
16,62.5,-0.0802,-1.406,-2.89,-1.197,56.2,12.5,31.2,4,2.5,55,1.0,2.5,12,BTCUSDT
15,73.33,0.1027,1.425,-2.89,1.528,73.3,13.3,13.3,4,2.5,55,1.0,2.5,24,BTCUSDT
15,53.33,-0.1879,-2.892,-4.339,-2.924,46.7,0.0,53.3,4,2.5,55,1.0,4.0,6,BTCUSDT
15,60.0,-0.1538,-2.432,-4.301,-2.068,53.3,6.7,40.0,4,2.5,55,1.0,4.0,12,BTCUSDT
14,71.43,0.1254,1.63,-4.17,1.721,71.4,7.1,21.4,4,2.5,55,1.0,4.0,24,BTCUSDT
18,38.89,-0.2899,-5.206,-6.45,-4.804,22.2,33.3,44.4,4,2.5,55,1.5,1.5,6,BTCUSDT
18,50.0,-0.1738,-3.231,-4.681,-2.544,27.8,38.9,33.3,4,2.5,55,1.5,1.5,12,BTCUSDT
17,47.06,-0.2582,-4.483,-6.297,-3.295,47.1,52.9,0.0,4,2.5,55,1.5,1.5,24,BTCUSDT
15,40.0,-0.5284,-7.763,-8.973,-7.594,13.3,20.0,66.7,4,2.5,55,1.5,2.5,6,BTCUSDT
15,53.33,-0.3341,-5.052,-6.299,-4.337,20.0,20.0,60.0,4,2.5,55,1.5,2.5,12,BTCUSDT
14,64.29,0.0106,-0.04,-5.269,0.124,50.0,21.4,28.6,4,2.5,55,1.5,2.5,24,BTCUSDT
14,35.71,-0.4308,-5.966,-7.201,-6.682,14.3,0.0,85.7,4,2.5,55,1.5,4.0,6,BTCUSDT
14,57.14,-0.1403,-2.109,-4.63,-1.756,21.4,7.1,71.4,4,2.5,55,1.5,4.0,12,BTCUSDT
13,69.23,0.2972,3.763,-4.17,3.6,53.8,7.7,38.5,4,2.5,55,1.5,4.0,24,BTCUSDT
18,38.89,-0.3857,-6.816,-7.993,-6.875,5.6,33.3,61.1,4,2.5,55,2.0,1.5,6,BTCUSDT
18,38.89,-0.5054,-8.835,-8.307,-8.052,5.6,44.4,50.0,4,2.5,55,2.0,1.5,12,BTCUSDT
16,31.25,-0.5762,-9.024,-7.838,-6.786,31.2,68.8,0.0,4,2.5,55,2.0,1.5,24,BTCUSDT
15,40.0,-0.6261,-9.096,-10.128,-9.748,0.0,20.0,80.0,4,2.5,55,2.0,2.5,6,BTCUSDT
15,40.0,-0.7257,-10.454,-9.819,-11.232,0.0,20.0,80.0,4,2.5,55,2.0,2.5,12,BTCUSDT
13,53.85,-0.2063,-2.885,-7.657,-2.042,38.5,30.8,30.8,4,2.5,55,2.0,2.5,24,BTCUSDT
14,35.71,-0.5356,-7.326,-8.377,-9.124,0.0,0.0,100.0,4,2.5,55,2.0,4.0,6,BTCUSDT
14,42.86,-0.5598,-7.677,-7.023,-7.987,0.0,7.1,92.9,4,2.5,55,2.0,4.0,12,BTCUSDT
12,50.0,-0.7004,-8.394,-11.531,-5.731,33.3,16.7,50.0,4,2.5,55,2.0,4.0,24,BTCUSDT
18,38.89,-0.4173,-7.337,-8.388,-7.872,0.0,33.3,66.7,4,2.5,55,3.0,1.5,6,BTCUSDT
18,38.89,-0.5242,-9.139,-8.495,-8.601,0.0,44.4,55.6,4,2.5,55,3.0,1.5,12,BTCUSDT
16,31.25,-0.3695,-6.034,-6.744,-3.633,18.8,68.8,12.5,4,2.5,55,3.0,1.5,24,BTCUSDT
15,40.0,-0.6261,-9.096,-10.128,-9.748,0.0,20.0,80.0,4,2.5,55,3.0,2.5,6,BTCUSDT
15,40.0,-0.7257,-10.454,-9.819,-11.232,0.0,20.0,80.0,4,2.5,55,3.0,2.5,12,BTCUSDT
13,53.85,0.0246,0.008,-6.75,0.215,15.4,30.8,53.8,4,2.5,55,3.0,2.5,24,BTCUSDT
14,35.71,-0.5356,-7.326,-8.377,-9.124,0.0,0.0,100.0,4,2.5,55,3.0,4.0,6,BTCUSDT
14,42.86,-0.5598,-7.677,-7.023,-7.987,0.0,7.1,92.9,4,2.5,55,3.0,4.0,12,BTCUSDT
12,50.0,-0.4854,-6.053,-11.531,-3.588,16.7,16.7,66.7,4,2.5,55,3.0,4.0,24,BTCUSDT
17,52.94,-0.0972,-1.725,-2.712,-1.831,47.1,23.5,29.4,4,2.5,60,1.0,1.5,6,BTCUSDT
17,58.82,-0.0902,-1.625,-3.975,-1.569,52.9,29.4,17.6,4,2.5,60,1.0,1.5,12,BTCUSDT
16,56.25,-0.2637,-4.256,-6.543,-4.063,56.2,43.8,0.0,4,2.5,60,1.0,1.5,24,BTCUSDT
14,50.0,-0.254,-3.6,-5.037,-3.977,42.9,14.3,42.9,4,2.5,60,1.0,2.5,6,BTCUSDT
14,57.14,-0.2102,-3.023,-3.821,-3.047,50.0,14.3,35.7,4,2.5,60,1.0,2.5,12,BTCUSDT
13,69.23,-0.0091,-0.238,-3.69,-0.13,69.2,15.4,15.4,4,2.5,60,1.0,2.5,24,BTCUSDT
13,46.15,-0.3444,-4.484,-5.271,-5.278,38.5,0.0,61.5,4,2.5,60,1.0,4.0,6,BTCUSDT
13,53.85,-0.3051,-4.032,-5.088,-3.97,46.2,7.7,46.2,4,2.5,60,1.0,4.0,12,BTCUSDT
12,66.67,0.008,-0.036,-4.177,0.104,66.7,8.3,25.0,4,2.5,60,1.0,4.0,24,BTCUSDT
16,31.25,-0.4474,-7.017,-8.237,-7.628,18.8,37.5,43.8,4,2.5,60,1.5,1.5,6,BTCUSDT
16,43.75,-0.3618,-5.755,-6.992,-5.467,18.8,43.8,37.5,4,2.5,60,1.5,1.5,12,BTCUSDT
15,40.0,-0.47,-6.974,-8.195,-6.11,40.0,60.0,0.0,4,2.5,60,1.5,1.5,24,BTCUSDT
13,30.77,-0.7589,-9.525,-10.713,-11.391,7.7,23.1,69.2,4,2.5,60,1.5,2.5,6,BTCUSDT
13,46.15,-0.5901,-7.528,-8.742,-7.958,7.7,23.1,69.2,4,2.5,60,1.5,2.5,12,BTCUSDT
12,58.33,-0.2093,-2.647,-5.65,-2.397,41.7,25.0,33.3,4,2.5,60,1.5,2.5,24,BTCUSDT
12,25.0,-0.6643,-7.763,-8.974,-10.854,8.3,0.0,91.7,4,2.5,60,1.5,4.0,6,BTCUSDT
12,50.0,-0.3853,-4.661,-5.913,-4.856,8.3,8.3,83.3,4,2.5,60,1.5,4.0,12,BTCUSDT
11,63.64,0.1094,1.057,-4.495,1.27,45.5,9.1,45.5,4,2.5,60,1.5,4.0,24,BTCUSDT
16,31.25,-0.4748,-7.423,-8.592,-8.244,6.2,37.5,56.2,4,2.5,60,2.0,1.5,6,BTCUSDT
16,37.5,-0.4645,-7.292,-6.755,-7.21,6.2,43.8,50.0,4,2.5,60,2.0,1.5,12,BTCUSDT
15,33.33,-0.5033,-7.479,-6.272,-5.828,33.3,66.7,0.0,4,2.5,60,2.0,1.5,24,BTCUSDT
13,30.77,-0.7729,-9.688,-10.713,-11.808,0.0,23.1,76.9,4,2.5,60,2.0,2.5,6,BTCUSDT
13,38.46,-0.7466,-9.385,-8.742,-10.939,0.0,23.1,76.9,4,2.5,60,2.0,2.5,12,BTCUSDT
12,58.33,-0.001,-0.221,-5.269,-0.01,41.7,25.0,33.3,4,2.5,60,2.0,2.5,24,BTCUSDT
12,25.0,-0.6794,-7.929,-8.974,-11.345,0.0,0.0,100.0,4,2.5,60,2.0,4.0,6,BTCUSDT
12,41.67,-0.5548,-6.575,-5.913,-7.434,0.0,8.3,91.7,4,2.5,60,2.0,4.0,12,BTCUSDT
11,63.64,-0.031,-0.62,-4.17,-0.265,45.5,18.2,36.4,4,2.5,60,2.0,4.0,24,BTCUSDT
16,31.25,-0.5104,-7.94,-8.985,-9.445,0.0,37.5,62.5,4,2.5,60,3.0,1.5,6,BTCUSDT
16,37.5,-0.4857,-7.601,-6.946,-7.775,0.0,43.8,56.2,4,2.5,60,3.0,1.5,12,BTCUSDT
15,33.33,-0.2828,-4.438,-5.16,-2.734,20.0,66.7,13.3,4,2.5,60,3.0,1.5,24,BTCUSDT
13,30.77,-0.7729,-9.688,-10.713,-11.808,0.0,23.1,76.9,4,2.5,60,3.0,2.5,6,BTCUSDT
13,38.46,-0.7466,-9.385,-8.742,-10.939,0.0,23.1,76.9,4,2.5,60,3.0,2.5,12,BTCUSDT
12,58.33,0.2492,2.752,-5.269,2.234,16.7,25.0,58.3,4,2.5,60,3.0,2.5,24,BTCUSDT
12,25.0,-0.6794,-7.929,-8.974,-11.345,0.0,0.0,100.0,4,2.5,60,3.0,4.0,6,BTCUSDT
12,41.67,-0.5548,-6.575,-5.913,-7.434,0.0,8.3,91.7,4,2.5,60,3.0,4.0,12,BTCUSDT
11,63.64,0.2944,2.92,-4.17,2.22,27.3,18.2,54.5,4,2.5,60,3.0,4.0,24,BTCUSDT
15,46.67,-0.2208,-3.337,-4.132,-4.147,40.0,26.7,33.3,4,2.5,65,1.0,1.5,6,BTCUSDT
15,53.33,-0.2129,-3.238,-4.034,-3.652,46.7,33.3,20.0,4,2.5,65,1.0,1.5,12,BTCUSDT
14,50.0,-0.42,-5.826,-6.601,-6.419,50.0,50.0,0.0,4,2.5,65,1.0,1.5,24,BTCUSDT
12,41.67,-0.2979,-3.582,-4.375,-5.419,33.3,8.3,58.3,4,2.5,65,1.0,2.5,6,BTCUSDT
11,45.45,-0.4939,-5.398,-6.177,-6.966,36.4,18.2,45.5,4,2.5,65,1.0,2.5,12,BTCUSDT
10,60.0,-0.2609,-2.681,-5.276,-3.457,60.0,20.0,20.0,4,2.5,65,1.0,2.5,24,BTCUSDT
12,41.67,-0.2759,-3.32,-4.116,-5.26,33.3,0.0,66.7,4,2.5,65,1.0,4.0,6,BTCUSDT
10,40.0,-0.6457,-6.382,-7.153,-8.133,30.0,10.0,60.0,4,2.5,65,1.0,4.0,12,BTCUSDT
9,55.56,-0.266,-2.485,-5.748,-3.159,55.6,11.1,33.3,4,2.5,65,1.0,4.0,24,BTCUSDT
14,35.71,-0.2727,-3.832,-5.094,-4.774,21.4,28.6,50.0,4,2.5,65,1.5,1.5,6,BTCUSDT
14,50.0,-0.1749,-2.527,-4.335,-2.686,21.4,35.7,42.9,4,2.5,65,1.5,1.5,12,BTCUSDT
13,46.15,-0.2854,-3.788,-5.956,-3.646,46.2,53.8,0.0,4,2.5,65,1.5,1.5,24,BTCUSDT
11,27.27,-0.4619,-5.02,-6.266,-8.723,9.1,9.1,81.8,4,2.5,65,1.5,2.5,6,BTCUSDT
11,45.45,-0.4935,-5.395,-6.637,-6.884,9.1,18.2,72.7,4,2.5,65,1.5,2.5,12,BTCUSDT
10,60.0,-0.1171,-1.289,-4.334,-1.419,40.0,20.0,40.0,4,2.5,65,1.5,2.5,24,BTCUSDT
11,27.27,-0.438,-4.762,-6.012,-8.707,9.1,0.0,90.9,4,2.5,65,1.5,4.0,6,BTCUSDT
10,40.0,-0.6105,-6.057,-7.29,-7.477,10.0,10.0,80.0,4,2.5,65,1.5,4.0,12,BTCUSDT
9,55.56,-0.1618,-1.578,-5.748,-1.813,33.3,11.1,55.6,4,2.5,65,1.5,4.0,24,BTCUSDT
14,35.71,-0.3041,-4.252,-5.461,-5.416,7.1,28.6,64.3,4,2.5,65,2.0,1.5,6,BTCUSDT
14,42.86,-0.2923,-4.116,-4.438,-4.569,7.1,35.7,57.1,4,2.5,65,2.0,1.5,12,BTCUSDT
13,38.46,-0.3238,-4.31,-4.927,-3.634,38.5,61.5,0.0,4,2.5,65,2.0,1.5,24,BTCUSDT
11,27.27,-0.4785,-5.191,-6.266,-9.296,0.0,9.1,90.9,4,2.5,65,2.0,2.5,6,BTCUSDT
11,36.36,-0.6784,-7.294,-6.637,-10.433,0.0,18.2,81.8,4,2.5,65,2.0,2.5,12,BTCUSDT
10,60.0,0.0829,0.673,-2.67,0.895,40.0,20.0,40.0,4,2.5,65,2.0,2.5,24,BTCUSDT
11,27.27,-0.4545,-4.933,-6.012,-9.322,0.0,0.0,100.0,4,2.5,65,2.0,4.0,6,BTCUSDT
10,30.0,-0.8139,-7.943,-7.29,-10.95,0.0,10.0,90.0,4,2.5,65,2.0,4.0,12,BTCUSDT
9,55.56,-0.4446,-4.16,-5.748,-3.727,33.3,22.2,44.4,4,2.5,65,2.0,4.0,24,BTCUSDT
14,35.71,-0.3447,-4.787,-5.867,-6.591,0.0,28.6,71.4,4,2.5,65,3.0,1.5,6,BTCUSDT
14,42.86,-0.3165,-4.436,-4.438,-5.113,0.0,35.7,64.3,4,2.5,65,3.0,1.5,12,BTCUSDT
13,38.46,-0.0694,-1.165,-4.927,-0.649,23.1,61.5,15.4,4,2.5,65,3.0,1.5,24,BTCUSDT
11,27.27,-0.4785,-5.191,-6.266,-9.296,0.0,9.1,90.9,4,2.5,65,3.0,2.5,6,BTCUSDT
11,36.36,-0.6784,-7.294,-6.637,-10.433,0.0,18.2,81.8,4,2.5,65,3.0,2.5,12,BTCUSDT
10,60.0,0.3352,3.188,-2.67,3.138,20.0,20.0,60.0,4,2.5,65,3.0,2.5,24,BTCUSDT
11,27.27,-0.4545,-4.933,-6.012,-9.322,0.0,0.0,100.0,4,2.5,65,3.0,4.0,6,BTCUSDT
10,30.0,-0.8139,-7.943,-7.29,-10.95,0.0,10.0,90.0,4,2.5,65,3.0,4.0,12,BTCUSDT
9,55.56,-0.2111,-2.171,-5.748,-1.591,22.2,22.2,55.6,4,2.5,65,3.0,4.0,24,BTCUSDT
13,69.23,0.0852,1.045,-1.868,1.61,53.8,23.1,23.1,4,2.5,70,1.0,1.5,6,BTCUSDT
12,66.67,0.0272,0.258,-2.333,0.487,58.3,25.0,16.7,4,2.5,70,1.0,1.5,12,BTCUSDT
12,58.33,-0.2117,-2.6,-4.927,-3.281,58.3,41.7,0.0,4,2.5,70,1.0,1.5,24,BTCUSDT
11,72.73,0.1407,1.495,-2.872,2.54,54.5,9.1,36.4,4,2.5,70,1.0,2.5,6,BTCUSDT
9,66.67,-0.123,-1.19,-4.482,-1.679,55.6,22.2,22.2,4,2.5,70,1.0,2.5,12,BTCUSDT
9,77.78,0.0522,0.374,-4.482,0.686,77.8,22.2,0.0,4,2.5,70,1.0,2.5,24,BTCUSDT
11,72.73,0.1646,1.77,-2.608,3.161,54.5,0.0,45.5,4,2.5,70,1.0,4.0,6,BTCUSDT
8,62.5,-0.2663,-2.218,-4.692,-3.104,50.0,12.5,37.5,4,2.5,70,1.0,4.0,12,BTCUSDT
8,75.0,0.0856,0.577,-4.17,0.998,75.0,12.5,12.5,4,2.5,70,1.0,4.0,24,BTCUSDT
12,50.0,-0.0347,-0.486,-2.81,-0.61,25.0,25.0,50.0,4,2.5,70,1.5,1.5,6,BTCUSDT
11,63.64,0.135,1.407,-2.333,2.062,36.4,27.3,36.4,4,2.5,70,1.5,1.5,12,BTCUSDT
11,54.55,-0.0336,-0.492,-4.927,-0.43,54.5,45.5,0.0,4,2.5,70,1.5,1.5,24,BTCUSDT
10,50.0,-0.0476,-0.536,-3.901,-0.822,20.0,10.0,70.0,4,2.5,70,1.5,2.5,6,BTCUSDT
9,66.67,-0.0211,-0.292,-4.009,-0.269,33.3,22.2,44.4,4,2.5,70,1.5,2.5,12,BTCUSDT
9,77.78,0.2675,2.314,-4.009,3.191,55.6,22.2,22.2,4,2.5,70,1.5,2.5,24,BTCUSDT
10,50.0,-0.0212,-0.267,-3.64,-0.388,20.0,0.0,80.0,4,2.5,70,1.5,4.0,6,BTCUSDT
8,62.5,-0.1084,-0.99,-4.219,-1.175,37.5,12.5,50.0,4,2.5,70,1.5,4.0,12,BTCUSDT
8,75.0,0.2653,2.015,-4.17,2.894,50.0,12.5,37.5,4,2.5,70,1.5,4.0,24,BTCUSDT
12,50.0,-0.0397,-0.547,-2.82,-0.691,8.3,25.0,66.7,4,2.5,70,2.0,1.5,6,BTCUSDT
11,54.55,0.0164,0.088,-2.333,0.241,9.1,27.3,63.6,4,2.5,70,2.0,1.5,12,BTCUSDT
11,45.45,-0.0791,-1.032,-4.927,-0.867,45.5,54.5,0.0,4,2.5,70,2.0,1.5,24,BTCUSDT
10,50.0,-0.1036,-1.086,-3.901,-1.902,0.0,10.0,90.0,4,2.5,70,2.0,2.5,6,BTCUSDT
9,55.56,-0.2216,-2.072,-3.649,-2.894,0.0,22.2,77.8,4,2.5,70,2.0,2.5,12,BTCUSDT
9,77.78,0.5453,4.864,-2.67,5.809,55.6,22.2,22.2,4,2.5,70,2.0,2.5,24,BTCUSDT
10,50.0,-0.0772,-0.817,-3.64,-1.51,0.0,0.0,100.0,4,2.5,70,2.0,4.0,6,BTCUSDT
8,50.0,-0.334,-2.758,-4.17,-3.717,0.0,12.5,87.5,4,2.5,70,2.0,4.0,12,BTCUSDT
8,75.0,0.0097,-0.171,-4.17,0.075,50.0,25.0,25.0,4,2.5,70,2.0,4.0,24,BTCUSDT
12,50.0,-0.0871,-1.103,-3.238,-1.624,0.0,25.0,75.0,4,2.5,70,3.0,1.5,6,BTCUSDT
11,54.55,-0.0145,-0.246,-2.333,-0.22,0.0,27.3,72.7,4,2.5,70,3.0,1.5,12,BTCUSDT
11,45.45,0.1966,1.945,-4.927,1.814,27.3,54.5,18.2,4,2.5,70,3.0,1.5,24,BTCUSDT
10,50.0,-0.1036,-1.086,-3.901,-1.902,0.0,10.0,90.0,4,2.5,70,3.0,2.5,6,BTCUSDT
9,55.56,-0.2216,-2.072,-3.649,-2.894,0.0,22.2,77.8,4,2.5,70,3.0,2.5,12,BTCUSDT
9,77.78,0.818,7.411,-2.67,7.731,22.2,22.2,55.6,4,2.5,70,3.0,2.5,24,BTCUSDT
10,50.0,-0.0772,-0.817,-3.64,-1.51,0.0,0.0,100.0,4,2.5,70,3.0,4.0,6,BTCUSDT
8,50.0,-0.334,-2.758,-4.17,-3.717,0.0,12.5,87.5,4,2.5,70,3.0,4.0,12,BTCUSDT
8,75.0,0.2638,1.833,-4.17,1.877,25.0,25.0,50.0,4,2.5,70,3.0,4.0,24,BTCUSDT
91,53.85,-0.1218,-10.904,-15.484,-2.326,41.8,23.1,35.2,6,1.0,55,1.0,1.5,6,BTCUSDT
89,58.43,-0.1362,-11.918,-16.013,-2.329,51.7,30.3,18.0,6,1.0,55,1.0,1.5,12,BTCUSDT
86,58.14,-0.1766,-14.636,-19.108,-2.808,57.0,38.4,4.7,6,1.0,55,1.0,1.5,24,BTCUSDT
83,56.63,-0.1687,-13.579,-18.021,-2.746,39.8,12.0,48.2,6,1.0,55,1.0,2.5,6,BTCUSDT
75,62.67,-0.2185,-15.735,-19.653,-3.051,54.7,16.0,29.3,6,1.0,55,1.0,2.5,12,BTCUSDT
67,65.67,-0.2178,-14.242,-19.729,-2.784,62.7,22.4,14.9,6,1.0,55,1.0,2.5,24,BTCUSDT
81,55.56,-0.2027,-15.724,-20.056,-3.035,39.5,3.7,56.8,6,1.0,55,1.0,4.0,6,BTCUSDT
69,62.32,-0.2453,-16.276,-20.169,-3.074,55.1,7.2,37.7,6,1.0,55,1.0,4.0,12,BTCUSDT
59,69.49,-0.2522,-14.658,-20.119,-2.712,66.1,11.9,22.0,6,1.0,55,1.0,4.0,24,BTCUSDT
85,43.53,-0.1863,-15.117,-19.683,-3.163,23.5,27.1,49.4,6,1.0,55,1.5,1.5,6,BTCUSDT
82,51.22,-0.1226,-10.208,-16.847,-1.784,36.6,35.4,28.0,6,1.0,55,1.5,1.5,12,BTCUSDT
75,49.33,-0.1611,-12.093,-19.684,-2.114,46.7,46.7,6.7,6,1.0,55,1.5,1.5,24,BTCUSDT
79,48.1,-0.2065,-15.646,-20.084,-3.019,24.1,13.9,62.0,6,1.0,55,1.5,2.5,6,BTCUSDT
71,57.75,-0.1687,-12.07,-17.079,-2.065,39.4,18.3,42.3,6,1.0,55,1.5,2.5,12,BTCUSDT
60,56.67,-0.2344,-13.966,-20.427,-2.509,51.7,28.3,20.0,6,1.0,55,1.5,2.5,24,BTCUSDT
78,47.44,-0.2364,-17.483,-21.825,-3.261,23.1,3.8,73.1,6,1.0,55,1.5,4.0,6,BTCUSDT
65,56.92,-0.1745,-11.586,-17.947,-1.95,41.5,7.7,50.8,6,1.0,55,1.5,4.0,12,BTCUSDT
50,56.0,-0.3801,-18.215,-24.728,-3.546,46.0,14.0,40.0,6,1.0,55,1.5,4.0,24,BTCUSDT
85,43.53,-0.1852,-15.067,-21.534,-3.051,11.8,27.1,61.2,6,1.0,55,2.0,1.5,6,BTCUSDT
79,49.37,-0.0808,-6.944,-17.122,-1.074,22.8,36.7,40.5,6,1.0,55,2.0,1.5,12,BTCUSDT
70,45.71,-0.063,-5.231,-17.764,-0.725,40.0,48.6,11.4,6,1.0,55,2.0,1.5,24,BTCUSDT
78,47.44,-0.221,-16.404,-21.522,-3.256,10.3,14.1,75.6,6,1.0,55,2.0,2.5,6,BTCUSDT
69,55.07,-0.1473,-10.528,-18.293,-1.7,24.6,17.4,58.0,6,1.0,55,2.0,2.5,12,BTCUSDT
55,50.91,-0.1696,-9.852,-19.693,-1.673,40.0,29.1,30.9,6,1.0,55,2.0,2.5,24,BTCUSDT
77,46.75,-0.2259,-16.622,-21.727,-3.082,11.7,3.9,84.4,6,1.0,55,2.0,4.0,6,BTCUSDT
64,56.25,-0.1065,-7.573,-16.447,-1.126,26.6,7.8,65.6,6,1.0,55,2.0,4.0,12,BTCUSDT
48,54.17,-0.2662,-13.014,-22.128,-2.343,37.5,12.5,50.0,6,1.0,55,2.0,4.0,24,BTCUSDT
85,42.35,-0.2103,-16.874,-23.648,-3.429,2.4,27.1,70.6,6,1.0,55,3.0,1.5,6,BTCUSDT
78,48.72,-0.0857,-7.298,-18.958,-1.082,9.0,37.2,53.8,6,1.0,55,3.0,1.5,12,BTCUSDT
68,38.24,-0.09,-7.037,-21.036,-0.924,20.6,51.5,27.9,6,1.0,55,3.0,1.5,24,BTCUSDT
78,47.44,-0.204,-15.321,-21.287,-2.912,2.6,14.1,83.3,6,1.0,55,3.0,2.5,6,BTCUSDT
68,54.41,-0.1271,-9.25,-19.091,-1.377,11.8,17.6,70.6,6,1.0,55,3.0,2.5,12,BTCUSDT
53,45.28,-0.1367,-8.101,-21.484,-1.229,20.8,30.2,49.1,6,1.0,55,3.0,2.5,24,BTCUSDT
77,46.75,-0.2161,-16.014,-21.93,-2.886,2.6,3.9,93.5,6,1.0,55,3.0,4.0,6,BTCUSDT
63,55.56,-0.077,-5.844,-16.902,-0.765,12.7,7.9,79.4,6,1.0,55,3.0,4.0,12,BTCUSDT
48,50.0,-0.1545,-8.453,-22.155,-1.224,22.9,14.6,62.5,6,1.0,55,3.0,4.0,24,BTCUSDT
69,53.62,-0.1137,-7.861,-12.389,-2.197,40.6,23.2,36.2,6,1.0,60,1.0,1.5,6,BTCUSDT
67,58.21,-0.1136,-7.71,-12.166,-1.981,50.7,29.9,19.4,6,1.0,60,1.0,1.5,12,BTCUSDT
64,57.81,-0.18,-11.309,-15.255,-2.849,57.8,39.1,3.1,6,1.0,60,1.0,1.5,24,BTCUSDT
62,53.23,-0.182,-11.051,-15.264,-3.03,37.1,11.3,51.6,6,1.0,60,1.0,2.5,6,BTCUSDT
57,59.65,-0.2451,-13.523,-17.224,-3.424,52.6,15.8,31.6,6,1.0,60,1.0,2.5,12,BTCUSDT
51,64.71,-0.2343,-11.793,-17.105,-2.981,62.7,23.5,13.7,6,1.0,60,1.0,2.5,24,BTCUSDT
62,54.84,-0.1816,-11.106,-15.316,-2.755,40.3,3.2,56.5,6,1.0,60,1.0,4.0,6,BTCUSDT
53,60.38,-0.2484,-12.89,-16.619,-3.132,52.8,7.5,39.6,6,1.0,60,1.0,4.0,12,BTCUSDT
45,68.89,-0.1868,-8.651,-13.805,-2.145,64.4,8.9,26.7,6,1.0,60,1.0,4.0,24,BTCUSDT
65,46.15,-0.1605,-10.262,-16.336,-2.821,20.0,26.2,53.8,6,1.0,60,1.5,1.5,6,BTCUSDT
61,50.82,-0.1513,-9.259,-17.395,-2.314,29.5,34.4,36.1,6,1.0,60,1.5,1.5,12,BTCUSDT
56,48.21,-0.1725,-9.768,-17.123,-2.237,48.2,48.2,3.6,6,1.0,60,1.5,1.5,24,BTCUSDT
61,50.82,-0.137,-8.453,-13.873,-2.117,21.3,11.5,67.2,6,1.0,60,1.5,2.5,6,BTCUSDT
53,52.83,-0.2419,-12.565,-20.135,-3.116,32.1,15.1,52.8,6,1.0,60,1.5,2.5,12,BTCUSDT
46,56.52,-0.1792,-8.593,-17.971,-1.928,52.2,28.3,19.6,6,1.0,60,1.5,2.5,24,BTCUSDT
60,50.0,-0.1674,-10.055,-15.381,-2.383,21.7,3.3,75.0,6,1.0,60,1.5,4.0,6,BTCUSDT
49,53.06,-0.2546,-12.341,-19.514,-2.944,32.7,8.2,59.2,6,1.0,60,1.5,4.0,12,BTCUSDT
40,60.0,-0.1486,-6.49,-14.968,-1.468,50.0,10.0,40.0,6,1.0,60,1.5,4.0,24,BTCUSDT
65,47.69,-0.1063,-7.088,-14.432,-1.745,12.3,26.2,61.5,6,1.0,60,2.0,1.5,6,BTCUSDT
59,47.46,-0.1244,-7.59,-17.208,-1.74,20.3,35.6,44.1,6,1.0,60,2.0,1.5,12,BTCUSDT
54,46.3,0.0032,-0.576,-13.501,0.036,42.6,46.3,11.1,6,1.0,60,2.0,1.5,24,BTCUSDT
61,50.82,-0.1253,-7.824,-13.914,-1.886,9.8,11.5,78.7,6,1.0,60,2.0,2.5,6,BTCUSDT
53,50.94,-0.1564,-8.6,-17.917,-1.851,26.4,15.1,58.5,6,1.0,60,2.0,2.5,12,BTCUSDT
44,52.27,-0.0683,-3.795,-14.933,-0.661,45.5,29.5,25.0,6,1.0,60,2.0,2.5,24,BTCUSDT
60,50.0,-0.1389,-8.538,-14.571,-1.907,11.7,3.3,85.0,6,1.0,60,2.0,4.0,6,BTCUSDT
48,50.0,-0.214,-10.455,-18.914,-2.317,25.0,8.3,66.7,6,1.0,60,2.0,4.0,12,BTCUSDT
38,57.89,-0.0551,-2.906,-11.743,-0.499,42.1,10.5,47.4,6,1.0,60,2.0,4.0,24,BTCUSDT
65,46.15,-0.1263,-8.316,-16.779,-2.013,3.1,26.2,70.8,6,1.0,60,3.0,1.5,6,BTCUSDT
59,47.46,-0.1403,-8.486,-16.963,-1.899,6.8,35.6,57.6,6,1.0,60,3.0,1.5,12,BTCUSDT
53,39.62,-0.0036,-1.07,-13.82,-0.038,18.9,47.2,34.0,6,1.0,60,3.0,1.5,24,BTCUSDT
61,50.82,-0.09,-5.861,-13.528,-1.284,3.3,11.5,85.2,6,1.0,60,3.0,2.5,6,BTCUSDT
53,50.94,-0.1754,-9.551,-18.116,-2.019,9.4,15.1,75.5,6,1.0,60,3.0,2.5,12,BTCUSDT
43,44.19,-0.1062,-5.38,-18.398,-0.959,18.6,30.2,51.2,6,1.0,60,3.0,2.5,24,BTCUSDT
60,50.0,-0.1124,-7.113,-14.678,-1.486,3.3,3.3,93.3,6,1.0,60,3.0,4.0,6,BTCUSDT
48,50.0,-0.2067,-10.189,-18.627,-2.151,10.4,8.3,81.2,6,1.0,60,3.0,4.0,12,BTCUSDT
37,48.65,-0.0287,-1.989,-13.974,-0.244,24.3,10.8,64.9,6,1.0,60,3.0,4.0,24,BTCUSDT
50,52.0,-0.0973,-4.981,-7.58,-1.888,42.0,22.0,36.0,6,1.0,65,1.0,1.5,6,BTCUSDT
48,54.17,-0.1709,-8.166,-12.058,-2.877,52.1,33.3,14.6,6,1.0,65,1.0,1.5,12,BTCUSDT
47,57.45,-0.1984,-9.216,-13.443,-3.178,55.3,38.3,6.4,6,1.0,65,1.0,1.5,24,BTCUSDT
46,54.35,-0.0773,-3.746,-7.846,-1.39,41.3,8.7,50.0,6,1.0,65,1.0,2.5,6,BTCUSDT
42,59.52,-0.1379,-5.955,-9.071,-2.067,52.4,11.9,35.7,6,1.0,65,1.0,2.5,12,BTCUSDT
37,70.27,-0.0976,-3.903,-8.707,-1.333,62.2,18.9,18.9,6,1.0,65,1.0,2.5,24,BTCUSDT
46,52.17,-0.0862,-4.165,-7.508,-1.483,43.5,2.2,54.3,6,1.0,65,1.0,4.0,6,BTCUSDT
40,62.5,-0.1511,-6.271,-9.377,-1.99,57.5,5.0,37.5,6,1.0,65,1.0,4.0,12,BTCUSDT
36,72.22,-0.0798,-3.31,-8.018,-0.933,69.4,8.3,22.2,6,1.0,65,1.0,4.0,24,BTCUSDT
49,40.82,-0.141,-6.95,-10.329,-2.475,24.5,22.4,53.1,6,1.0,65,1.5,1.5,6,BTCUSDT
45,46.67,-0.1264,-5.888,-12.943,-1.863,33.3,35.6,31.1,6,1.0,65,1.5,1.5,12,BTCUSDT
42,50.0,-0.1422,-6.217,-14.193,-1.876,47.6,45.2,7.1,6,1.0,65,1.5,1.5,24,BTCUSDT
44,43.18,-0.0844,-3.934,-7.305,-1.386,27.3,6.8,65.9,6,1.0,65,1.5,2.5,6,BTCUSDT
40,52.5,-0.1271,-5.36,-11.759,-1.675,35.0,12.5,52.5,6,1.0,65,1.5,2.5,12,BTCUSDT
35,65.71,0.0102,-0.138,-8.508,0.116,54.3,22.9,22.9,6,1.0,65,1.5,2.5,24,BTCUSDT
43,41.86,-0.106,-4.764,-7.733,-1.661,27.9,2.3,69.8,6,1.0,65,1.5,4.0,6,BTCUSDT
37,51.35,-0.2098,-7.937,-14.146,-2.455,37.8,5.4,56.8,6,1.0,65,1.5,4.0,12,BTCUSDT
32,65.62,0.0076,-0.337,-8.566,0.077,56.2,9.4,34.4,6,1.0,65,1.5,4.0,24,BTCUSDT
48,39.58,-0.1283,-6.278,-10.404,-2.115,14.6,22.9,62.5,6,1.0,65,2.0,1.5,6,BTCUSDT
44,43.18,-0.1473,-6.663,-14.447,-2.06,18.2,36.4,45.5,6,1.0,65,2.0,1.5,12,BTCUSDT
41,46.34,-0.0358,-2.008,-10.329,-0.414,41.5,46.3,12.2,6,1.0,65,2.0,1.5,24,BTCUSDT
43,41.86,-0.1171,-5.198,-9.04,-1.892,11.6,7.0,81.4,6,1.0,65,2.0,2.5,6,BTCUSDT
40,50.0,-0.0834,-3.75,-11.472,-1.025,25.0,12.5,62.5,6,1.0,65,2.0,2.5,12,BTCUSDT
33,60.61,0.035,0.587,-8.062,0.361,42.4,24.2,33.3,6,1.0,65,2.0,2.5,24,BTCUSDT
42,40.48,-0.1161,-5.085,-8.941,-1.753,14.3,2.4,83.3,6,1.0,65,2.0,4.0,6,BTCUSDT
36,47.22,-0.2474,-9.011,-16.037,-2.779,22.2,5.6,72.2,6,1.0,65,2.0,4.0,12,BTCUSDT
31,61.29,0.0984,2.409,-5.202,0.91,45.2,9.7,45.2,6,1.0,65,2.0,4.0,24,BTCUSDT
48,37.5,-0.1695,-8.119,-12.562,-2.793,2.1,22.9,75.0,6,1.0,65,3.0,1.5,6,BTCUSDT
44,43.18,-0.1688,-7.558,-13.896,-2.32,4.5,36.4,59.1,6,1.0,65,3.0,1.5,12,BTCUSDT
41,41.46,0.066,2.004,-9.611,0.67,22.0,46.3,31.7,6,1.0,65,3.0,1.5,24,BTCUSDT
43,39.53,-0.139,-6.104,-10.533,-2.184,2.3,7.0,90.7,6,1.0,65,3.0,2.5,6,BTCUSDT
40,50.0,-0.1088,-4.741,-10.772,-1.314,7.5,12.5,80.0,6,1.0,65,3.0,2.5,12,BTCUSDT
33,54.55,0.1755,5.191,-6.994,1.598,24.2,24.2,51.5,6,1.0,65,3.0,2.5,24,BTCUSDT
42,38.1,-0.1521,-6.517,-10.694,-2.27,2.4,2.4,95.2,6,1.0,65,3.0,4.0,6,BTCUSDT
36,47.22,-0.2442,-8.939,-14.704,-2.653,8.3,5.6,86.1,6,1.0,65,3.0,4.0,12,BTCUSDT
31,54.84,0.2829,8.232,-4.42,2.315,32.3,9.7,58.1,6,1.0,65,3.0,4.0,24,BTCUSDT
32,53.12,-0.1103,-3.631,-7.454,-2.062,43.8,25.0,31.2,6,1.0,70,1.0,1.5,6,BTCUSDT
31,51.61,-0.1678,-5.26,-9.702,-2.854,51.6,32.3,16.1,6,1.0,70,1.0,1.5,12,BTCUSDT
29,51.72,-0.3391,-9.581,-11.988,-5.285,51.7,44.8,3.4,6,1.0,70,1.0,1.5,24,BTCUSDT
31,61.29,0.1201,3.641,-2.67,2.386,54.8,3.2,41.9,6,1.0,70,1.0,2.5,6,BTCUSDT
27,62.96,0.0084,0.018,-4.671,0.13,63.0,11.1,25.9,6,1.0,70,1.0,2.5,12,BTCUSDT
24,66.67,-0.0523,-1.482,-5.129,-0.712,66.7,20.8,12.5,6,1.0,70,1.0,2.5,24,BTCUSDT
30,60.0,0.0715,1.998,-3.418,1.305,53.3,0.0,46.7,6,1.0,70,1.0,4.0,6,BTCUSDT
25,60.0,-0.1612,-4.235,-8.724,-2.023,60.0,8.0,32.0,6,1.0,70,1.0,4.0,12,BTCUSDT
22,63.64,-0.1416,-3.346,-8.639,-1.697,63.6,9.1,27.3,6,1.0,70,1.0,4.0,24,BTCUSDT
30,40.0,-0.1003,-3.154,-9.789,-1.692,30.0,23.3,46.7,6,1.0,70,1.5,1.5,6,BTCUSDT
29,44.83,-0.053,-1.777,-9.568,-0.761,41.4,34.5,24.1,6,1.0,70,1.5,1.5,12,BTCUSDT
27,44.44,-0.2961,-7.964,-13.035,-3.852,44.4,51.9,3.7,6,1.0,70,1.5,1.5,24,BTCUSDT
28,53.57,0.237,6.663,-2.968,4.026,42.9,3.6,53.6,6,1.0,70,1.5,2.5,6,BTCUSDT
26,57.69,0.1645,4.062,-4.261,2.108,53.8,15.4,30.8,6,1.0,70,1.5,2.5,12,BTCUSDT
23,65.22,0.1491,3.179,-3.753,1.78,56.5,21.7,21.7,6,1.0,70,1.5,2.5,24,BTCUSDT
28,53.57,0.2102,5.843,-3.714,3.348,42.9,0.0,57.1,6,1.0,70,1.5,4.0,6,BTCUSDT
24,54.17,-0.0637,-1.904,-9.685,-0.677,54.2,8.3,37.5,6,1.0,70,1.5,4.0,12,BTCUSDT
21,61.9,-0.0518,-1.503,-7.923,-0.497,57.1,14.3,28.6,6,1.0,70,1.5,4.0,24,BTCUSDT
30,40.0,-0.0258,-1.0,-9.682,-0.396,20.0,23.3,56.7,6,1.0,70,2.0,1.5,6,BTCUSDT
29,41.38,0.016,0.149,-8.784,0.207,27.6,34.5,37.9,6,1.0,70,2.0,1.5,12,BTCUSDT
27,44.44,-0.0739,-2.364,-9.259,-0.823,44.4,51.9,3.7,6,1.0,70,2.0,1.5,24,BTCUSDT
28,53.57,0.2873,8.142,-3.173,4.521,25.0,3.6,71.4,6,1.0,70,2.0,2.5,6,BTCUSDT
26,53.85,0.2424,6.128,-3.759,2.84,34.6,15.4,50.0,6,1.0,70,2.0,2.5,12,BTCUSDT
22,63.64,0.3681,8.02,-3.093,3.844,54.5,22.7,22.7,6,1.0,70,2.0,2.5,24,BTCUSDT
28,53.57,0.2256,6.277,-4.842,3.434,21.4,0.0,78.6,6,1.0,70,2.0,4.0,6,BTCUSDT
24,50.0,-0.0443,-1.485,-9.286,-0.449,29.2,8.3,62.5,6,1.0,70,2.0,4.0,12,BTCUSDT
21,61.9,0.2339,4.491,-4.774,2.033,57.1,14.3,28.6,6,1.0,70,2.0,4.0,24,BTCUSDT
30,40.0,-0.0257,-1.011,-10.004,-0.383,3.3,23.3,73.3,6,1.0,70,3.0,1.5,6,BTCUSDT
29,37.93,-0.0591,-2.012,-8.697,-0.761,6.9,34.5,58.6,6,1.0,70,3.0,1.5,12,BTCUSDT
27,37.04,-0.0622,-2.139,-8.649,-0.626,22.2,51.9,25.9,6,1.0,70,3.0,1.5,24,BTCUSDT
28,53.57,0.2671,7.526,-3.714,4.135,3.6,3.6,92.9,6,1.0,70,3.0,2.5,6,BTCUSDT
26,50.0,0.1588,3.841,-3.355,1.834,7.7,15.4,76.9,6,1.0,70,3.0,2.5,12,BTCUSDT
22,54.55,0.4175,9.098,-2.734,3.896,22.7,22.7,54.5,6,1.0,70,3.0,2.5,24,BTCUSDT
28,53.57,0.2257,6.266,-4.842,3.331,3.6,0.0,96.4,6,1.0,70,3.0,4.0,6,BTCUSDT
24,45.83,-0.0877,-2.528,-8.066,-0.866,8.3,8.3,83.3,6,1.0,70,3.0,4.0,12,BTCUSDT
21,52.38,0.3132,6.13,-4.233,2.474,28.6,14.3,57.1,6,1.0,70,3.0,4.0,24,BTCUSDT
59,54.24,-0.2345,-13.238,-17.511,-4.153,40.7,30.5,28.8,6,1.5,55,1.0,1.5,6,BTCUSDT
59,54.24,-0.2499,-14.073,-18.026,-4.104,49.2,37.3,13.6,6,1.5,55,1.0,1.5,12,BTCUSDT
58,56.9,-0.26,-14.394,-17.835,-4.036,55.2,43.1,1.7,6,1.5,55,1.0,1.5,24,BTCUSDT
51,58.82,-0.2684,-13.184,-17.46,-3.963,41.2,15.7,43.1,6,1.5,55,1.0,2.5,6,BTCUSDT
48,58.33,-0.3287,-15.047,-18.284,-4.369,52.1,20.8,27.1,6,1.5,55,1.0,2.5,12,BTCUSDT
46,63.04,-0.3432,-15.097,-18.17,-4.272,58.7,26.1,15.2,6,1.5,55,1.0,2.5,24,BTCUSDT
49,59.18,-0.2776,-13.181,-17.457,-3.699,44.9,4.1,51.0,6,1.5,55,1.0,4.0,6,BTCUSDT
45,60.0,-0.3503,-15.118,-19.024,-4.14,55.6,6.7,37.8,6,1.5,55,1.0,4.0,12,BTCUSDT
41,65.85,-0.3716,-14.758,-17.844,-3.874,63.4,14.6,22.0,6,1.5,55,1.0,4.0,24,BTCUSDT
56,46.43,-0.3198,-16.727,-20.018,-5.352,19.6,32.1,48.2,6,1.5,55,1.5,1.5,6,BTCUSDT
54,46.3,-0.3614,-18.127,-21.749,-5.358,25.9,44.4,29.6,6,1.5,55,1.5,1.5,12,BTCUSDT
50,44.0,-0.362,-17.033,-20.206,-4.716,42.0,54.0,4.0,6,1.5,55,1.5,1.5,24,BTCUSDT
49,51.02,-0.3694,-16.974,-20.256,-5.153,20.4,16.3,63.3,6,1.5,55,1.5,2.5,6,BTCUSDT
45,51.11,-0.4926,-20.366,-22.876,-6.049,24.4,24.4,51.1,6,1.5,55,1.5,2.5,12,BTCUSDT
40,52.5,-0.4373,-16.623,-19.08,-4.663,45.0,32.5,22.5,6,1.5,55,1.5,2.5,24,BTCUSDT
46,47.83,-0.4035,-17.382,-20.648,-5.302,19.6,4.3,76.1,6,1.5,55,1.5,4.0,6,BTCUSDT
41,48.78,-0.5639,-21.181,-24.667,-6.266,26.8,7.3,65.9,6,1.5,55,1.5,4.0,12,BTCUSDT
33,48.48,-0.6681,-20.445,-22.789,-6.045,39.4,18.2,42.4,6,1.5,55,1.5,4.0,24,BTCUSDT
54,46.3,-0.3275,-16.529,-20.614,-5.47,9.3,31.5,59.3,6,1.5,55,2.0,1.5,6,BTCUSDT
51,43.14,-0.3633,-17.356,-22.552,-4.951,19.6,47.1,33.3,6,1.5,55,2.0,1.5,12,BTCUSDT
46,39.13,-0.3623,-15.897,-20.692,-4.234,32.6,58.7,8.7,6,1.5,55,2.0,1.5,24,BTCUSDT
48,50.0,-0.3818,-17.137,-21.192,-5.434,8.3,16.7,75.0,6,1.5,55,2.0,2.5,6,BTCUSDT
44,47.73,-0.4696,-19.192,-22.887,-5.469,20.5,22.7,56.8,6,1.5,55,2.0,2.5,12,BTCUSDT
38,47.37,-0.3852,-14.28,-18.026,-3.741,36.8,34.2,28.9,6,1.5,55,2.0,2.5,24,BTCUSDT
45,46.67,-0.3738,-15.928,-20.042,-4.849,11.1,4.4,84.4,6,1.5,55,2.0,4.0,6,BTCUSDT
40,47.5,-0.4693,-17.728,-22.9,-4.838,25.0,7.5,67.5,6,1.5,55,2.0,4.0,12,BTCUSDT
32,50.0,-0.5058,-15.677,-19.678,-4.296,34.4,15.6,50.0,6,1.5,55,2.0,4.0,24,BTCUSDT
54,44.44,-0.3596,-17.97,-23.256,-5.992,1.9,31.5,66.7,6,1.5,55,3.0,1.5,6,BTCUSDT
51,39.22,-0.417,-19.629,-24.565,-5.464,5.9,49.0,45.1,6,1.5,55,3.0,1.5,12,BTCUSDT
44,31.82,-0.4635,-19.018,-23.878,-5.141,13.6,61.4,25.0,6,1.5,55,3.0,1.5,24,BTCUSDT
48,47.92,-0.3885,-17.426,-22.747,-5.351,2.1,16.7,81.2,6,1.5,55,3.0,2.5,6,BTCUSDT
44,43.18,-0.5429,-21.822,-26.066,-5.983,9.1,25.0,65.9,6,1.5,55,3.0,2.5,12,BTCUSDT
36,38.89,-0.5563,-18.832,-23.239,-5.112,13.9,38.9,47.2,6,1.5,55,3.0,2.5,24,BTCUSDT
45,44.44,-0.3936,-16.69,-22.058,-5.012,2.2,4.4,93.3,6,1.5,55,3.0,4.0,6,BTCUSDT
40,42.5,-0.5917,-21.764,-26.568,-5.671,10.0,10.0,80.0,6,1.5,55,3.0,4.0,12,BTCUSDT
30,40.0,-0.7988,-22.064,-26.295,-6.393,13.3,20.0,66.7,6,1.5,55,3.0,4.0,24,BTCUSDT
49,57.14,-0.1962,-9.436,-14.009,-3.473,42.9,30.6,26.5,6,1.5,60,1.0,1.5,6,BTCUSDT
49,55.1,-0.2266,-10.814,-14.211,-3.753,49.0,36.7,14.3,6,1.5,60,1.0,1.5,12,BTCUSDT
48,58.33,-0.2267,-10.644,-13.523,-3.538,56.2,41.7,2.1,6,1.5,60,1.0,1.5,24,BTCUSDT
41,58.54,-0.2462,-9.914,-14.463,-3.72,41.5,14.6,43.9,6,1.5,60,1.0,2.5,6,BTCUSDT
40,57.5,-0.3074,-11.952,-15.306,-4.111,52.5,20.0,27.5,6,1.5,60,1.0,2.5,12,BTCUSDT
37,64.86,-0.3143,-11.388,-14.786,-3.904,59.5,27.0,13.5,6,1.5,60,1.0,2.5,24,BTCUSDT
41,60.98,-0.2624,-10.613,-15.127,-3.427,46.3,4.9,48.8,6,1.5,60,1.0,4.0,6,BTCUSDT
38,60.53,-0.3291,-12.22,-15.564,-3.892,55.3,7.9,36.8,6,1.5,60,1.0,4.0,12,BTCUSDT
35,71.43,-0.1607,-5.957,-8.813,-1.813,65.7,11.4,22.9,6,1.5,60,1.0,4.0,24,BTCUSDT
46,47.83,-0.285,-12.552,-17.194,-4.912,17.4,30.4,52.2,6,1.5,60,1.5,1.5,6,BTCUSDT
44,45.45,-0.3717,-15.406,-20.209,-5.689,22.7,43.2,34.1,6,1.5,60,1.5,1.5,12,BTCUSDT
41,43.9,-0.3675,-14.39,-19.521,-4.806,41.5,53.7,4.9,6,1.5,60,1.5,1.5,24,BTCUSDT
39,51.28,-0.2989,-11.307,-15.931,-4.439,17.9,12.8,69.2,6,1.5,60,1.5,2.5,6,BTCUSDT
37,45.95,-0.5139,-17.699,-22.372,-6.602,21.6,21.6,56.8,6,1.5,60,1.5,2.5,12,BTCUSDT
32,50.0,-0.4782,-14.659,-19.911,-5.127,40.6,34.4,25.0,6,1.5,60,1.5,2.5,24,BTCUSDT
38,50.0,-0.3393,-12.471,-17.126,-4.477,18.4,5.3,76.3,6,1.5,60,1.5,4.0,6,BTCUSDT
35,45.71,-0.5848,-18.962,-23.564,-6.7,22.9,8.6,68.6,6,1.5,60,1.5,4.0,12,BTCUSDT
28,53.57,-0.4388,-12.092,-16.404,-4.183,39.3,14.3,46.4,6,1.5,60,1.5,4.0,24,BTCUSDT
45,48.89,-0.2597,-11.318,-16.699,-4.236,11.1,31.1,57.8,6,1.5,60,2.0,1.5,6,BTCUSDT
42,40.48,-0.4303,-16.863,-22.09,-6.31,14.3,45.2,40.5,6,1.5,60,2.0,1.5,12,BTCUSDT
38,39.47,-0.3633,-13.353,-19.122,-4.279,31.6,57.9,10.5,6,1.5,60,2.0,1.5,24,BTCUSDT
39,51.28,-0.2809,-10.7,-16.034,-4.051,10.3,12.8,76.9,6,1.5,60,2.0,2.5,6,BTCUSDT
37,43.24,-0.4743,-16.523,-21.772,-5.713,18.9,21.6,59.5,6,1.5,60,2.0,2.5,12,BTCUSDT
31,48.39,-0.3731,-11.476,-17.103,-3.634,35.5,35.5,29.0,6,1.5,60,2.0,2.5,24,BTCUSDT
38,50.0,-0.2946,-10.998,-16.405,-3.721,13.2,5.3,81.6,6,1.5,60,2.0,4.0,6,BTCUSDT
34,41.18,-0.6127,-19.282,-24.357,-6.726,17.6,8.8,73.5,6,1.5,60,2.0,4.0,12,BTCUSDT
27,51.85,-0.3538,-9.706,-13.899,-3.13,33.3,14.8,51.9,6,1.5,60,2.0,4.0,24,BTCUSDT
45,46.67,-0.2982,-12.849,-19.471,-4.843,2.2,31.1,66.7,6,1.5,60,3.0,1.5,6,BTCUSDT
42,38.1,-0.443,-17.331,-22.407,-6.266,4.8,45.2,50.0,6,1.5,60,3.0,1.5,12,BTCUSDT
36,33.33,-0.3846,-13.427,-19.529,-4.213,13.9,58.3,27.8,6,1.5,60,3.0,1.5,24,BTCUSDT
39,48.72,-0.2891,-11.012,-17.69,-4.001,2.6,12.8,84.6,6,1.5,60,3.0,2.5,6,BTCUSDT
37,40.54,-0.4886,-16.992,-22.089,-5.705,8.1,21.6,70.3,6,1.5,60,3.0,2.5,12,BTCUSDT
29,41.38,-0.4063,-11.712,-18.036,-3.68,13.8,37.9,48.3,6,1.5,60,3.0,2.5,24,BTCUSDT
38,47.37,-0.3179,-11.804,-18.512,-3.932,2.6,5.3,92.1,6,1.5,60,3.0,4.0,6,BTCUSDT
34,38.24,-0.6184,-19.467,-24.412,-6.556,8.8,8.8,82.4,6,1.5,60,3.0,4.0,12,BTCUSDT
25,44.0,-0.3825,-9.765,-16.147,-3.116,20.0,16.0,64.0,6,1.5,60,3.0,4.0,24,BTCUSDT
37,54.05,-0.2307,-8.378,-11.854,-4.194,37.8,29.7,32.4,6,1.5,65,1.0,1.5,6,BTCUSDT
37,48.65,-0.3233,-11.515,-14.944,-5.298,45.9,40.5,13.5,6,1.5,65,1.0,1.5,12,BTCUSDT
36,52.78,-0.3705,-12.752,-16.284,-5.734,50.0,47.2,2.8,6,1.5,65,1.0,1.5,24,BTCUSDT
32,59.38,-0.1465,-4.772,-9.072,-2.524,37.5,9.4,53.1,6,1.5,65,1.0,2.5,6,BTCUSDT
30,56.67,-0.2774,-8.255,-11.81,-3.887,46.7,16.7,36.7,6,1.5,65,1.0,2.5,12,BTCUSDT
27,66.67,-0.2716,-7.372,-11.32,-3.423,59.3,25.9,14.8,6,1.5,65,1.0,2.5,24,BTCUSDT
32,56.25,-0.1633,-5.311,-8.555,-2.638,40.6,3.1,56.2,6,1.5,65,1.0,4.0,6,BTCUSDT
29,58.62,-0.325,-9.337,-12.85,-3.962,51.7,6.9,41.4,6,1.5,65,1.0,4.0,12,BTCUSDT
26,69.23,-0.1726,-4.76,-8.063,-1.933,65.4,11.5,23.1,6,1.5,65,1.0,4.0,24,BTCUSDT
36,41.67,-0.3426,-11.816,-14.973,-5.937,19.4,30.6,50.0,6,1.5,65,1.5,1.5,6,BTCUSDT
34,41.18,-0.3739,-12.202,-16.833,-5.63,23.5,44.1,32.4,6,1.5,65,1.5,1.5,12,BTCUSDT
33,45.45,-0.3745,-11.951,-17.528,-4.96,39.4,54.5,6.1,6,1.5,65,1.5,1.5,24,BTCUSDT
30,43.33,-0.2676,-7.905,-11.113,-4.494,20.0,6.7,73.3,6,1.5,65,1.5,2.5,6,BTCUSDT
28,46.43,-0.4386,-11.843,-16.493,-5.78,21.4,17.9,60.7,6,1.5,65,1.5,2.5,12,BTCUSDT
25,60.0,-0.3158,-7.964,-13.586,-3.428,44.0,32.0,24.0,6,1.5,65,1.5,2.5,24,BTCUSDT
29,41.38,-0.2984,-8.502,-11.689,-4.666,20.7,3.4,75.9,6,1.5,65,1.5,4.0,6,BTCUSDT
27,44.44,-0.5362,-13.838,-18.383,-6.19,25.9,7.4,66.7,6,1.5,65,1.5,4.0,12,BTCUSDT
22,59.09,-0.2909,-6.6,-11.139,-2.87,40.9,13.6,45.5,6,1.5,65,1.5,4.0,24,BTCUSDT
36,41.67,-0.3303,-11.438,-14.875,-5.51,11.1,30.6,58.3,6,1.5,65,2.0,1.5,6,BTCUSDT
33,36.36,-0.4646,-14.476,-19.113,-6.962,12.1,45.5,42.4,6,1.5,65,2.0,1.5,12,BTCUSDT
31,41.94,-0.3373,-10.308,-16.495,-3.985,32.3,58.1,9.7,6,1.5,65,2.0,1.5,24,BTCUSDT
30,43.33,-0.261,-7.73,-11.222,-4.271,10.0,6.7,83.3,6,1.5,65,2.0,2.5,6,BTCUSDT
28,42.86,-0.4219,-11.46,-16.26,-5.255,17.9,17.9,64.3,6,1.5,65,2.0,2.5,12,BTCUSDT
24,58.33,-0.215,-5.466,-11.811,-2.118,37.5,33.3,29.2,6,1.5,65,2.0,2.5,24,BTCUSDT
29,41.38,-0.257,-7.418,-10.922,-3.794,13.8,3.4,82.8,6,1.5,65,2.0,4.0,6,BTCUSDT
26,38.46,-0.6309,-15.489,-20.071,-7.17,15.4,7.7,76.9,6,1.5,65,2.0,4.0,12,BTCUSDT
21,57.14,-0.2221,-5.005,-8.924,-2.032,33.3,14.3,52.4,6,1.5,65,2.0,4.0,24,BTCUSDT
36,38.89,-0.4062,-13.813,-17.707,-7.179,0.0,30.6,69.4,6,1.5,65,3.0,1.5,6,BTCUSDT
33,33.33,-0.4789,-14.895,-18.592,-6.954,3.0,45.5,51.5,6,1.5,65,3.0,1.5,12,BTCUSDT
31,35.48,-0.3656,-11.141,-17.84,-4.06,12.9,58.1,29.0,6,1.5,65,3.0,1.5,24,BTCUSDT
30,40.0,-0.305,-8.946,-12.973,-4.95,0.0,6.7,93.3,6,1.5,65,3.0,2.5,6,BTCUSDT
28,39.29,-0.4386,-11.892,-15.72,-5.296,7.1,17.9,75.0,6,1.5,65,3.0,2.5,12,BTCUSDT
24,50.0,-0.2388,-6.054,-12.508,-2.225,12.5,33.3,54.2,6,1.5,65,3.0,2.5,24,BTCUSDT
29,37.93,-0.3221,-9.149,-13.167,-4.828,0.0,3.4,96.6,6,1.5,65,3.0,4.0,6,BTCUSDT
26,34.62,-0.6358,-15.62,-19.286,-6.966,7.7,7.7,84.6,6,1.5,65,3.0,4.0,12,BTCUSDT
21,47.62,-0.2432,-5.481,-9.289,-2.093,19.0,14.3,66.7,6,1.5,65,3.0,4.0,24,BTCUSDT
26,53.85,-0.2111,-5.486,-8.787,-3.804,38.5,30.8,30.8,6,1.5,70,1.0,1.5,6,BTCUSDT
25,48.0,-0.3016,-7.435,-11.182,-4.916,48.0,40.0,12.0,6,1.5,70,1.0,1.5,12,BTCUSDT
25,52.0,-0.37,-9.03,-12.713,-5.66,52.0,48.0,0.0,6,1.5,70,1.0,1.5,24,BTCUSDT
25,64.0,0.0705,1.646,-3.867,1.331,52.0,4.0,44.0,6,1.5,70,1.0,2.5,6,BTCUSDT
20,60.0,-0.1471,-3.082,-6.234,-2.068,60.0,15.0,25.0,6,1.5,70,1.0,2.5,12,BTCUSDT
20,70.0,-0.0975,-2.156,-5.91,-1.24,70.0,25.0,5.0,6,1.5,70,1.0,2.5,24,BTCUSDT
24,62.5,0.0077,0.034,-3.867,0.132,50.0,0.0,50.0,6,1.5,70,1.0,4.0,6,BTCUSDT
18,55.56,-0.3999,-7.203,-10.221,-4.511,55.6,11.1,33.3,6,1.5,70,1.0,4.0,12,BTCUSDT
18,66.67,-0.2118,-4.007,-8.639,-2.342,66.7,11.1,22.2,6,1.5,70,1.0,4.0,24,BTCUSDT
24,41.67,-0.2666,-6.345,-10.188,-4.588,20.8,29.2,50.0,6,1.5,70,1.5,1.5,6,BTCUSDT
23,43.48,-0.2387,-5.55,-10.694,-3.359,34.8,43.5,21.7,6,1.5,70,1.5,1.5,12,BTCUSDT
23,47.83,-0.28,-6.478,-11.558,-3.648,43.5,52.2,4.3,6,1.5,70,1.5,1.5,24,BTCUSDT
22,54.55,0.0826,1.693,-3.402,1.411,31.8,4.5,63.6,6,1.5,70,1.5,2.5,6,BTCUSDT
19,52.63,-0.1267,-2.611,-6.757,-1.538,42.1,21.1,36.8,6,1.5,70,1.5,2.5,12,BTCUSDT
19,68.42,0.037,0.433,-5.017,0.421,52.6,26.3,21.1,6,1.5,70,1.5,2.5,24,BTCUSDT
22,54.55,0.0486,0.911,-3.714,0.768,31.8,0.0,68.2,6,1.5,70,1.5,4.0,6,BTCUSDT
18,50.0,-0.3823,-6.974,-10.87,-3.823,44.4,11.1,44.4,6,1.5,70,1.5,4.0,12,BTCUSDT
17,64.71,-0.2244,-4.124,-9.132,-2.014,52.9,17.6,29.4,6,1.5,70,1.5,4.0,24,BTCUSDT
24,41.67,-0.274,-6.514,-10.63,-4.677,8.3,29.2,62.5,6,1.5,70,2.0,1.5,6,BTCUSDT
23,39.13,-0.2799,-6.46,-11.692,-3.782,17.4,43.5,39.1,6,1.5,70,2.0,1.5,12,BTCUSDT
23,43.48,-0.2148,-5.136,-10.89,-2.433,39.1,56.5,4.3,6,1.5,70,2.0,1.5,24,BTCUSDT
22,54.55,0.12,2.514,-3.402,1.927,18.2,4.5,77.3,6,1.5,70,2.0,2.5,6,BTCUSDT
19,47.37,-0.0901,-1.967,-6.757,-1.015,26.3,21.1,52.6,6,1.5,70,2.0,2.5,12,BTCUSDT
18,66.67,0.2152,3.604,-4.835,2.158,50.0,27.8,22.2,6,1.5,70,2.0,2.5,24,BTCUSDT
22,54.55,0.0414,0.747,-3.829,0.643,13.6,0.0,86.4,6,1.5,70,2.0,4.0,6,BTCUSDT
18,44.44,-0.4026,-7.334,-10.916,-3.899,22.2,11.1,66.7,6,1.5,70,2.0,4.0,12,BTCUSDT
17,64.71,0.0403,0.219,-5.163,0.331,52.9,17.6,29.4,6,1.5,70,2.0,4.0,24,BTCUSDT
24,41.67,-0.2608,-6.225,-10.948,-4.315,0.0,29.2,70.8,6,1.5,70,3.0,1.5,6,BTCUSDT
23,34.78,-0.3248,-7.427,-11.609,-4.348,4.3,43.5,52.2,6,1.5,70,3.0,1.5,12,BTCUSDT
23,39.13,-0.2056,-4.989,-11.163,-2.141,17.4,56.5,26.1,6,1.5,70,3.0,1.5,24,BTCUSDT
22,54.55,0.1257,2.634,-3.402,1.972,0.0,4.5,95.5,6,1.5,70,3.0,2.5,6,BTCUSDT
19,42.11,-0.1057,-2.282,-6.757,-1.138,10.5,21.1,68.4,6,1.5,70,3.0,2.5,12,BTCUSDT
18,61.11,0.2917,4.962,-4.835,2.64,22.2,27.8,50.0,6,1.5,70,3.0,2.5,24,BTCUSDT
22,54.55,0.073,1.431,-3.829,1.082,0.0,0.0,100.0,6,1.5,70,3.0,4.0,6,BTCUSDT
18,38.89,-0.4002,-7.323,-9.956,-3.71,11.1,11.1,77.8,6,1.5,70,3.0,4.0,12,BTCUSDT
17,58.82,0.1554,2.106,-4.56,1.166,29.4,17.6,52.9,6,1.5,70,3.0,4.0,24,BTCUSDT
19,47.37,-0.4435,-8.193,-7.732,-8.205,26.3,36.8,36.8,6,2.5,55,1.0,1.5,6,BTCUSDT
18,50.0,-0.4343,-7.644,-6.848,-7.315,33.3,44.4,22.2,6,2.5,55,1.0,1.5,12,BTCUSDT
18,50.0,-0.42,-7.427,-6.63,-6.419,50.0,50.0,0.0,6,2.5,55,1.0,1.5,24,BTCUSDT
17,47.06,-0.3943,-6.613,-5.181,-6.249,29.4,17.6,52.9,6,2.5,55,1.0,2.5,6,BTCUSDT
15,46.67,-0.5941,-8.696,-6.964,-7.857,33.3,26.7,40.0,6,2.5,55,1.0,2.5,12,BTCUSDT
15,60.0,-0.2847,-4.352,-4.482,-3.609,60.0,26.7,13.3,6,2.5,55,1.0,2.5,24,BTCUSDT
16,43.75,-0.4752,-7.467,-5.524,-6.976,25.0,6.2,68.8,6,2.5,55,1.0,4.0,6,BTCUSDT
13,38.46,-0.8696,-10.901,-9.669,-9.923,23.1,15.4,61.5,6,2.5,55,1.0,4.0,12,BTCUSDT
13,53.85,-0.3462,-4.6,-6.292,-3.806,53.8,15.4,30.8,6,2.5,55,1.0,4.0,24,BTCUSDT
18,38.89,-0.5147,-8.961,-8.956,-9.369,11.1,38.9,50.0,6,2.5,55,1.5,1.5,6,BTCUSDT
17,41.18,-0.5785,-9.507,-9.178,-9.111,11.8,52.9,35.3,6,2.5,55,1.5,1.5,12,BTCUSDT
17,41.18,-0.4347,-7.311,-6.974,-5.625,41.2,58.8,0.0,6,2.5,55,1.5,1.5,24,BTCUSDT
16,37.5,-0.4713,-7.394,-6.438,-7.293,12.5,18.8,68.8,6,2.5,55,1.5,2.5,6,BTCUSDT
15,40.0,-0.6509,-9.478,-8.215,-8.513,13.3,26.7,60.0,6,2.5,55,1.5,2.5,12,BTCUSDT
15,53.33,-0.1403,-2.287,-4.009,-1.622,40.0,26.7,33.3,6,2.5,55,1.5,2.5,24,BTCUSDT
15,33.33,-0.5961,-8.694,-6.776,-8.839,6.7,6.7,86.7,6,2.5,55,1.5,4.0,6,BTCUSDT
13,30.77,-0.9469,-11.797,-10.577,-10.91,7.7,15.4,76.9,6,2.5,55,1.5,4.0,12,BTCUSDT
13,46.15,-0.2565,-3.499,-6.197,-2.67,30.8,15.4,53.8,6,2.5,55,1.5,4.0,24,BTCUSDT
18,38.89,-0.5583,-9.672,-10.11,-10.437,5.6,38.9,55.6,6,2.5,55,2.0,1.5,6,BTCUSDT
17,35.29,-0.7256,-11.752,-11.867,-11.581,5.9,58.8,35.3,6,2.5,55,2.0,1.5,12,BTCUSDT
17,35.29,-0.4825,-8.098,-8.336,-5.697,29.4,64.7,5.9,6,2.5,55,2.0,1.5,24,BTCUSDT
16,37.5,-0.5203,-8.117,-7.624,-8.216,6.2,18.8,75.0,6,2.5,55,2.0,2.5,6,BTCUSDT
15,33.33,-0.7852,-11.289,-10.494,-10.551,6.7,26.7,66.7,6,2.5,55,2.0,2.5,12,BTCUSDT
15,46.67,-0.2403,-3.805,-5.735,-2.427,33.3,33.3,33.3,6,2.5,55,2.0,2.5,24,BTCUSDT
15,33.33,-0.6817,-9.851,-7.958,-10.881,0.0,6.7,93.3,6,2.5,55,2.0,4.0,6,BTCUSDT
13,23.08,-1.1404,-13.986,-12.797,-14.311,0.0,15.4,84.6,6,2.5,55,2.0,4.0,12,BTCUSDT
13,38.46,-0.4898,-6.446,-9.952,-4.56,23.1,15.4,61.5,6,2.5,55,2.0,4.0,24,BTCUSDT
18,38.89,-0.5899,-10.176,-10.11,-11.812,0.0,38.9,61.1,6,2.5,55,3.0,1.5,6,BTCUSDT
17,35.29,-0.7455,-12.047,-11.867,-12.318,0.0,58.8,41.2,6,2.5,55,3.0,1.5,12,BTCUSDT
17,29.41,-0.4424,-7.512,-9.013,-4.726,17.6,64.7,17.6,6,2.5,55,3.0,1.5,24,BTCUSDT
16,37.5,-0.5738,-8.89,-7.624,-9.784,0.0,18.8,81.2,6,2.5,55,3.0,2.5,6,BTCUSDT
15,33.33,-0.8014,-11.501,-10.494,-10.99,0.0,26.7,73.3,6,2.5,55,3.0,2.5,12,BTCUSDT
15,40.0,-0.1949,-3.192,-5.82,-1.814,20.0,33.3,46.7,6,2.5,55,3.0,2.5,24,BTCUSDT
15,33.33,-0.6817,-9.851,-7.958,-10.881,0.0,6.7,93.3,6,2.5,55,3.0,4.0,6,BTCUSDT
13,23.08,-1.1404,-13.986,-12.797,-14.311,0.0,15.4,84.6,6,2.5,55,3.0,4.0,12,BTCUSDT
13,30.77,-0.5913,-7.671,-11.626,-5.582,7.7,15.4,76.9,6,2.5,55,3.0,4.0,24,BTCUSDT
17,52.94,-0.2292,-3.899,-4.212,-4.666,29.4,23.5,47.1,6,2.5,60,1.0,1.5,6,BTCUSDT
16,62.5,-0.1694,-2.762,-3.533,-3.073,37.5,31.2,31.2,6,2.5,60,1.0,1.5,12,BTCUSDT
16,62.5,-0.1075,-1.822,-3.342,-1.697,62.5,37.5,0.0,6,2.5,60,1.0,1.5,24,BTCUSDT
16,50.0,-0.2521,-4.051,-3.625,-4.396,31.2,12.5,56.2,6,2.5,60,1.0,2.5,6,BTCUSDT
14,50.0,-0.4459,-6.192,-5.979,-6.169,35.7,21.4,42.9,6,2.5,60,1.0,2.5,12,BTCUSDT
14,64.29,-0.1143,-1.728,-3.336,-1.545,64.3,21.4,14.3,6,2.5,60,1.0,2.5,24,BTCUSDT
15,46.67,-0.4066,-6.054,-5.111,-5.904,26.7,6.7,66.7,6,2.5,60,1.0,4.0,6,BTCUSDT
12,41.67,-0.7996,-9.351,-9.605,-8.86,25.0,16.7,58.3,6,2.5,60,1.0,4.0,12,BTCUSDT
12,58.33,-0.3096,-3.846,-7.064,-3.28,58.3,16.7,25.0,6,2.5,60,1.0,4.0,24,BTCUSDT
16,37.5,-0.4834,-7.524,-7.519,-9.966,6.2,31.2,62.5,6,2.5,60,1.5,1.5,6,BTCUSDT
15,46.67,-0.5151,-7.545,-7.209,-8.656,6.7,46.7,46.7,6,2.5,60,1.5,1.5,12,BTCUSDT
15,46.67,-0.27,-4.136,-4.011,-3.447,46.7,53.3,0.0,6,2.5,60,1.5,1.5,24,BTCUSDT
15,33.33,-0.4905,-7.189,-6.231,-8.862,6.7,13.3,80.0,6,2.5,60,1.5,2.5,6,BTCUSDT
14,42.86,-0.5712,-7.824,-7.782,-8.154,7.1,21.4,71.4,6,2.5,60,1.5,2.5,12,BTCUSDT
14,57.14,0.0404,0.394,-3.237,0.494,42.9,21.4,35.7,6,2.5,60,1.5,2.5,24,BTCUSDT
14,28.57,-0.7088,-9.575,-7.676,-11.191,0.0,7.1,92.9,6,2.5,60,1.5,4.0,6,BTCUSDT
12,33.33,-0.9586,-11.062,-11.033,-11.24,0.0,16.7,83.3,6,2.5,60,1.5,4.0,12,BTCUSDT
12,50.0,-0.2125,-2.736,-7.428,-2.133,33.3,16.7,50.0,6,2.5,60,1.5,4.0,24,BTCUSDT
16,37.5,-0.4521,-7.068,-7.519,-8.696,6.2,31.2,62.5,6,2.5,60,2.0,1.5,6,BTCUSDT
15,46.67,-0.4818,-7.088,-7.209,-7.694,6.7,46.7,46.7,6,2.5,60,2.0,1.5,12,BTCUSDT
15,46.67,-0.1217,-2.014,-3.959,-1.393,33.3,53.3,13.3,6,2.5,60,2.0,1.5,24,BTCUSDT
15,33.33,-0.4572,-6.731,-6.231,-7.796,6.7,13.3,80.0,6,2.5,60,2.0,2.5,6,BTCUSDT
14,42.86,-0.5355,-7.369,-7.782,-7.338,7.1,21.4,71.4,6,2.5,60,2.0,2.5,12,BTCUSDT
14,57.14,0.2547,3.403,-2.729,2.785,42.9,21.4,35.7,6,2.5,60,2.0,2.5,24,BTCUSDT
14,28.57,-0.7088,-9.575,-7.676,-11.191,0.0,7.1,92.9,6,2.5,60,2.0,4.0,6,BTCUSDT
12,33.33,-0.9586,-11.062,-11.033,-11.24,0.0,16.7,83.3,6,2.5,60,2.0,4.0,12,BTCUSDT
12,50.0,-0.0458,-0.802,-6.971,-0.428,33.3,16.7,50.0,6,2.5,60,2.0,4.0,24,BTCUSDT
16,37.5,-0.4877,-7.587,-7.519,-10.146,0.0,31.2,68.8,6,2.5,60,3.0,1.5,6,BTCUSDT
15,46.67,-0.5044,-7.398,-7.209,-8.345,0.0,46.7,53.3,6,2.5,60,3.0,1.5,12,BTCUSDT
15,40.0,-0.0763,-1.389,-4.609,-0.789,20.0,53.3,26.7,6,2.5,60,3.0,1.5,24,BTCUSDT
15,33.33,-0.5142,-7.515,-6.231,-9.635,0.0,13.3,86.7,6,2.5,60,3.0,2.5,6,BTCUSDT
14,42.86,-0.5528,-7.59,-7.782,-7.733,0.0,21.4,78.6,6,2.5,60,3.0,2.5,12,BTCUSDT
14,50.0,0.3375,4.551,-3.237,3.305,21.4,21.4,57.1,6,2.5,60,3.0,2.5,24,BTCUSDT
14,28.57,-0.7088,-9.575,-7.676,-11.191,0.0,7.1,92.9,6,2.5,60,3.0,4.0,6,BTCUSDT
12,33.33,-0.9586,-11.062,-11.033,-11.24,0.0,16.7,83.3,6,2.5,60,3.0,4.0,12,BTCUSDT
12,41.67,-0.1159,-1.642,-8.701,-1.063,8.3,16.7,75.0,6,2.5,60,3.0,4.0,24,BTCUSDT
14,42.86,-0.3841,-5.303,-4.828,-7.852,21.4,28.6,50.0,6,2.5,65,1.0,1.5,6,BTCUSDT
13,46.15,-0.4091,-5.262,-5.232,-7.262,30.8,38.5,30.8,6,2.5,65,1.0,1.5,12,BTCUSDT
13,46.15,-0.5162,-6.601,-6.572,-7.912,46.2,53.8,0.0,6,2.5,65,1.0,1.5,24,BTCUSDT
13,46.15,-0.2358,-3.076,-1.626,-4.894,23.1,7.7,69.2,6,2.5,65,1.0,2.5,6,BTCUSDT
11,45.45,-0.4251,-4.668,-3.658,-6.255,27.3,18.2,54.5,6,2.5,65,1.0,2.5,12,BTCUSDT
11,63.64,-0.0537,-0.688,-2.67,-0.768,63.6,18.2,18.2,6,2.5,65,1.0,2.5,24,BTCUSDT
12,41.67,-0.3026,-3.613,-1.626,-6.826,16.7,0.0,83.3,6,2.5,65,1.0,4.0,6,BTCUSDT
9,33.33,-0.7255,-6.436,-5.924,-9.439,11.1,11.1,77.8,6,2.5,65,1.0,4.0,12,BTCUSDT
9,55.56,-0.134,-1.307,-4.61,-1.665,55.6,11.1,33.3,6,2.5,65,1.0,4.0,24,BTCUSDT
13,30.77,-0.5068,-6.442,-6.437,-10.694,7.7,30.8,61.5,6,2.5,65,1.5,1.5,6,BTCUSDT
12,41.67,-0.4446,-5.282,-5.803,-7.395,8.3,41.7,50.0,6,2.5,65,1.5,1.5,12,BTCUSDT
12,41.67,-0.42,-5.051,-5.956,-5.425,41.7,58.3,0.0,6,2.5,65,1.5,1.5,24,BTCUSDT
12,33.33,-0.3563,-4.241,-3.252,-7.49,8.3,8.3,83.3,6,2.5,65,1.5,2.5,6,BTCUSDT
11,45.45,-0.4031,-4.44,-3.989,-5.781,9.1,18.2,72.7,6,2.5,65,1.5,2.5,12,BTCUSDT
11,63.64,0.1224,1.232,-2.67,1.579,45.5,18.2,36.4,6,2.5,65,1.5,2.5,24,BTCUSDT
11,27.27,-0.4856,-5.242,-3.252,-12.85,0.0,0.0,100.0,6,2.5,65,1.5,4.0,6,BTCUSDT
9,33.33,-0.7157,-6.355,-5.924,-9.245,0.0,11.1,88.9,6,2.5,65,1.5,4.0,12,BTCUSDT
9,55.56,-0.0298,-0.389,-4.61,-0.35,33.3,11.1,55.6,6,2.5,65,1.5,4.0,24,BTCUSDT
13,30.77,-0.4683,-5.98,-6.437,-9.044,7.7,30.8,61.5,6,2.5,65,2.0,1.5,6,BTCUSDT
12,41.67,-0.403,-4.815,-5.803,-6.315,8.3,41.7,50.0,6,2.5,65,2.0,1.5,12,BTCUSDT
12,41.67,-0.2117,-2.685,-4.927,-2.344,41.7,58.3,0.0,6,2.5,65,2.0,1.5,24,BTCUSDT
12,33.33,-0.3147,-3.769,-3.252,-6.055,8.3,8.3,83.3,6,2.5,65,2.0,2.5,6,BTCUSDT
11,45.45,-0.3576,-3.969,-3.989,-4.889,9.1,18.2,72.7,6,2.5,65,2.0,2.5,12,BTCUSDT
11,63.64,0.3497,3.754,-2.67,3.989,45.5,18.2,36.4,6,2.5,65,2.0,2.5,24,BTCUSDT
11,27.27,-0.4856,-5.242,-3.252,-12.85,0.0,0.0,100.0,6,2.5,65,2.0,4.0,6,BTCUSDT
9,33.33,-0.7157,-6.355,-5.924,-9.245,0.0,11.1,88.9,6,2.5,65,2.0,4.0,12,BTCUSDT
9,55.56,0.1368,1.092,-4.61,1.47,33.3,11.1,55.6,6,2.5,65,2.0,4.0,24,BTCUSDT
13,30.77,-0.5121,-6.505,-6.437,-10.935,0.0,30.8,69.2,6,2.5,65,3.0,1.5,6,BTCUSDT
12,41.67,-0.4312,-5.132,-5.803,-7.042,0.0,41.7,58.3,6,2.5,65,3.0,1.5,12,BTCUSDT
12,33.33,-0.1549,-2.064,-6.844,-1.525,25.0,58.3,16.7,6,2.5,65,3.0,1.5,24,BTCUSDT
12,33.33,-0.386,-4.577,-3.252,-8.596,0.0,8.3,91.7,6,2.5,65,3.0,2.5,6,BTCUSDT
11,45.45,-0.3797,-4.198,-3.989,-5.317,0.0,18.2,81.8,6,2.5,65,3.0,2.5,12,BTCUSDT
11,54.55,0.4116,4.416,-2.67,4.145,27.3,18.2,54.5,6,2.5,65,3.0,2.5,24,BTCUSDT
11,27.27,-0.4856,-5.242,-3.252,-12.85,0.0,0.0,100.0,6,2.5,65,3.0,4.0,6,BTCUSDT
9,33.33,-0.7157,-6.355,-5.924,-9.245,0.0,11.1,88.9,6,2.5,65,3.0,4.0,12,BTCUSDT
9,44.44,-0.0097,-0.232,-4.67,-0.104,11.1,11.1,77.8,6,2.5,65,3.0,4.0,24,BTCUSDT
12,58.33,-0.066,-0.849,-1.955,-1.26,41.7,25.0,33.3,6,2.5,70,1.0,1.5,6,BTCUSDT
11,54.55,-0.1223,-1.398,-2.333,-2.224,45.5,27.3,27.3,6,2.5,70,1.0,1.5,12,BTCUSDT
11,54.55,-0.3064,-3.402,-4.927,-4.702,54.5,45.5,0.0,6,2.5,70,1.0,1.5,24,BTCUSDT
11,63.64,0.0435,0.419,-1.029,0.799,45.5,9.1,45.5,6,2.5,70,1.0,2.5,6,BTCUSDT
9,55.56,-0.2166,-2.015,-2.67,-3.042,44.4,22.2,33.3,6,2.5,70,1.0,2.5,12,BTCUSDT
9,77.78,0.0522,0.374,-2.67,0.686,77.8,22.2,0.0,6,2.5,70,1.0,2.5,24,BTCUSDT
10,60.0,-0.0088,-0.138,-1.029,-0.169,40.0,0.0,60.0,6,2.5,70,1.0,4.0,6,BTCUSDT
7,42.86,-0.5432,-3.833,-4.17,-6.364,28.6,14.3,57.1,6,2.5,70,1.0,4.0,12,BTCUSDT
7,71.43,-0.0207,-0.251,-4.17,-0.229,71.4,14.3,14.3,6,2.5,70,1.0,4.0,24,BTCUSDT
11,36.36,-0.2291,-2.549,-2.543,-4.26,18.2,27.3,54.5,6,2.5,70,1.5,1.5,6,BTCUSDT
10,50.0,-0.0451,-0.526,-2.333,-0.697,30.0,30.0,40.0,6,2.5,70,1.5,1.5,12,BTCUSDT
10,50.0,-0.17,-1.798,-4.927,-2.165,50.0,50.0,0.0,6,2.5,70,1.5,1.5,24,BTCUSDT
10,40.0,-0.125,-1.302,-1.264,-2.192,20.0,10.0,70.0,6,2.5,70,1.5,2.5,6,BTCUSDT
9,55.56,-0.0884,-0.892,-2.67,-1.139,33.3,22.2,44.4,6,2.5,70,1.5,2.5,12,BTCUSDT
9,77.78,0.2675,2.314,-2.67,3.191,55.6,22.2,22.2,6,2.5,70,1.5,2.5,24,BTCUSDT
9,33.33,-0.2574,-2.334,-1.264,-5.113,11.1,0.0,88.9,6,2.5,70,1.5,4.0,6,BTCUSDT
7,42.86,-0.4004,-2.877,-4.17,-4.342,28.6,14.3,57.1,6,2.5,70,1.5,4.0,12,BTCUSDT
7,71.43,0.1132,0.676,-4.17,1.187,42.9,14.3,42.9,6,2.5,70,1.5,4.0,24,BTCUSDT
11,36.36,-0.218,-2.433,-2.907,-3.925,9.1,27.3,63.6,6,2.5,70,2.0,1.5,6,BTCUSDT
10,50.0,0.0279,0.191,-2.333,0.401,10.0,30.0,60.0,6,2.5,70,2.0,1.5,12,BTCUSDT
10,50.0,0.08,0.649,-4.927,0.873,50.0,50.0,0.0,6,2.5,70,2.0,1.5,24,BTCUSDT
10,40.0,-0.1128,-1.185,-1.264,-1.919,10.0,10.0,80.0,6,2.5,70,2.0,2.5,6,BTCUSDT
9,55.56,-0.0073,-0.178,-2.67,-0.089,11.1,22.2,66.7,6,2.5,70,2.0,2.5,12,BTCUSDT
9,77.78,0.5453,4.864,-2.67,5.809,55.6,22.2,22.2,6,2.5,70,2.0,2.5,24,BTCUSDT
9,33.33,-0.2994,-2.698,-1.264,-6.372,0.0,0.0,100.0,6,2.5,70,2.0,4.0,6,BTCUSDT
7,42.86,-0.3676,-2.657,-4.17,-3.902,0.0,14.3,85.7,6,2.5,70,2.0,4.0,12,BTCUSDT
7,71.43,0.3275,2.173,-4.17,3.167,42.9,14.3,42.9,6,2.5,70,2.0,4.0,24,BTCUSDT
11,36.36,-0.2698,-2.978,-2.907,-5.313,0.0,27.3,72.7,6,2.5,70,3.0,1.5,6,BTCUSDT
10,50.0,-0.006,-0.143,-2.333,-0.09,0.0,30.0,70.0,6,2.5,70,3.0,1.5,12,BTCUSDT
10,50.0,0.3305,3.14,-4.927,3.083,30.0,50.0,20.0,6,2.5,70,3.0,1.5,24,BTCUSDT
10,40.0,-0.1984,-2.016,-1.264,-3.799,0.0,10.0,90.0,6,2.5,70,3.0,2.5,6,BTCUSDT
9,55.56,-0.0343,-0.415,-2.67,-0.425,0.0,22.2,77.8,6,2.5,70,3.0,2.5,12,BTCUSDT
9,77.78,0.8236,7.459,-2.67,7.671,33.3,22.2,44.4,6,2.5,70,3.0,2.5,24,BTCUSDT
9,33.33,-0.2994,-2.698,-1.264,-6.372,0.0,0.0,100.0,6,2.5,70,3.0,4.0,6,BTCUSDT
7,42.86,-0.3676,-2.657,-4.17,-3.902,0.0,14.3,85.7,6,2.5,70,3.0,4.0,12,BTCUSDT
7,71.43,0.3997,2.676,-4.17,3.689,14.3,14.3,71.4,6,2.5,70,3.0,4.0,24,BTCUSDT
118,57.63,-0.1271,-14.433,-18.464,-2.447,38.1,22.9,39.0,12,1.0,55,1.0,1.5,6,BTCUSDT
98,58.16,-0.1319,-12.678,-17.533,-2.237,52.0,32.7,15.3,12,1.0,55,1.0,1.5,12,BTCUSDT
95,58.95,-0.1405,-13.093,-17.298,-2.251,58.9,36.8,4.2,12,1.0,55,1.0,1.5,24,BTCUSDT
108,58.33,-0.1695,-17.31,-21.205,-2.899,35.2,9.3,55.6,12,1.0,55,1.0,2.5,6,BTCUSDT
81,59.26,-0.1505,-12.086,-18.64,-2.233,54.3,13.6,32.1,12,1.0,55,1.0,2.5,12,BTCUSDT
69,66.67,-0.1029,-7.493,-14.178,-1.405,63.8,18.8,17.4,12,1.0,55,1.0,2.5,24,BTCUSDT
104,57.69,-0.2185,-20.944,-24.667,-3.495,33.7,1.9,64.4,12,1.0,55,1.0,4.0,6,BTCUSDT
73,58.9,-0.2381,-16.628,-22.843,-3.131,50.7,5.5,43.8,12,1.0,55,1.0,4.0,12,BTCUSDT
60,65.0,-0.2194,-13.121,-19.399,-2.463,65.0,11.7,23.3,12,1.0,55,1.0,4.0,24,BTCUSDT
110,50.0,-0.1455,-15.345,-18.91,-2.577,20.9,23.6,55.5,12,1.0,55,1.5,1.5,6,BTCUSDT
81,49.38,-0.1494,-12.004,-18.119,-2.213,32.1,37.0,30.9,12,1.0,55,1.5,1.5,12,BTCUSDT
76,51.32,-0.0753,-6.314,-16.113,-0.994,48.7,43.4,7.9,12,1.0,55,1.5,1.5,24,BTCUSDT
102,53.92,-0.1913,-18.363,-21.8,-3.016,19.6,9.8,70.6,12,1.0,55,1.5,2.5,6,BTCUSDT
70,48.57,-0.2503,-16.746,-24.337,-3.208,32.9,17.1,50.0,12,1.0,55,1.5,2.5,12,BTCUSDT
57,52.63,-0.2136,-12.18,-20.327,-2.45,43.9,24.6,31.6,12,1.0,55,1.5,2.5,24,BTCUSDT
99,53.54,-0.2002,-18.689,-22.113,-2.939,21.2,3.0,75.8,12,1.0,55,1.5,4.0,6,BTCUSDT
67,50.75,-0.2879,-18.312,-25.76,-3.361,34.3,6.0,59.7,12,1.0,55,1.5,4.0,12,BTCUSDT
51,52.94,-0.2777,-14.08,-22.05,-2.714,47.1,13.7,39.2,12,1.0,55,1.5,4.0,24,BTCUSDT
109,49.54,-0.1546,-16.099,-20.8,-2.628,11.9,23.9,64.2,12,1.0,55,2.0,1.5,6,BTCUSDT
78,48.72,-0.0717,-6.166,-14.053,-0.975,20.5,37.2,42.3,12,1.0,55,2.0,1.5,12,BTCUSDT
71,49.3,0.0589,3.275,-12.08,0.685,40.8,43.7,15.5,12,1.0,55,2.0,1.5,24,BTCUSDT
101,50.5,-0.2003,-18.945,-23.486,-3.15,10.9,9.9,79.2,12,1.0,55,2.0,2.5,6,BTCUSDT
70,48.57,-0.1759,-12.405,-21.914,-2.081,22.9,17.1,60.0,12,1.0,55,2.0,2.5,12,BTCUSDT
54,48.15,-0.1812,-10.147,-18.342,-1.899,35.2,25.9,38.9,12,1.0,55,2.0,2.5,24,BTCUSDT
99,51.52,-0.1962,-18.397,-22.969,-2.812,12.1,3.0,84.8,12,1.0,55,2.0,4.0,6,BTCUSDT
64,48.44,-0.2773,-17.063,-26.067,-3.115,18.8,6.2,75.0,12,1.0,55,2.0,4.0,12,BTCUSDT
48,45.83,-0.2784,-13.424,-20.873,-2.581,35.4,12.5,52.1,12,1.0,55,2.0,4.0,24,BTCUSDT
109,48.62,-0.1767,-18.102,-23.583,-2.986,1.8,23.9,74.3,12,1.0,55,3.0,1.5,6,BTCUSDT
75,46.67,-0.1076,-8.501,-18.475,-1.395,6.7,38.7,54.7,12,1.0,55,3.0,1.5,12,BTCUSDT
66,42.42,0.0314,0.963,-12.865,0.326,19.7,47.0,33.3,12,1.0,55,3.0,1.5,24,BTCUSDT
101,49.5,-0.222,-20.7,-26.007,-3.5,1.0,9.9,89.1,12,1.0,55,3.0,2.5,6,BTCUSDT
68,47.06,-0.1932,-13.16,-24.821,-2.2,5.9,17.6,76.5,12,1.0,55,3.0,2.5,12,BTCUSDT
52,42.31,-0.2033,-10.978,-20.711,-1.939,17.3,26.9,55.8,12,1.0,55,3.0,2.5,24,BTCUSDT
99,50.51,-0.2224,-20.483,-25.805,-3.208,1.0,3.0,96.0,12,1.0,55,3.0,4.0,6,BTCUSDT
63,47.62,-0.2772,-16.874,-28.037,-2.991,6.3,6.3,87.3,12,1.0,55,3.0,4.0,12,BTCUSDT
47,40.43,-0.2514,-12.224,-21.699,-2.129,19.1,12.8,68.1,12,1.0,55,3.0,4.0,24,BTCUSDT
94,56.38,-0.0752,-7.23,-12.18,-1.506,40.4,20.2,39.4,12,1.0,60,1.0,1.5,6,BTCUSDT
72,59.72,-0.1028,-7.531,-14.089,-1.822,48.6,29.2,22.2,12,1.0,60,1.0,1.5,12,BTCUSDT
70,60.0,-0.1199,-8.51,-14.657,-1.928,60.0,35.7,4.3,12,1.0,60,1.0,1.5,24,BTCUSDT
84,53.57,-0.205,-16.279,-20.747,-3.509,34.5,9.5,56.0,12,1.0,60,1.0,2.5,6,BTCUSDT
63,61.9,-0.1612,-10.147,-17.309,-2.379,52.4,12.7,34.9,12,1.0,60,1.0,2.5,12,BTCUSDT
53,64.15,-0.1869,-9.936,-16.138,-2.49,60.4,20.8,18.9,12,1.0,60,1.0,2.5,24,BTCUSDT
83,54.22,-0.2209,-17.262,-21.677,-3.558,36.1,1.2,62.7,12,1.0,60,1.0,4.0,6,BTCUSDT
58,62.07,-0.2342,-13.248,-19.947,-3.113,50.0,5.2,44.8,12,1.0,60,1.0,4.0,12,BTCUSDT
46,65.22,-0.2193,-10.204,-15.95,-2.494,63.0,10.9,26.1,12,1.0,60,1.0,4.0,24,BTCUSDT
88,46.59,-0.144,-12.35,-18.552,-2.593,21.6,22.7,55.7,12,1.0,60,1.5,1.5,6,BTCUSDT
62,50.0,-0.1439,-8.981,-17.95,-2.216,27.4,33.9,38.7,12,1.0,60,1.5,1.5,12,BTCUSDT
60,51.67,-0.0615,-4.244,-16.02,-0.804,51.7,43.3,5.0,12,1.0,60,1.5,1.5,24,BTCUSDT
80,50.0,-0.2142,-16.264,-22.01,-3.378,21.2,8.8,70.0,12,1.0,60,1.5,2.5,6,BTCUSDT
56,51.79,-0.1911,-10.691,-19.803,-2.514,32.1,14.3,53.6,12,1.0,60,1.5,2.5,12,BTCUSDT
46,56.52,-0.1056,-5.367,-16.272,-1.2,50.0,23.9,26.1,12,1.0,60,1.5,2.5,24,BTCUSDT
78,46.15,-0.2395,-17.583,-23.239,-3.611,21.8,1.3,76.9,12,1.0,60,1.5,4.0,6,BTCUSDT
53,54.72,-0.2235,-11.779,-21.122,-2.695,32.1,5.7,62.3,12,1.0,60,1.5,4.0,12,BTCUSDT
41,58.54,-0.0383,-2.239,-13.676,-0.402,51.2,9.8,39.0,12,1.0,60,1.5,4.0,24,BTCUSDT
87,47.13,-0.0942,-8.399,-16.835,-1.564,13.8,23.0,63.2,12,1.0,60,2.0,1.5,6,BTCUSDT
60,48.33,-0.0671,-4.471,-15.265,-0.947,20.0,33.3,46.7,12,1.0,60,2.0,1.5,12,BTCUSDT
57,49.12,0.0603,2.691,-9.657,0.696,42.1,43.9,14.0,12,1.0,60,2.0,1.5,24,BTCUSDT
79,48.1,-0.2271,-16.956,-24.221,-3.474,10.1,8.9,81.0,12,1.0,60,2.0,2.5,6,BTCUSDT
57,52.63,-0.0559,-3.839,-15.059,-0.672,28.1,14.0,57.9,12,1.0,60,2.0,2.5,12,BTCUSDT
44,52.27,-0.0588,-3.29,-12.031,-0.607,38.6,25.0,36.4,12,1.0,60,2.0,2.5,24,BTCUSDT
77,44.16,-0.253,-18.264,-25.414,-3.707,10.4,1.3,88.3,12,1.0,60,2.0,4.0,6,BTCUSDT
52,51.92,-0.1874,-9.973,-20.819,-2.119,23.1,5.8,71.2,12,1.0,60,2.0,4.0,12,BTCUSDT
39,53.85,-0.0077,-1.073,-11.918,-0.074,38.5,10.3,51.3,12,1.0,60,2.0,4.0,24,BTCUSDT
86,44.19,-0.1559,-13.05,-20.431,-2.597,2.3,23.3,74.4,12,1.0,60,3.0,1.5,6,BTCUSDT
60,48.33,-0.0502,-3.561,-14.315,-0.668,6.7,33.3,60.0,12,1.0,60,3.0,1.5,12,BTCUSDT
55,40.0,-0.0261,-2.319,-13.488,-0.273,18.2,47.3,34.5,12,1.0,60,3.0,1.5,24,BTCUSDT
79,46.84,-0.2491,-18.389,-25.041,-3.819,1.3,8.9,89.9,12,1.0,60,3.0,2.5,6,BTCUSDT
56,51.79,-0.045,-3.255,-14.281,-0.512,8.9,14.3,76.8,12,1.0,60,3.0,2.5,12,BTCUSDT
43,44.19,-0.0531,-3.124,-15.363,-0.499,18.6,25.6,55.8,12,1.0,60,3.0,2.5,24,BTCUSDT
77,42.86,-0.2725,-19.488,-26.05,-3.986,1.3,1.3,97.4,12,1.0,60,3.0,4.0,6,BTCUSDT
52,51.92,-0.126,-7.144,-17.974,-1.332,9.6,5.8,84.6,12,1.0,60,3.0,4.0,12,BTCUSDT
38,44.74,0.0036,-0.775,-12.589,0.031,23.7,10.5,65.8,12,1.0,60,3.0,4.0,24,BTCUSDT
67,58.21,-0.0548,-3.908,-9.219,-1.082,41.8,20.9,37.3,12,1.0,65,1.0,1.5,6,BTCUSDT
57,59.65,-0.0521,-3.264,-11.058,-0.906,56.1,28.1,15.8,12,1.0,65,1.0,1.5,12,BTCUSDT
55,61.82,-0.1001,-5.721,-13.389,-1.623,60.0,34.5,5.5,12,1.0,65,1.0,1.5,24,BTCUSDT
61,59.02,-0.0745,-4.766,-11.202,-1.362,37.7,8.2,54.1,12,1.0,65,1.0,2.5,6,BTCUSDT
50,64.0,-0.0184,-1.292,-7.705,-0.288,58.0,10.0,32.0,12,1.0,65,1.0,2.5,12,BTCUSDT
43,74.42,0.0322,1.003,-6.763,0.462,67.4,16.3,16.3,12,1.0,65,1.0,2.5,24,BTCUSDT
62,59.68,-0.0272,-1.993,-8.866,-0.508,40.3,1.6,58.1,12,1.0,65,1.0,4.0,6,BTCUSDT
48,66.67,-0.0387,-2.288,-8.294,-0.538,60.4,4.2,35.4,12,1.0,65,1.0,4.0,12,BTCUSDT
41,75.61,0.0494,1.553,-5.778,0.619,73.2,7.3,19.5,12,1.0,65,1.0,4.0,24,BTCUSDT
66,50.0,-0.0588,-4.181,-9.455,-1.039,25.8,21.2,53.0,12,1.0,65,1.5,1.5,6,BTCUSDT
52,50.0,-0.0367,-2.298,-11.437,-0.553,32.7,30.8,36.5,12,1.0,65,1.5,1.5,12,BTCUSDT
48,54.17,-0.0274,-1.805,-13.881,-0.36,52.1,41.7,6.2,12,1.0,65,1.5,1.5,24,BTCUSDT
59,50.85,-0.0661,-4.197,-10.042,-1.106,25.4,6.8,67.8,12,1.0,65,1.5,2.5,6,BTCUSDT
48,56.25,0.0027,-0.342,-9.527,0.037,37.5,10.4,52.1,12,1.0,65,1.5,2.5,12,BTCUSDT
40,67.5,0.0756,2.491,-10.894,0.865,57.5,22.5,20.0,12,1.0,65,1.5,2.5,24,BTCUSDT
59,52.54,-0.0089,-0.904,-8.083,-0.151,27.1,1.7,71.2,12,1.0,65,1.5,4.0,6,BTCUSDT
45,55.56,-0.0829,-4.185,-12.257,-1.023,37.8,4.4,57.8,12,1.0,65,1.5,4.0,12,BTCUSDT
37,67.57,0.1558,5.303,-7.165,1.675,59.5,8.1,32.4,12,1.0,65,1.5,4.0,24,BTCUSDT
65,49.23,-0.0521,-3.74,-9.504,-0.87,13.8,21.5,64.6,12,1.0,65,2.0,1.5,6,BTCUSDT
52,48.08,-0.0468,-2.851,-12.443,-0.676,17.3,30.8,51.9,12,1.0,65,2.0,1.5,12,BTCUSDT
46,50.0,0.032,0.86,-11.12,0.373,41.3,43.5,15.2,12,1.0,65,2.0,1.5,24,BTCUSDT
58,50.0,-0.0908,-5.505,-10.873,-1.487,10.3,6.9,82.8,12,1.0,65,2.0,2.5,6,BTCUSDT
48,52.08,-0.0,-0.591,-11.086,-0.001,27.1,12.5,60.4,12,1.0,65,2.0,2.5,12,BTCUSDT
37,62.16,0.0806,2.368,-9.43,0.83,43.2,24.3,32.4,12,1.0,65,2.0,2.5,24,BTCUSDT
58,51.72,-0.0067,-0.799,-6.939,-0.108,13.8,1.7,84.5,12,1.0,65,2.0,4.0,6,BTCUSDT
45,51.11,-0.1506,-7.122,-15.71,-1.758,22.2,4.4,73.3,12,1.0,65,2.0,4.0,12,BTCUSDT
34,64.71,0.1844,5.763,-5.172,1.796,44.1,8.8,47.1,12,1.0,65,2.0,4.0,24,BTCUSDT
65,47.69,-0.1083,-7.166,-12.481,-1.886,0.0,21.5,78.5,12,1.0,65,3.0,1.5,6,BTCUSDT
52,48.08,-0.0816,-4.592,-12.621,-1.173,3.8,30.8,65.4,12,1.0,65,3.0,1.5,12,BTCUSDT
46,45.65,0.1488,6.226,-11.12,1.519,21.7,43.5,34.8,12,1.0,65,3.0,1.5,24,BTCUSDT
58,48.28,-0.1289,-7.562,-13.304,-2.144,0.0,6.9,93.1,12,1.0,65,3.0,2.5,6,BTCUSDT
48,52.08,-0.0644,-3.603,-11.198,-0.794,6.2,12.5,81.2,12,1.0,65,3.0,2.5,12,BTCUSDT
37,56.76,0.2097,7.193,-9.01,1.918,24.3,24.3,51.4,12,1.0,65,3.0,2.5,24,BTCUSDT
58,50.0,-0.0617,-3.887,-9.279,-1.024,0.0,1.7,98.3,12,1.0,65,3.0,4.0,6,BTCUSDT
45,51.11,-0.1874,-8.658,-15.855,-2.173,6.7,4.4,88.9,12,1.0,65,3.0,4.0,12,BTCUSDT
34,58.82,0.382,12.875,-4.241,3.259,32.4,8.8,58.8,12,1.0,65,3.0,4.0,24,BTCUSDT
37,54.05,-0.1206,-4.563,-9.852,-2.191,45.9,27.0,27.0,12,1.0,70,1.0,1.5,6,BTCUSDT
32,56.25,-0.1032,-3.45,-8.952,-1.743,56.2,31.2,12.5,12,1.0,70,1.0,1.5,12,BTCUSDT
31,58.06,-0.1831,-5.736,-11.258,-2.898,58.1,38.7,3.2,12,1.0,70,1.0,1.5,24,BTCUSDT
34,61.76,0.0944,3.097,-3.798,1.868,52.9,2.9,44.1,12,1.0,70,1.0,2.5,6,BTCUSDT
28,67.86,0.0759,1.929,-3.88,1.177,67.9,10.7,21.4,12,1.0,70,1.0,2.5,12,BTCUSDT
26,73.08,0.0625,1.386,-4.914,0.87,73.1,19.2,7.7,12,1.0,70,1.0,2.5,24,BTCUSDT
33,60.61,0.0495,1.462,-3.798,0.907,51.5,0.0,48.5,12,1.0,70,1.0,4.0,6,BTCUSDT
26,65.38,-0.0819,-2.405,-7.967,-1.033,65.4,7.7,26.9,12,1.0,70,1.0,4.0,12,BTCUSDT
23,69.57,-0.0464,-1.351,-8.639,-0.56,69.6,8.7,21.7,12,1.0,70,1.0,4.0,24,BTCUSDT
35,42.86,-0.0698,-2.656,-11.482,-1.121,34.3,25.7,40.0,12,1.0,70,1.5,1.5,6,BTCUSDT
30,50.0,0.0413,0.971,-8.478,0.586,43.3,33.3,23.3,12,1.0,70,1.5,1.5,12,BTCUSDT
29,51.72,-0.0805,-2.616,-11.878,-1.044,51.7,44.8,3.4,12,1.0,70,1.5,1.5,24,BTCUSDT
32,53.12,0.2046,6.548,-2.968,3.514,40.6,3.1,56.2,12,1.0,70,1.5,2.5,6,BTCUSDT
27,62.96,0.2611,6.974,-3.106,3.353,55.6,14.8,29.6,12,1.0,70,1.5,2.5,12,BTCUSDT
25,72.0,0.3123,7.771,-2.856,3.785,64.0,20.0,16.0,12,1.0,70,1.5,2.5,24,BTCUSDT
32,53.12,0.1812,5.729,-3.714,2.938,40.6,0.0,59.4,12,1.0,70,1.5,4.0,6,BTCUSDT
25,60.0,0.0548,0.964,-8.484,0.582,60.0,8.0,32.0,12,1.0,70,1.5,4.0,12,BTCUSDT
22,68.18,0.0891,1.53,-7.923,0.857,63.6,13.6,22.7,12,1.0,70,1.5,4.0,24,BTCUSDT
35,42.86,-0.0204,-0.993,-11.377,-0.306,20.0,25.7,54.3,12,1.0,70,2.0,1.5,6,BTCUSDT
30,46.67,0.1246,3.459,-7.684,1.59,30.0,33.3,36.7,12,1.0,70,2.0,1.5,12,BTCUSDT
29,51.72,0.1781,4.846,-7.599,1.977,51.7,44.8,3.4,12,1.0,70,2.0,1.5,24,BTCUSDT
32,53.12,0.2643,8.559,-3.173,4.171,25.0,3.1,71.9,12,1.0,70,2.0,2.5,6,BTCUSDT
27,59.26,0.3547,9.636,-3.355,4.149,37.0,14.8,48.1,12,1.0,70,2.0,2.5,12,BTCUSDT
24,70.83,0.5824,14.506,-2.67,6.158,62.5,20.8,16.7,12,1.0,70,2.0,2.5,24,BTCUSDT
32,53.12,0.2103,6.687,-4.842,3.225,21.9,0.0,78.1,12,1.0,70,2.0,4.0,6,BTCUSDT
25,56.0,0.1134,2.399,-7.625,1.13,36.0,8.0,56.0,12,1.0,70,2.0,4.0,12,BTCUSDT
22,68.18,0.4073,8.774,-4.774,3.555,63.6,13.6,22.7,12,1.0,70,2.0,4.0,24,BTCUSDT
35,42.86,-0.0296,-1.319,-11.693,-0.437,2.9,25.7,71.4,12,1.0,70,3.0,1.5,6,BTCUSDT
30,43.33,0.0264,0.463,-7.597,0.34,6.7,33.3,60.0,12,1.0,70,3.0,1.5,12,BTCUSDT
29,44.83,0.1466,3.814,-6.797,1.496,20.7,44.8,34.5,12,1.0,70,3.0,1.5,24,BTCUSDT
32,53.12,0.2365,7.597,-3.714,3.715,3.1,3.1,93.8,12,1.0,70,3.0,2.5,6,BTCUSDT
27,55.56,0.2458,6.465,-3.355,2.862,7.4,14.8,77.8,12,1.0,70,3.0,2.5,12,BTCUSDT
24,62.5,0.5764,14.247,-2.734,5.519,20.8,20.8,58.3,12,1.0,70,3.0,2.5,24,BTCUSDT
32,53.12,0.2002,6.336,-4.842,3.015,3.1,0.0,96.9,12,1.0,70,3.0,4.0,6,BTCUSDT
25,52.0,0.029,0.255,-7.253,0.287,8.0,8.0,84.0,12,1.0,70,3.0,4.0,12,BTCUSDT
22,59.09,0.4181,8.931,-4.233,3.358,27.3,13.6,59.1,12,1.0,70,3.0,4.0,24,BTCUSDT
87,49.43,-0.2485,-19.846,-22.659,-4.57,36.8,28.7,34.5,12,1.5,55,1.0,1.5,6,BTCUSDT
74,51.35,-0.3051,-20.617,-23.01,-5.135,43.2,36.5,20.3,12,1.5,55,1.0,1.5,12,BTCUSDT
72,52.78,-0.3163,-20.821,-24.411,-4.983,51.4,43.1,5.6,12,1.5,55,1.0,1.5,24,BTCUSDT
76,51.32,-0.2833,-19.817,-22.579,-4.649,31.6,11.8,56.6,12,1.5,55,1.0,2.5,6,BTCUSDT
57,57.89,-0.2333,-12.891,-17.611,-3.438,47.4,14.0,38.6,12,1.5,55,1.0,2.5,12,BTCUSDT
55,65.45,-0.1713,-9.523,-15.65,-2.278,61.8,21.8,16.4,12,1.5,55,1.0,2.5,24,BTCUSDT
74,52.7,-0.236,-16.403,-19.282,-4.191,31.1,0.0,68.9,12,1.5,55,1.0,4.0,6,BTCUSDT
51,56.86,-0.2473,-12.277,-17.03,-3.503,47.1,3.9,49.0,12,1.5,55,1.0,4.0,12,BTCUSDT
46,67.39,-0.0508,-2.839,-9.296,-0.638,65.2,8.7,26.1,12,1.5,55,1.0,4.0,24,BTCUSDT
81,40.74,-0.2788,-20.646,-24.185,-4.744,21.0,29.6,49.4,12,1.5,55,1.5,1.5,6,BTCUSDT
62,43.55,-0.3397,-19.443,-24.127,-5.01,27.4,41.9,30.6,12,1.5,55,1.5,1.5,12,BTCUSDT
59,44.07,-0.3322,-18.325,-23.561,-4.435,40.7,50.8,8.5,12,1.5,55,1.5,1.5,24,BTCUSDT
73,46.58,-0.2964,-19.968,-23.178,-4.425,20.5,12.3,67.1,12,1.5,55,1.5,2.5,6,BTCUSDT
49,44.9,-0.4225,-19.169,-25.543,-5.489,24.5,18.4,57.1,12,1.5,55,1.5,2.5,12,BTCUSDT
46,54.35,-0.2692,-12.259,-18.403,-3.012,45.7,28.3,26.1,12,1.5,55,1.5,2.5,24,BTCUSDT
69,46.38,-0.2398,-15.694,-19.074,-3.793,20.3,1.4,78.3,12,1.5,55,1.5,4.0,6,BTCUSDT
45,42.22,-0.4924,-20.338,-26.621,-6.195,26.7,4.4,68.9,12,1.5,55,1.5,4.0,12,BTCUSDT
35,45.71,-0.3482,-11.979,-18.031,-3.785,34.3,11.4,54.3,12,1.5,55,1.5,4.0,24,BTCUSDT
81,41.98,-0.2431,-18.362,-22.937,-3.922,12.3,29.6,58.0,12,1.5,55,2.0,1.5,6,BTCUSDT
60,43.33,-0.2251,-13.192,-19.865,-2.986,21.7,41.7,36.7,12,1.5,55,2.0,1.5,12,BTCUSDT
57,43.86,-0.1362,-8.202,-17.86,-1.562,40.4,50.9,8.8,12,1.5,55,2.0,1.5,24,BTCUSDT
71,42.25,-0.3356,-21.686,-25.726,-5.042,9.9,12.7,77.5,12,1.5,55,2.0,2.5,6,BTCUSDT
50,46.0,-0.3448,-16.396,-24.965,-4.139,20.0,18.0,62.0,12,1.5,55,2.0,2.5,12,BTCUSDT
45,53.33,-0.0825,-4.453,-14.574,-0.819,44.4,28.9,26.7,12,1.5,55,2.0,2.5,24,BTCUSDT
69,46.38,-0.2,-13.394,-17.863,-2.998,13.0,1.4,85.5,12,1.5,55,2.0,4.0,6,BTCUSDT
44,40.91,-0.4375,-18.036,-26.437,-5.108,20.5,4.5,75.0,12,1.5,55,2.0,4.0,12,BTCUSDT
35,45.71,-0.1768,-6.624,-16.402,-1.751,34.3,11.4,54.3,12,1.5,55,2.0,4.0,24,BTCUSDT
80,40.0,-0.3167,-22.81,-26.013,-5.337,1.2,30.0,68.8,12,1.5,55,3.0,1.5,6,BTCUSDT
58,39.66,-0.3314,-17.975,-22.867,-4.552,1.7,43.1,55.2,12,1.5,55,3.0,1.5,12,BTCUSDT
53,35.85,-0.269,-13.992,-21.49,-2.956,13.2,52.8,34.0,12,1.5,55,3.0,1.5,24,BTCUSDT
71,42.25,-0.3707,-23.59,-26.415,-5.809,0.0,12.7,87.3,12,1.5,55,3.0,2.5,6,BTCUSDT
49,42.86,-0.3965,-18.205,-25.164,-4.749,4.1,18.4,77.6,12,1.5,55,3.0,2.5,12,BTCUSDT
42,45.24,-0.2407,-10.383,-18.806,-2.302,11.9,31.0,57.1,12,1.5,55,3.0,2.5,24,BTCUSDT
69,44.93,-0.2682,-17.333,-20.39,-4.255,0.0,1.4,98.6,12,1.5,55,3.0,4.0,6,BTCUSDT
44,38.64,-0.4504,-18.521,-25.453,-5.16,4.5,4.5,90.9,12,1.5,55,3.0,4.0,12,BTCUSDT
33,36.36,-0.3574,-11.714,-18.655,-3.477,12.1,12.1,75.8,12,1.5,55,3.0,4.0,24,BTCUSDT
76,52.63,-0.1601,-11.808,-15.512,-3.039,39.5,25.0,35.5,12,1.5,60,1.0,1.5,6,BTCUSDT
64,57.81,-0.1728,-10.834,-16.119,-2.971,46.9,32.8,20.3,12,1.5,60,1.0,1.5,12,BTCUSDT
62,58.06,-0.1863,-11.32,-17.858,-2.945,58.1,38.7,3.2,12,1.5,60,1.0,1.5,24,BTCUSDT
64,53.12,-0.2379,-14.489,-17.403,-4.044,32.8,9.4,57.8,12,1.5,60,1.0,2.5,6,BTCUSDT
50,62.0,-0.1985,-9.856,-15.199,-2.876,48.0,14.0,38.0,12,1.5,60,1.0,2.5,12,BTCUSDT
47,68.09,-0.1056,-5.308,-11.786,-1.408,66.0,21.3,12.8,12,1.5,60,1.0,2.5,24,BTCUSDT
63,53.97,-0.2295,-13.817,-16.754,-3.945,33.3,0.0,66.7,12,1.5,60,1.0,4.0,6,BTCUSDT
45,60.0,-0.2529,-11.171,-16.435,-3.442,46.7,4.4,48.9,12,1.5,60,1.0,4.0,12,BTCUSDT
40,70.0,-0.05,-2.49,-9.036,-0.598,67.5,10.0,22.5,12,1.5,60,1.0,4.0,24,BTCUSDT
70,40.0,-0.2534,-16.635,-22.197,-4.357,21.4,28.6,50.0,12,1.5,60,1.5,1.5,6,BTCUSDT
53,47.17,-0.2666,-13.564,-22.228,-4.013,26.4,39.6,34.0,12,1.5,60,1.5,1.5,12,BTCUSDT
51,47.06,-0.2395,-11.99,-21.406,-3.137,45.1,49.0,5.9,12,1.5,60,1.5,1.5,24,BTCUSDT
60,46.67,-0.2572,-14.71,-20.026,-3.978,21.7,8.3,70.0,12,1.5,60,1.5,2.5,6,BTCUSDT
44,50.0,-0.2633,-11.38,-20.262,-3.43,29.5,15.9,54.5,12,1.5,60,1.5,2.5,12,BTCUSDT
40,57.5,-0.1518,-6.452,-16.201,-1.691,50.0,27.5,22.5,12,1.5,60,1.5,2.5,24,BTCUSDT
58,43.1,-0.2699,-14.862,-20.168,-4.32,20.7,0.0,79.3,12,1.5,60,1.5,4.0,6,BTCUSDT
40,50.0,-0.299,-11.714,-20.563,-3.707,30.0,5.0,65.0,12,1.5,60,1.5,4.0,12,BTCUSDT
34,58.82,0.0353,0.705,-9.789,0.397,47.1,8.8,44.1,12,1.5,60,1.5,4.0,24,BTCUSDT
70,41.43,-0.2047,-13.786,-19.965,-3.301,12.9,28.6,58.6,12,1.5,60,2.0,1.5,6,BTCUSDT
51,45.1,-0.209,-10.551,-20.067,-2.917,17.6,39.2,43.1,12,1.5,60,2.0,1.5,12,BTCUSDT
49,46.94,-0.0271,-2.005,-15.657,-0.306,42.9,49.0,8.2,12,1.5,60,2.0,1.5,24,BTCUSDT
59,44.07,-0.2846,-15.881,-21.543,-4.298,10.2,8.5,81.4,12,1.5,60,2.0,2.5,6,BTCUSDT
45,51.11,-0.1446,-6.838,-17.24,-1.74,24.4,15.6,60.0,12,1.5,60,2.0,2.5,12,BTCUSDT
39,56.41,0.0422,0.92,-11.956,0.418,46.2,28.2,25.6,12,1.5,60,2.0,2.5,24,BTCUSDT
57,40.35,-0.3073,-16.443,-22.067,-4.848,8.8,0.0,91.2,12,1.5,60,2.0,4.0,6,BTCUSDT
39,46.15,-0.3008,-11.551,-21.427,-3.524,20.5,5.1,74.4,12,1.5,60,2.0,4.0,12,BTCUSDT
33,57.58,0.2097,6.524,-8.404,2.125,42.4,9.1,48.5,12,1.5,60,2.0,4.0,24,BTCUSDT
69,39.13,-0.2739,-17.619,-23.16,-4.554,1.4,29.0,69.6,12,1.5,60,3.0,1.5,6,BTCUSDT
51,43.14,-0.3117,-15.077,-20.58,-4.642,0.0,39.2,60.8,12,1.5,60,3.0,1.5,12,BTCUSDT
46,34.78,-0.2577,-11.8,-19.704,-2.844,13.0,52.2,34.8,12,1.5,60,3.0,1.5,24,BTCUSDT
59,44.07,-0.3102,-17.117,-22.327,-4.844,0.0,8.5,91.5,12,1.5,60,3.0,2.5,6,BTCUSDT
44,47.73,-0.2701,-11.678,-17.828,-3.378,2.3,15.9,81.8,12,1.5,60,3.0,2.5,12,BTCUSDT
37,43.24,-0.1931,-7.583,-16.702,-1.853,13.5,29.7,56.8,12,1.5,60,3.0,2.5,24,BTCUSDT
57,40.35,-0.3224,-17.148,-22.356,-5.195,0.0,0.0,100.0,12,1.5,60,3.0,4.0,6,BTCUSDT
39,43.59,-0.3817,-14.285,-20.254,-4.572,2.6,5.1,92.3,12,1.5,60,3.0,4.0,12,BTCUSDT
31,41.94,-0.0349,-1.694,-10.009,-0.333,19.4,9.7,71.0,12,1.5,60,3.0,4.0,24,BTCUSDT
57,59.65,-0.0799,-4.74,-9.987,-1.497,43.9,24.6,31.6,12,1.5,65,1.0,1.5,6,BTCUSDT
49,59.18,-0.1268,-6.33,-12.072,-2.129,53.1,32.7,14.3,12,1.5,65,1.0,1.5,12,BTCUSDT
47,57.45,-0.1917,-8.937,-15.572,-3.045,57.4,38.3,4.3,12,1.5,65,1.0,1.5,24,BTCUSDT
49,61.22,-0.0579,-3.073,-8.858,-1.038,40.8,8.2,51.0,12,1.5,65,1.0,2.5,6,BTCUSDT
40,65.0,-0.1009,-4.288,-9.552,-1.477,55.0,12.5,32.5,12,1.5,65,1.0,2.5,12,BTCUSDT
37,70.27,-0.0361,-1.68,-7.99,-0.497,67.6,18.9,13.5,12,1.5,65,1.0,2.5,24,BTCUSDT
49,61.22,-0.0307,-1.762,-7.652,-0.562,40.8,2.0,57.1,12,1.5,65,1.0,4.0,6,BTCUSDT
38,65.79,-0.1571,-6.196,-11.023,-2.029,57.9,5.3,36.8,12,1.5,65,1.0,4.0,12,BTCUSDT
34,70.59,-0.0045,-0.571,-5.828,-0.055,70.6,8.8,20.6,12,1.5,65,1.0,4.0,24,BTCUSDT
56,50.0,-0.0788,-4.674,-11.273,-1.313,28.6,25.0,46.4,12,1.5,65,1.5,1.5,6,BTCUSDT
44,50.0,-0.1056,-4.909,-13.465,-1.529,34.1,36.4,29.5,12,1.5,65,1.5,1.5,12,BTCUSDT
41,48.78,-0.1583,-6.703,-16.878,-2.061,48.8,46.3,4.9,12,1.5,65,1.5,1.5,24,BTCUSDT
47,51.06,-0.0392,-2.15,-8.822,-0.632,29.8,6.4,63.8,12,1.5,65,1.5,2.5,6,BTCUSDT
38,57.89,-0.0817,-3.469,-12.735,-1.047,36.8,13.2,50.0,12,1.5,65,1.5,2.5,12,BTCUSDT
35,62.86,-0.0105,-0.886,-12.066,-0.116,57.1,25.7,17.1,12,1.5,65,1.5,2.5,24,BTCUSDT
47,53.19,0.0071,0.013,-7.469,0.116,29.8,2.1,68.1,12,1.5,65,1.5,4.0,6,BTCUSDT
35,54.29,-0.224,-8.002,-16.122,-2.568,40.0,5.7,54.3,12,1.5,65,1.5,4.0,12,BTCUSDT
31,61.29,0.0617,1.417,-7.672,0.658,54.8,9.7,35.5,12,1.5,65,1.5,4.0,24,BTCUSDT
55,49.09,-0.0703,-4.186,-11.936,-1.102,16.4,25.5,58.2,12,1.5,65,2.0,1.5,6,BTCUSDT
44,47.73,-0.1238,-5.698,-14.746,-1.719,18.2,36.4,45.5,12,1.5,65,2.0,1.5,12,BTCUSDT
40,47.5,0.0186,0.17,-14.075,0.21,45.0,47.5,7.5,12,1.5,65,2.0,1.5,24,BTCUSDT
46,50.0,-0.0443,-2.364,-9.544,-0.68,15.2,6.5,78.3,12,1.5,65,2.0,2.5,6,BTCUSDT
38,55.26,-0.0364,-1.853,-12.783,-0.436,26.3,13.2,60.5,12,1.5,65,2.0,2.5,12,BTCUSDT
33,60.61,0.1527,4.503,-10.178,1.496,51.5,27.3,21.2,12,1.5,65,2.0,2.5,24,BTCUSDT
46,52.17,0.0248,0.784,-7.013,0.38,17.4,2.2,80.4,12,1.5,65,2.0,4.0,6,BTCUSDT
35,51.43,-0.2568,-9.081,-18.289,-2.862,22.9,5.7,71.4,12,1.5,65,2.0,4.0,12,BTCUSDT
29,62.07,0.2368,6.475,-5.439,2.265,48.3,10.3,41.4,12,1.5,65,2.0,4.0,24,BTCUSDT
55,47.27,-0.1437,-7.943,-14.515,-2.388,0.0,25.5,74.5,12,1.5,65,3.0,1.5,6,BTCUSDT
44,45.45,-0.2257,-9.807,-15.581,-3.283,2.3,36.4,61.4,12,1.5,65,3.0,1.5,12,BTCUSDT
40,40.0,0.0127,-0.185,-13.623,0.13,20.0,47.5,32.5,12,1.5,65,3.0,1.5,24,BTCUSDT
46,47.83,-0.1095,-5.228,-12.036,-1.754,0.0,6.5,93.5,12,1.5,65,3.0,2.5,6,BTCUSDT
38,52.63,-0.1562,-6.197,-12.656,-1.932,5.3,13.2,81.6,12,1.5,65,3.0,2.5,12,BTCUSDT
33,51.52,0.1322,3.69,-9.654,1.195,21.2,27.3,51.5,12,1.5,65,3.0,2.5,24,BTCUSDT
46,50.0,-0.0528,-2.719,-9.128,-0.852,0.0,2.2,97.8,12,1.5,65,3.0,4.0,6,BTCUSDT
35,48.57,-0.3546,-12.13,-18.181,-4.032,5.7,5.7,88.6,12,1.5,65,3.0,4.0,12,BTCUSDT
29,51.72,0.2751,7.513,-5.439,2.357,31.0,10.3,58.6,12,1.5,65,3.0,4.0,24,BTCUSDT
33,51.52,-0.1775,-5.86,-9.617,-3.295,39.4,27.3,33.3,12,1.5,70,1.0,1.5,6,BTCUSDT
29,55.17,-0.134,-3.989,-8.709,-2.299,51.7,31.0,17.2,12,1.5,70,1.0,1.5,12,BTCUSDT
28,53.57,-0.2916,-8.045,-12.713,-4.562,53.6,42.9,3.6,12,1.5,70,1.0,1.5,24,BTCUSDT
30,60.0,0.0715,2.03,-5.058,1.444,50.0,3.3,46.7,12,1.5,70,1.0,2.5,6,BTCUSDT
25,68.0,0.0585,1.279,-3.49,0.906,64.0,12.0,24.0,12,1.5,70,1.0,2.5,12,BTCUSDT
24,70.83,-0.0014,-0.276,-5.129,-0.02,70.8,20.8,8.3,12,1.5,70,1.0,2.5,24,BTCUSDT
29,58.62,0.0195,0.412,-5.058,0.362,48.3,0.0,51.7,12,1.5,70,1.0,4.0,6,BTCUSDT
22,63.64,-0.1647,-3.826,-7.795,-2.007,59.1,9.1,31.8,12,1.5,70,1.0,4.0,12,BTCUSDT
20,65.0,-0.0993,-2.21,-7.404,-1.218,65.0,10.0,25.0,12,1.5,70,1.0,4.0,24,BTCUSDT
31,41.94,-0.1422,-4.513,-10.542,-2.362,29.0,25.8,45.2,12,1.5,70,1.5,1.5,6,BTCUSDT
27,51.85,0.0205,0.312,-7.865,0.293,40.7,33.3,25.9,12,1.5,70,1.5,1.5,12,BTCUSDT
26,50.0,-0.1279,-3.545,-11.558,-1.659,50.0,46.2,3.8,12,1.5,70,1.5,1.5,24,BTCUSDT
28,50.0,0.1422,3.893,-4.174,2.537,35.7,3.6,60.7,12,1.5,70,1.5,2.5,6,BTCUSDT
24,62.5,0.2037,4.725,-4.378,2.622,50.0,16.7,33.3,12,1.5,70,1.5,2.5,12,BTCUSDT
23,69.57,0.2238,4.96,-3.753,2.65,60.9,21.7,17.4,12,1.5,70,1.5,2.5,24,BTCUSDT
28,50.0,0.1155,3.094,-4.174,1.923,35.7,0.0,64.3,12,1.5,70,1.5,4.0,6,BTCUSDT
21,57.14,-0.1011,-2.455,-9.216,-1.047,52.4,9.5,38.1,12,1.5,70,1.5,4.0,12,BTCUSDT
19,63.16,-0.0241,-0.836,-8.873,-0.232,57.9,15.8,26.3,12,1.5,70,1.5,4.0,24,BTCUSDT
31,41.94,-0.0947,-3.123,-10.228,-1.473,16.1,25.8,58.1,12,1.5,70,2.0,1.5,6,BTCUSDT
27,48.15,0.076,1.777,-7.508,0.99,25.9,33.3,40.7,12,1.5,70,2.0,1.5,12,BTCUSDT
26,50.0,0.1221,2.829,-7.957,1.356,50.0,46.2,3.8,12,1.5,70,2.0,1.5,24,BTCUSDT
28,50.0,0.1968,5.459,-3.701,3.231,21.4,3.6,75.0,12,1.5,70,2.0,2.5,6,BTCUSDT
24,58.33,0.287,6.779,-4.349,3.37,33.3,16.7,50.0,12,1.5,70,2.0,2.5,12,BTCUSDT
22,68.18,0.469,10.427,-3.093,4.854,59.1,22.7,18.2,12,1.5,70,2.0,2.5,24,BTCUSDT
28,50.0,0.135,3.641,-3.961,2.148,17.9,0.0,82.1,12,1.5,70,2.0,4.0,6,BTCUSDT
21,52.38,-0.0802,-2.062,-9.262,-0.791,28.6,9.5,61.9,12,1.5,70,2.0,4.0,12,BTCUSDT
19,63.16,0.2653,4.681,-5.36,2.318,57.9,15.8,26.3,12,1.5,70,2.0,4.0,24,BTCUSDT
31,41.94,-0.1593,-5.015,-10.79,-2.664,0.0,25.8,74.2,12,1.5,70,3.0,1.5,6,BTCUSDT
27,44.44,-0.1071,-3.083,-8.033,-1.546,0.0,33.3,66.7,12,1.5,70,3.0,1.5,12,BTCUSDT
26,42.31,0.0052,-0.277,-8.046,0.056,15.4,46.2,38.5,12,1.5,70,3.0,1.5,24,BTCUSDT
28,50.0,0.105,2.821,-3.961,1.905,0.0,3.6,96.4,12,1.5,70,3.0,2.5,6,BTCUSDT
24,54.17,0.0811,1.684,-4.653,1.024,0.0,16.7,83.3,12,1.5,70,3.0,2.5,12,BTCUSDT
22,59.09,0.3773,8.178,-2.906,3.67,13.6,22.7,63.6,12,1.5,70,3.0,2.5,24,BTCUSDT
28,50.0,0.0636,1.616,-4.562,1.087,0.0,0.0,100.0,12,1.5,70,3.0,4.0,6,BTCUSDT
21,47.62,-0.2616,-5.69,-8.936,-2.728,0.0,9.5,90.5,12,1.5,70,3.0,4.0,12,BTCUSDT
19,52.63,0.1765,2.878,-4.56,1.456,21.1,15.8,63.2,12,1.5,70,3.0,4.0,24,BTCUSDT
41,43.9,-0.3437,-13.36,-14.091,-6.32,34.1,31.7,34.1,12,2.5,55,1.0,1.5,6,BTCUSDT
34,50.0,-0.2654,-8.831,-10.163,-4.593,41.2,35.3,23.5,12,2.5,55,1.0,1.5,12,BTCUSDT
33,54.55,-0.3064,-9.862,-11.34,-4.702,54.5,45.5,0.0,12,2.5,55,1.0,1.5,24,BTCUSDT
36,52.78,-0.1705,-6.16,-6.951,-2.992,38.9,8.3,52.8,12,2.5,55,1.0,2.5,6,BTCUSDT
27,59.26,-0.2131,-5.82,-7.197,-3.099,48.1,14.8,37.0,12,2.5,55,1.0,2.5,12,BTCUSDT
26,69.23,-0.128,-3.559,-6.692,-1.64,69.2,23.1,7.7,12,2.5,55,1.0,2.5,24,BTCUSDT
35,48.57,-0.2184,-7.562,-8.342,-3.827,34.3,2.9,62.9,12,2.5,55,1.0,4.0,6,BTCUSDT
25,52.0,-0.3309,-8.207,-9.548,-4.289,44.0,8.0,48.0,12,2.5,55,1.0,4.0,12,BTCUSDT
24,66.67,-0.2101,-5.261,-9.52,-2.356,66.7,12.5,20.8,12,2.5,55,1.0,4.0,24,BTCUSDT
39,35.9,-0.4051,-14.853,-15.988,-6.883,20.5,35.9,43.6,12,2.5,55,1.5,1.5,6,BTCUSDT
33,42.42,-0.4158,-13.072,-14.328,-6.376,21.2,45.5,33.3,12,2.5,55,1.5,1.5,12,BTCUSDT
32,43.75,-0.3897,-12.048,-13.462,-5.091,40.6,56.2,3.1,12,2.5,55,1.5,1.5,24,BTCUSDT
33,39.39,-0.2684,-8.692,-9.909,-4.412,21.2,9.1,69.7,12,2.5,55,1.5,2.5,6,BTCUSDT
26,50.0,-0.3366,-8.633,-9.953,-4.558,23.1,15.4,61.5,12,2.5,55,1.5,2.5,12,BTCUSDT
25,60.0,-0.1769,-4.686,-7.066,-1.967,48.0,28.0,24.0,12,2.5,55,1.5,2.5,24,BTCUSDT
32,37.5,-0.2612,-8.238,-9.462,-4.198,21.9,3.1,75.0,12,2.5,55,1.5,4.0,6,BTCUSDT
24,45.83,-0.3152,-7.584,-8.919,-3.78,29.2,8.3,62.5,12,2.5,55,1.5,4.0,12,BTCUSDT
23,60.87,-0.1364,-3.48,-7.947,-1.405,47.8,13.0,39.1,12,2.5,55,1.5,4.0,24,BTCUSDT
39,38.46,-0.3619,-13.425,-14.425,-5.843,10.3,35.9,53.8,12,2.5,55,2.0,1.5,6,BTCUSDT
31,38.71,-0.3805,-11.395,-11.064,-5.408,16.1,45.2,38.7,12,2.5,55,2.0,1.5,12,BTCUSDT
30,40.0,-0.3361,-9.978,-10.595,-3.877,33.3,60.0,6.7,12,2.5,55,2.0,1.5,24,BTCUSDT
33,39.39,-0.2724,-8.819,-9.873,-4.421,9.1,9.1,81.8,12,2.5,55,2.0,2.5,6,BTCUSDT
26,46.15,-0.3187,-8.236,-8.389,-4.053,19.2,15.4,65.4,12,2.5,55,2.0,2.5,12,BTCUSDT
23,56.52,-0.1102,-2.921,-6.111,-1.095,39.1,30.4,30.4,12,2.5,55,2.0,2.5,24,BTCUSDT
32,40.62,-0.2058,-6.613,-7.692,-3.17,12.5,3.1,84.4,12,2.5,55,2.0,4.0,6,BTCUSDT
22,40.91,-0.2918,-6.454,-6.609,-3.777,18.2,4.5,77.3,12,2.5,55,2.0,4.0,12,BTCUSDT
22,59.09,0.0037,-0.385,-6.486,0.034,40.9,13.6,45.5,12,2.5,55,2.0,4.0,24,BTCUSDT
38,34.21,-0.4734,-16.7,-17.663,-8.092,0.0,36.8,63.2,12,2.5,55,3.0,1.5,6,BTCUSDT
29,31.03,-0.6639,-17.723,-17.251,-11.094,0.0,51.7,48.3,12,2.5,55,3.0,1.5,12,BTCUSDT
28,32.14,-0.4997,-13.468,-14.635,-5.39,14.3,67.9,17.9,12,2.5,55,3.0,1.5,24,BTCUSDT
33,36.36,-0.362,-11.47,-12.493,-6.092,0.0,9.1,90.9,12,2.5,55,3.0,2.5,6,BTCUSDT
24,41.67,-0.5077,-11.71,-11.203,-6.943,0.0,16.7,83.3,12,2.5,55,3.0,2.5,12,BTCUSDT
22,54.55,-0.1018,-2.67,-5.269,-0.947,9.1,31.8,59.1,12,2.5,55,3.0,2.5,24,BTCUSDT
32,37.5,-0.3039,-9.486,-10.532,-4.91,0.0,3.1,96.9,12,2.5,55,3.0,4.0,6,BTCUSDT
21,38.1,-0.4765,-9.716,-9.197,-6.805,0.0,4.8,95.2,12,2.5,55,3.0,4.0,12,BTCUSDT
20,55.0,-0.0725,-1.922,-5.567,-0.628,15.0,15.0,70.0,12,2.5,55,3.0,4.0,24,BTCUSDT
39,46.15,-0.2757,-10.392,-11.24,-5.165,35.9,28.2,35.9,12,2.5,60,1.0,1.5,6,BTCUSDT
32,53.12,-0.1777,-5.708,-7.493,-3.146,43.8,31.2,25.0,12,2.5,60,1.0,1.5,12,BTCUSDT
31,58.06,-0.2184,-6.775,-9.695,-3.382,58.1,41.9,0.0,12,2.5,60,1.0,1.5,24,BTCUSDT
34,52.94,-0.0962,-3.37,-6.649,-1.92,38.2,2.9,58.8,12,2.5,60,1.0,2.5,6,BTCUSDT
25,60.0,-0.1566,-4.033,-5.436,-2.382,48.0,12.0,40.0,12,2.5,60,1.0,2.5,12,BTCUSDT
24,70.83,-0.062,-1.729,-4.921,-0.818,70.8,20.8,8.3,12,2.5,60,1.0,2.5,24,BTCUSDT
35,51.43,-0.1384,-4.935,-6.649,-2.401,40.0,2.9,57.1,12,2.5,60,1.0,4.0,6,BTCUSDT
25,56.0,-0.2369,-6.016,-7.389,-3.083,48.0,8.0,44.0,12,2.5,60,1.0,4.0,12,BTCUSDT
24,75.0,0.0489,0.905,-4.669,0.626,70.8,8.3,20.8,12,2.5,60,1.0,4.0,24,BTCUSDT
37,35.14,-0.3448,-12.198,-13.369,-5.923,21.6,32.4,45.9,12,2.5,60,1.5,1.5,6,BTCUSDT
31,45.16,-0.2998,-9.1,-10.413,-4.696,22.6,38.7,38.7,12,2.5,60,1.5,1.5,12,BTCUSDT
30,46.67,-0.3043,-9.035,-10.498,-3.952,43.3,53.3,3.3,12,2.5,60,1.5,1.5,24,BTCUSDT
32,40.62,-0.1149,-3.787,-6.97,-2.062,25.0,3.1,71.9,12,2.5,60,1.5,2.5,6,BTCUSDT
25,52.0,-0.1654,-4.274,-5.657,-2.343,28.0,12.0,60.0,12,2.5,60,1.5,2.5,12,BTCUSDT
24,62.5,-0.073,-2.071,-4.517,-0.833,50.0,25.0,25.0,12,2.5,60,1.5,2.5,24,BTCUSDT
32,37.5,-0.19,-6.125,-7.377,-3.012,25.0,3.1,71.9,12,2.5,60,1.5,4.0,6,BTCUSDT
24,45.83,-0.2761,-6.703,-8.051,-3.354,29.2,8.3,62.5,12,2.5,60,1.5,4.0,12,BTCUSDT
22,63.64,-0.0282,-0.933,-4.781,-0.32,45.5,9.1,45.5,12,2.5,60,1.5,4.0,24,BTCUSDT
37,37.84,-0.2993,-10.725,-11.757,-4.877,10.8,32.4,56.8,12,2.5,60,2.0,1.5,6,BTCUSDT
29,41.38,-0.254,-7.346,-8.811,-3.675,17.2,37.9,44.8,12,2.5,60,2.0,1.5,12,BTCUSDT
28,42.86,-0.2408,-6.894,-9.662,-2.748,35.7,57.1,7.1,12,2.5,60,2.0,1.5,24,BTCUSDT
32,40.62,-0.1169,-3.857,-7.191,-2.059,9.4,3.1,87.5,12,2.5,60,2.0,2.5,6,BTCUSDT
25,48.0,-0.1268,-3.384,-5.597,-1.648,24.0,12.0,64.0,12,2.5,60,2.0,2.5,12,BTCUSDT
22,59.09,0.0061,-0.258,-4.273,0.062,40.9,27.3,31.8,12,2.5,60,2.0,2.5,24,BTCUSDT
32,40.62,-0.1325,-4.399,-7.191,-2.016,12.5,3.1,84.4,12,2.5,60,2.0,4.0,6,BTCUSDT
22,40.91,-0.2492,-5.562,-5.891,-3.281,18.2,4.5,77.3,12,2.5,60,2.0,4.0,12,BTCUSDT
21,61.9,0.0999,1.742,-4.17,1.022,38.1,9.5,52.4,12,2.5,60,2.0,4.0,24,BTCUSDT
36,33.33,-0.4152,-14.103,-15.096,-7.156,0.0,33.3,66.7,12,2.5,60,3.0,1.5,6,BTCUSDT
27,33.33,-0.5491,-13.963,-13.469,-9.277,0.0,44.4,55.6,12,2.5,60,3.0,1.5,12,BTCUSDT
26,34.62,-0.4097,-10.504,-13.185,-4.332,15.4,65.4,19.2,12,2.5,60,3.0,1.5,24,BTCUSDT
32,37.5,-0.2093,-6.652,-7.73,-3.803,0.0,3.1,96.9,12,2.5,60,3.0,2.5,6,BTCUSDT
23,43.48,-0.3518,-7.974,-7.446,-5.063,0.0,13.0,87.0,12,2.5,60,3.0,2.5,12,BTCUSDT
21,57.14,0.0783,1.194,-4.273,0.718,14.3,28.6,57.1,12,2.5,60,3.0,2.5,24,BTCUSDT
32,37.5,-0.2306,-7.34,-8.41,-3.657,0.0,3.1,96.9,12,2.5,60,3.0,4.0,6,BTCUSDT
21,38.1,-0.4318,-8.855,-8.332,-6.273,0.0,4.8,95.2,12,2.5,60,3.0,4.0,12,BTCUSDT
20,60.0,0.1958,3.534,-4.17,1.789,20.0,10.0,70.0,12,2.5,60,3.0,4.0,24,BTCUSDT
29,41.38,-0.3808,-10.615,-11.503,-7.011,31.0,34.5,34.5,12,2.5,65,1.0,1.5,6,BTCUSDT
24,45.83,-0.3115,-7.355,-9.377,-5.304,41.7,37.5,20.8,12,2.5,65,1.0,1.5,12,BTCUSDT
23,47.83,-0.4743,-10.521,-12.632,-7.257,47.8,52.2,0.0,12,2.5,65,1.0,1.5,24,BTCUSDT
25,44.0,-0.1811,-4.547,-7.731,-3.525,36.0,4.0,60.0,12,2.5,65,1.0,2.5,6,BTCUSDT
19,52.63,-0.2164,-4.177,-6.151,-3.298,47.4,10.5,42.1,12,2.5,65,1.0,2.5,12,BTCUSDT
18,66.67,-0.1649,-3.121,-5.276,-2.131,66.7,22.2,11.1,12,2.5,65,1.0,2.5,24,BTCUSDT
26,46.15,-0.1999,-5.238,-7.731,-3.301,38.5,3.8,57.7,12,2.5,65,1.0,4.0,6,BTCUSDT
20,55.0,-0.3141,-6.337,-7.706,-3.796,50.0,10.0,40.0,12,2.5,65,1.0,4.0,12,BTCUSDT
19,68.42,-0.1357,-2.797,-5.079,-1.593,68.4,10.5,21.1,12,2.5,65,1.0,4.0,24,BTCUSDT
28,32.14,-0.3849,-10.397,-11.603,-6.509,21.4,35.7,42.9,12,2.5,65,1.5,1.5,6,BTCUSDT
23,39.13,-0.3226,-7.323,-8.927,-5.032,21.7,39.1,39.1,12,2.5,65,1.5,1.5,12,BTCUSDT
22,40.91,-0.4895,-10.438,-12.401,-6.523,36.4,59.1,4.5,12,2.5,65,1.5,1.5,24,BTCUSDT
24,33.33,-0.1776,-4.315,-7.731,-3.108,25.0,4.2,70.8,12,2.5,65,1.5,2.5,6,BTCUSDT
19,47.37,-0.1998,-3.894,-6.151,-2.848,26.3,10.5,63.2,12,2.5,65,1.5,2.5,12,BTCUSDT
18,61.11,-0.2283,-4.283,-7.664,-2.56,44.4,27.8,27.8,12,2.5,65,1.5,2.5,24,BTCUSDT
24,33.33,-0.2401,-5.789,-7.731,-3.634,25.0,4.2,70.8,12,2.5,65,1.5,4.0,6,BTCUSDT
19,47.37,-0.3131,-6.049,-7.406,-3.513,31.6,10.5,57.9,12,2.5,65,1.5,4.0,12,BTCUSDT
17,58.82,-0.2794,-4.913,-7.111,-2.955,41.2,11.8,47.1,12,2.5,65,1.5,4.0,24,BTCUSDT
28,32.14,-0.3624,-9.845,-11.831,-5.849,10.7,35.7,53.6,12,2.5,65,2.0,1.5,6,BTCUSDT
22,36.36,-0.2906,-6.369,-9.026,-4.375,13.6,36.4,50.0,12,2.5,65,2.0,1.5,12,BTCUSDT
21,38.1,-0.4095,-8.515,-11.005,-4.78,33.3,61.9,4.8,12,2.5,65,2.0,1.5,24,BTCUSDT
24,33.33,-0.1911,-4.627,-7.731,-3.327,8.3,4.2,87.5,12,2.5,65,2.0,2.5,6,BTCUSDT
19,42.11,-0.2016,-3.951,-6.151,-2.682,21.1,10.5,68.4,12,2.5,65,2.0,2.5,12,BTCUSDT
17,58.82,-0.1141,-2.228,-6.316,-1.139,41.2,29.4,29.4,12,2.5,65,2.0,2.5,24,BTCUSDT
24,33.33,-0.2119,-5.164,-7.731,-3.074,12.5,4.2,83.3,12,2.5,65,2.0,4.0,6,BTCUSDT
18,38.89,-0.3093,-5.616,-6.351,-3.953,16.7,5.6,77.8,12,2.5,65,2.0,4.0,12,BTCUSDT
16,56.25,-0.1924,-3.348,-5.914,-1.84,37.5,12.5,50.0,12,2.5,65,2.0,4.0,24,BTCUSDT
28,28.57,-0.5064,-13.388,-14.491,-9.17,0.0,35.7,64.3,12,2.5,65,3.0,1.5,6,BTCUSDT
22,31.82,-0.5041,-10.647,-11.629,-8.596,0.0,40.9,59.1,12,2.5,65,3.0,1.5,12,BTCUSDT
21,33.33,-0.3962,-8.337,-14.028,-4.032,19.0,66.7,14.3,12,2.5,65,3.0,1.5,24,BTCUSDT
24,29.17,-0.3235,-7.598,-9.247,-6.041,0.0,4.2,95.8,12,2.5,65,3.0,2.5,6,BTCUSDT
19,42.11,-0.3153,-5.979,-6.151,-4.586,0.0,10.5,89.5,12,2.5,65,3.0,2.5,12,BTCUSDT
17,58.82,0.1135,1.539,-6.316,0.998,17.6,29.4,52.9,12,2.5,65,3.0,2.5,24,BTCUSDT
24,29.17,-0.368,-8.632,-9.688,-5.777,0.0,4.2,95.8,12,2.5,65,3.0,4.0,6,BTCUSDT
18,38.89,-0.4159,-7.389,-7.33,-5.749,0.0,5.6,94.4,12,2.5,65,3.0,4.0,12,BTCUSDT
16,56.25,0.0687,0.679,-4.425,0.572,25.0,12.5,62.5,12,2.5,65,3.0,4.0,24,BTCUSDT
24,50.0,-0.1672,-4.045,-6.215,-3.299,33.3,25.0,41.7,12,2.5,70,1.0,1.5,6,BTCUSDT
19,47.37,-0.2955,-5.582,-7.866,-5.034,42.1,36.8,21.1,12,2.5,70,1.0,1.5,12,BTCUSDT
19,47.37,-0.4858,-8.973,-11.175,-7.435,47.4,52.6,0.0,12,2.5,70,1.0,1.5,24,BTCUSDT
21,47.62,-0.0793,-1.738,-4.61,-1.666,33.3,4.8,61.9,12,2.5,70,1.0,2.5,6,BTCUSDT
15,53.33,-0.2404,-3.665,-5.244,-3.596,46.7,13.3,40.0,12,2.5,70,1.0,2.5,12,BTCUSDT
15,66.67,-0.1733,-2.741,-4.914,-2.168,66.7,26.7,6.7,12,2.5,70,1.0,2.5,24,BTCUSDT
20,45.0,-0.1116,-2.282,-4.61,-2.444,30.0,0.0,70.0,12,2.5,70,1.0,4.0,6,BTCUSDT
14,50.0,-0.3306,-4.667,-6.23,-4.459,42.9,7.1,50.0,12,2.5,70,1.0,4.0,12,BTCUSDT
14,64.29,0.0125,0.035,-4.17,0.171,64.3,7.1,28.6,12,2.5,70,1.0,4.0,24,BTCUSDT
22,36.36,-0.2532,-5.536,-7.394,-4.695,18.2,27.3,54.5,12,2.5,70,1.5,1.5,6,BTCUSDT
17,41.18,-0.3273,-5.547,-7.967,-5.008,23.5,41.2,35.3,12,2.5,70,1.5,1.5,12,BTCUSDT
17,41.18,-0.4953,-8.253,-10.59,-6.65,35.3,58.8,5.9,12,2.5,70,1.5,1.5,24,BTCUSDT
20,35.0,-0.1197,-2.462,-4.61,-2.316,20.0,5.0,75.0,12,2.5,70,1.5,2.5,6,BTCUSDT
15,53.33,-0.1311,-2.094,-4.25,-1.788,33.3,13.3,53.3,12,2.5,70,1.5,2.5,12,BTCUSDT
15,66.67,-0.0493,-0.944,-3.604,-0.569,46.7,26.7,26.7,12,2.5,70,1.5,2.5,24,BTCUSDT
19,31.58,-0.1821,-3.481,-5.38,-3.786,15.8,0.0,84.2,12,2.5,70,1.5,4.0,6,BTCUSDT
14,50.0,-0.1888,-2.779,-4.357,-2.317,35.7,7.1,57.1,12,2.5,70,1.5,4.0,12,BTCUSDT
14,64.29,0.1097,1.381,-4.17,1.384,42.9,7.1,50.0,12,2.5,70,1.5,4.0,24,BTCUSDT
22,36.36,-0.268,-5.84,-7.646,-5.027,4.5,27.3,68.2,12,2.5,70,2.0,1.5,6,BTCUSDT
17,35.29,-0.4041,-6.776,-8.103,-6.166,5.9,41.2,52.9,12,2.5,70,2.0,1.5,12,BTCUSDT
17,35.29,-0.5247,-8.751,-9.494,-6.315,29.4,64.7,5.9,12,2.5,70,2.0,1.5,24,BTCUSDT
20,35.0,-0.1582,-3.205,-4.938,-3.171,5.0,5.0,90.0,12,2.5,70,2.0,2.5,6,BTCUSDT
15,46.67,-0.1847,-2.891,-4.25,-2.422,13.3,13.3,73.3,12,2.5,70,2.0,2.5,12,BTCUSDT
14,64.29,0.0664,0.686,-3.004,0.679,42.9,28.6,28.6,12,2.5,70,2.0,2.5,24,BTCUSDT
19,31.58,-0.2489,-4.686,-6.394,-5.795,0.0,0.0,100.0,12,2.5,70,2.0,4.0,6,BTCUSDT
14,42.86,-0.322,-4.575,-4.509,-4.014,7.1,7.1,85.7,12,2.5,70,2.0,4.0,12,BTCUSDT
14,64.29,0.035,0.191,-4.17,0.326,42.9,14.3,42.9,12,2.5,70,2.0,4.0,24,BTCUSDT
22,36.36,-0.2938,-6.366,-8.043,-5.781,0.0,27.3,72.7,12,2.5,70,3.0,1.5,6,BTCUSDT
17,35.29,-0.424,-7.087,-8.103,-6.649,0.0,41.2,58.8,12,2.5,70,3.0,1.5,12,BTCUSDT
17,35.29,-0.3773,-6.493,-9.817,-3.921,17.6,64.7,17.6,12,2.5,70,3.0,1.5,24,BTCUSDT
20,35.0,-0.2009,-4.018,-5.737,-4.367,0.0,5.0,95.0,12,2.5,70,3.0,2.5,6,BTCUSDT
15,46.67,-0.183,-2.866,-4.25,-2.39,0.0,13.3,86.7,12,2.5,70,3.0,2.5,12,BTCUSDT
14,64.29,0.2473,3.208,-3.07,2.28,14.3,28.6,57.1,12,2.5,70,3.0,2.5,24,BTCUSDT
19,31.58,-0.2489,-4.686,-6.394,-5.795,0.0,0.0,100.0,12,2.5,70,3.0,4.0,6,BTCUSDT
14,42.86,-0.3028,-4.323,-4.257,-3.706,0.0,7.1,92.9,12,2.5,70,3.0,4.0,12,BTCUSDT
14,64.29,0.2572,3.281,-4.17,2.15,21.4,14.3,64.3,12,2.5,70,3.0,4.0,24,BTCUSDT
94,55.32,-0.1598,-14.449,-20.702,-2.778,46.8,29.8,23.4,4,1.0,55,1.0,1.5,6,ETHUSDT
91,59.34,-0.1355,-12.162,-21.205,-2.215,57.1,35.2,7.7,4,1.0,55,1.0,1.5,12,ETHUSDT
90,60.0,-0.1511,-13.296,-21.155,-2.393,60.0,36.7,3.3,4,1.0,55,1.0,1.5,24,ETHUSDT
87,57.47,-0.2323,-18.952,-24.252,-3.347,47.1,17.2,35.6,4,1.0,55,1.0,2.5,6,ETHUSDT
80,63.75,-0.1743,-13.748,-22.929,-2.325,62.5,21.2,16.2,4,1.0,55,1.0,2.5,12,ETHUSDT
80,70.0,-0.1277,-10.539,-19.745,-1.626,70.0,23.8,6.2,4,1.0,55,1.0,2.5,24,ETHUSDT
83,56.63,-0.3088,-23.4,-28.41,-3.866,45.8,8.4,45.8,4,1.0,55,1.0,4.0,6,ETHUSDT
76,69.74,-0.2114,-15.884,-25.456,-2.286,67.1,13.2,19.7,4,1.0,55,1.0,4.0,12,ETHUSDT
72,70.83,-0.3149,-21.389,-28.894,-3.131,70.8,16.7,12.5,4,1.0,55,1.0,4.0,24,ETHUSDT
92,48.91,-0.1931,-16.897,-24.665,-2.944,28.3,34.8,37.0,4,1.0,55,1.5,1.5,6,ETHUSDT
88,50.0,-0.134,-11.898,-23.488,-1.829,44.3,42.0,13.6,4,1.0,55,1.5,1.5,12,ETHUSDT
85,49.41,-0.1353,-11.685,-22.116,-1.763,49.4,44.7,5.9,4,1.0,55,1.5,1.5,24,ETHUSDT
83,50.6,-0.2908,-22.18,-29.43,-3.782,27.7,19.3,53.0,4,1.0,55,1.5,2.5,6,ETHUSDT
75,56.0,-0.1045,-8.49,-21.617,-1.21,50.7,22.7,26.7,4,1.0,55,1.5,2.5,12,ETHUSDT
72,62.5,-0.0371,-3.791,-17.679,-0.39,62.5,29.2,8.3,4,1.0,55,1.5,2.5,24,ETHUSDT
79,50.63,-0.3513,-25.087,-32.066,-4.097,26.6,8.9,64.6,4,1.0,55,1.5,4.0,6,ETHUSDT
70,61.43,-0.1583,-11.749,-25.401,-1.52,54.3,14.3,31.4,4,1.0,55,1.5,4.0,12,ETHUSDT
64,64.06,-0.242,-15.771,-26.048,-2.051,64.1,20.3,15.6,4,1.0,55,1.5,4.0,24,ETHUSDT
91,47.25,-0.1837,-16.099,-24.045,-2.608,17.6,36.3,46.2,4,1.0,55,2.0,1.5,6,ETHUSDT
85,44.71,-0.1536,-13.108,-24.268,-1.928,29.4,44.7,25.9,4,1.0,55,2.0,1.5,12,ETHUSDT
80,43.75,-0.1201,-10.181,-20.472,-1.367,41.2,50.0,8.8,4,1.0,55,2.0,1.5,24,ETHUSDT
82,48.78,-0.3454,-25.483,-32.849,-4.164,17.1,22.0,61.0,4,1.0,55,2.0,2.5,6,ETHUSDT
71,45.07,-0.3314,-21.907,-32.419,-3.523,29.6,28.2,42.3,4,1.0,55,2.0,2.5,12,ETHUSDT
63,50.79,-0.2583,-16.144,-27.555,-2.425,44.4,36.5,19.0,4,1.0,55,2.0,2.5,24,ETHUSDT
78,50.0,-0.4034,-27.923,-35.047,-4.405,15.4,10.3,74.4,4,1.0,55,2.0,4.0,6,ETHUSDT
66,51.52,-0.3625,-22.51,-34.146,-3.242,31.8,16.7,51.5,4,1.0,55,2.0,4.0,12,ETHUSDT
56,53.57,-0.4624,-24.205,-33.119,-3.553,46.4,25.0,28.6,4,1.0,55,2.0,4.0,24,ETHUSDT
89,44.94,-0.224,-18.803,-27.635,-3.062,5.6,37.1,57.3,4,1.0,55,3.0,1.5,6,ETHUSDT
80,42.5,-0.0948,-8.434,-22.012,-1.035,15.0,47.5,37.5,4,1.0,55,3.0,1.5,12,ETHUSDT
72,38.89,-0.021,-2.877,-20.219,-0.202,26.4,52.8,20.8,4,1.0,55,3.0,1.5,24,ETHUSDT
80,46.25,-0.3979,-28.081,-36.225,-4.664,6.2,22.5,71.2,4,1.0,55,3.0,2.5,6,ETHUSDT
68,42.65,-0.2642,-17.616,-31.011,-2.503,16.2,29.4,54.4,4,1.0,55,3.0,2.5,12,ETHUSDT
59,45.76,-0.1063,-7.592,-25.655,-0.866,28.8,37.3,33.9,4,1.0,55,3.0,2.5,24,ETHUSDT
77,48.05,-0.4299,-29.141,-37.165,-4.556,6.5,10.4,83.1,4,1.0,55,3.0,4.0,6,ETHUSDT
64,48.44,-0.2492,-16.233,-31.784,-2.049,18.8,15.6,65.6,4,1.0,55,3.0,4.0,12,ETHUSDT
52,48.08,-0.3614,-18.856,-31.158,-2.462,30.8,26.9,42.3,4,1.0,55,3.0,4.0,24,ETHUSDT
77,61.04,-0.0563,-4.681,-11.045,-0.994,51.9,27.3,20.8,4,1.0,60,1.0,1.5,6,ETHUSDT
74,60.81,-0.0708,-5.569,-12.049,-1.178,59.5,32.4,8.1,4,1.0,60,1.0,1.5,12,ETHUSDT
73,63.01,-0.0716,-5.581,-11.56,-1.155,63.0,34.2,2.7,4,1.0,60,1.0,1.5,24,ETHUSDT
71,64.79,-0.0626,-4.9,-12.427,-0.944,53.5,15.5,31.0,4,1.0,60,1.0,2.5,6,ETHUSDT
66,68.18,-0.0262,-2.332,-10.879,-0.366,68.2,18.2,13.6,4,1.0,60,1.0,2.5,12,ETHUSDT
65,75.38,0.0397,1.942,-9.543,0.536,75.4,20.0,4.6,4,1.0,60,1.0,2.5,24,ETHUSDT
67,65.67,-0.0352,-2.934,-10.931,-0.499,53.7,6.0,40.3,4,1.0,60,1.0,4.0,6,ETHUSDT
62,74.19,0.0427,1.909,-13.546,0.527,72.6,9.7,17.7,4,1.0,60,1.0,4.0,12,ETHUSDT
58,79.31,0.0596,2.702,-13.35,0.698,79.3,10.3,10.3,4,1.0,60,1.0,4.0,24,ETHUSDT
75,54.67,-0.0578,-4.816,-13.412,-0.872,33.3,32.0,34.7,4,1.0,60,1.5,1.5,6,ETHUSDT
71,50.7,-0.0666,-5.274,-14.48,-0.914,46.5,39.4,14.1,4,1.0,60,1.5,1.5,12,ETHUSDT
68,51.47,-0.0607,-4.737,-13.976,-0.797,51.5,42.6,5.9,4,1.0,60,1.5,1.5,24,ETHUSDT
69,59.42,-0.0451,-3.782,-14.561,-0.592,36.2,17.4,46.4,4,1.0,60,1.5,2.5,6,ETHUSDT
62,56.45,-0.041,-3.356,-14.152,-0.469,54.8,22.6,22.6,4,1.0,60,1.5,2.5,12,ETHUSDT
58,63.79,-0.0131,-1.703,-15.529,-0.139,62.1,29.3,8.6,4,1.0,60,1.5,2.5,24,ETHUSDT
65,60.0,-0.0601,-4.623,-15.308,-0.724,35.4,7.7,56.9,4,1.0,60,1.5,4.0,6,ETHUSDT
57,61.4,-0.0488,-3.808,-14.554,-0.478,57.9,14.0,28.1,4,1.0,60,1.5,4.0,12,ETHUSDT
51,66.67,-0.1521,-8.645,-20.547,-1.309,64.7,19.6,15.7,4,1.0,60,1.5,4.0,24,ETHUSDT
74,51.35,-0.0693,-5.647,-15.304,-0.976,20.3,33.8,45.9,4,1.0,60,2.0,1.5,6,ETHUSDT
70,48.57,-0.0419,-3.679,-14.655,-0.523,32.9,41.4,25.7,4,1.0,60,2.0,1.5,12,ETHUSDT
67,47.76,0.0469,2.206,-13.17,0.529,46.3,46.3,7.5,4,1.0,60,2.0,1.5,24,ETHUSDT
68,55.88,-0.0591,-4.723,-18.473,-0.731,22.1,17.6,60.3,4,1.0,60,2.0,2.5,6,ETHUSDT
60,51.67,-0.0932,-6.362,-17.748,-0.989,36.7,23.3,40.0,4,1.0,60,2.0,2.5,12,ETHUSDT
55,58.18,-0.0101,-1.735,-19.4,-0.093,52.7,34.5,12.7,4,1.0,60,2.0,2.5,24,ETHUSDT
64,56.25,-0.0908,-6.481,-18.716,-1.048,20.3,7.8,71.9,4,1.0,60,2.0,4.0,6,ETHUSDT
55,56.36,-0.1472,-8.866,-19.947,-1.367,36.4,14.5,49.1,4,1.0,60,2.0,4.0,12,ETHUSDT
48,60.42,-0.1862,-9.909,-23.683,-1.438,54.2,20.8,25.0,4,1.0,60,2.0,4.0,24,ETHUSDT
73,49.32,-0.0838,-6.64,-18.155,-1.116,6.8,34.2,58.9,4,1.0,60,3.0,1.5,6,ETHUSDT
65,46.15,-0.0022,-1.077,-14.052,-0.024,13.8,43.1,43.1,4,1.0,60,3.0,1.5,12,ETHUSDT
58,41.38,0.0922,4.259,-13.225,0.872,29.3,51.7,19.0,4,1.0,60,3.0,1.5,24,ETHUSDT
67,53.73,-0.0649,-5.111,-19.963,-0.757,7.5,17.9,74.6,4,1.0,60,3.0,2.5,6,ETHUSDT
56,48.21,-0.0577,-4.246,-17.941,-0.554,16.1,25.0,58.9,4,1.0,60,3.0,2.5,12,ETHUSDT
49,53.06,0.1304,5.096,-16.991,1.036,34.7,34.7,30.6,4,1.0,60,3.0,2.5,24,ETHUSDT
64,54.69,-0.07,-5.321,-18.969,-0.765,7.8,7.8,84.4,4,1.0,60,3.0,4.0,6,ETHUSDT
53,52.83,-0.1122,-6.927,-20.239,-0.999,15.1,13.2,71.7,4,1.0,60,3.0,4.0,12,ETHUSDT
42,54.76,-0.173,-8.551,-27.036,-1.179,33.3,23.8,42.9,4,1.0,60,3.0,4.0,24,ETHUSDT
47,53.19,-0.2635,-11.928,-15.839,-4.482,42.6,34.0,23.4,4,1.0,65,1.0,1.5,6,ETHUSDT
45,51.11,-0.296,-12.767,-17.671,-4.749,51.1,40.0,8.9,4,1.0,65,1.0,1.5,12,ETHUSDT
45,53.33,-0.3027,-13.051,-18.615,-4.697,53.3,44.4,2.2,4,1.0,65,1.0,1.5,24,ETHUSDT
43,62.79,-0.1911,-8.276,-14.235,-2.646,51.2,20.9,27.9,4,1.0,65,1.0,2.5,6,ETHUSDT
40,65.0,-0.176,-7.209,-12.502,-2.292,65.0,22.5,12.5,4,1.0,65,1.0,2.5,12,ETHUSDT
40,75.0,0.0182,0.3,-10.128,0.239,75.0,22.5,2.5,4,1.0,65,1.0,2.5,24,ETHUSDT
40,65.0,-0.159,-6.626,-12.691,-1.959,52.5,10.0,37.5,4,1.0,65,1.0,4.0,6,ETHUSDT
37,72.97,-0.1003,-4.184,-9.649,-1.113,70.3,13.5,16.2,4,1.0,65,1.0,4.0,12,ETHUSDT
37,81.08,0.0715,2.111,-8.166,0.796,81.1,13.5,5.4,4,1.0,65,1.0,4.0,24,ETHUSDT
47,44.68,-0.3488,-15.463,-20.631,-5.291,23.4,40.4,36.2,4,1.0,65,1.5,1.5,6,ETHUSDT
45,42.22,-0.3258,-14.047,-21.64,-4.392,40.0,48.9,11.1,4,1.0,65,1.5,1.5,12,ETHUSDT
45,44.44,-0.3027,-13.181,-22.634,-3.914,44.4,53.3,2.2,4,1.0,65,1.5,1.5,24,ETHUSDT
42,52.38,-0.3778,-15.096,-22.215,-4.864,21.4,23.8,54.8,4,1.0,65,1.5,2.5,6,ETHUSDT
39,53.85,-0.2563,-10.079,-18.221,-2.773,51.3,28.2,20.5,4,1.0,65,1.5,2.5,12,ETHUSDT
37,62.16,-0.1388,-5.637,-20.676,-1.41,56.8,35.1,8.1,4,1.0,65,1.5,2.5,24,ETHUSDT
39,53.85,-0.3346,-12.705,-20.025,-3.963,20.5,10.3,69.2,4,1.0,65,1.5,4.0,6,ETHUSDT
35,60.0,-0.223,-8.21,-16.521,-2.075,54.3,17.1,28.6,4,1.0,65,1.5,4.0,12,ETHUSDT
34,70.59,-0.1201,-4.892,-17.165,-0.992,64.7,23.5,11.8,4,1.0,65,1.5,4.0,24,ETHUSDT
47,44.68,-0.28,-12.735,-18.819,-3.903,19.1,40.4,40.4,4,1.0,65,2.0,1.5,6,ETHUSDT
45,42.22,-0.2413,-10.784,-19.51,-2.981,28.9,48.9,22.2,4,1.0,65,2.0,1.5,12,ETHUSDT
45,44.44,-0.1463,-6.966,-18.731,-1.667,40.0,53.3,6.7,4,1.0,65,2.0,1.5,24,ETHUSDT
42,52.38,-0.3246,-13.214,-21.432,-3.967,16.7,23.8,59.5,4,1.0,65,2.0,2.5,6,ETHUSDT
39,51.28,-0.2101,-8.515,-17.591,-2.128,35.9,28.2,35.9,4,1.0,65,2.0,2.5,12,ETHUSDT
36,55.56,-0.1816,-7.063,-23.689,-1.673,44.4,38.9,16.7,4,1.0,65,2.0,2.5,24,ETHUSDT
39,53.85,-0.2901,-11.208,-19.616,-3.308,15.4,10.3,74.4,4,1.0,65,2.0,4.0,6,ETHUSDT
35,57.14,-0.2362,-8.683,-17.742,-2.119,34.3,17.1,48.6,4,1.0,65,2.0,4.0,12,ETHUSDT
33,63.64,-0.1547,-5.981,-20.046,-1.176,51.5,24.2,24.2,4,1.0,65,2.0,4.0,24,ETHUSDT
47,42.55,-0.3902,-17.11,-23.113,-5.812,2.1,40.4,57.4,4,1.0,65,3.0,1.5,6,ETHUSDT
43,37.21,-0.2571,-10.99,-17.61,-3.009,9.3,48.8,41.9,4,1.0,65,3.0,1.5,12,ETHUSDT
43,41.86,-0.029,-2.063,-15.142,-0.28,25.6,55.8,18.6,4,1.0,65,3.0,1.5,24,ETHUSDT
42,50.0,-0.4496,-17.622,-25.025,-5.842,2.4,23.8,73.8,4,1.0,65,3.0,2.5,6,ETHUSDT
37,45.95,-0.2759,-10.367,-16.184,-2.67,10.8,29.7,59.5,4,1.0,65,3.0,2.5,12,ETHUSDT
35,54.29,0.067,1.358,-19.153,0.537,31.4,37.1,31.4,4,1.0,65,3.0,2.5,24,ETHUSDT
39,51.28,-0.3966,-14.799,-22.456,-4.692,2.6,10.3,87.2,4,1.0,65,3.0,4.0,6,ETHUSDT
34,52.94,-0.2436,-8.677,-14.588,-2.182,11.8,14.7,73.5,4,1.0,65,3.0,4.0,12,ETHUSDT
32,62.5,0.1229,2.692,-13.476,0.835,37.5,25.0,37.5,4,1.0,65,3.0,4.0,24,ETHUSDT
32,59.38,-0.1345,-4.405,-9.024,-2.325,46.9,31.2,21.9,4,1.0,70,1.0,1.5,6,ETHUSDT
30,56.67,-0.1544,-4.725,-9.09,-2.537,56.7,33.3,10.0,4,1.0,70,1.0,1.5,12,ETHUSDT
30,60.0,-0.17,-5.191,-10.521,-2.652,60.0,40.0,0.0,4,1.0,70,1.0,1.5,24,ETHUSDT
28,67.86,-0.0033,-0.307,-5.278,-0.051,53.6,14.3,32.1,4,1.0,70,1.0,2.5,6,ETHUSDT
26,69.23,-0.0385,-1.25,-5.773,-0.526,69.2,19.2,11.5,4,1.0,70,1.0,2.5,12,ETHUSDT
26,76.92,0.0223,0.294,-5.344,0.289,76.9,23.1,0.0,4,1.0,70,1.0,2.5,24,ETHUSDT
27,70.37,0.0158,0.161,-5.352,0.217,55.6,7.4,37.0,4,1.0,70,1.0,4.0,6,ETHUSDT
24,75.0,0.0499,0.928,-5.154,0.637,70.8,8.3,20.8,4,1.0,70,1.0,4.0,12,ETHUSDT
24,87.5,0.3261,7.862,-4.17,4.393,87.5,8.3,4.2,4,1.0,70,1.0,4.0,24,ETHUSDT
32,50.0,-0.1969,-6.363,-12.469,-2.924,31.2,37.5,31.2,4,1.0,70,1.5,1.5,6,ETHUSDT
30,46.67,-0.1991,-6.088,-12.282,-2.69,43.3,43.3,13.3,4,1.0,70,1.5,1.5,12,ETHUSDT
30,50.0,-0.17,-5.298,-13.663,-2.165,50.0,50.0,0.0,4,1.0,70,1.5,1.5,24,ETHUSDT
27,55.56,-0.139,-3.931,-10.212,-1.941,29.6,14.8,55.6,4,1.0,70,1.5,2.5,6,ETHUSDT
25,56.0,-0.2065,-5.408,-11.919,-2.239,52.0,28.0,20.0,4,1.0,70,1.5,2.5,12,ETHUSDT
24,62.5,-0.1764,-4.581,-13.967,-1.744,58.3,37.5,4.2,4,1.0,70,1.5,2.5,24,ETHUSDT
27,62.96,0.0022,-0.266,-6.787,0.027,37.0,7.4,55.6,4,1.0,70,1.5,4.0,6,ETHUSDT
24,66.67,-0.0401,-1.478,-8.156,-0.369,62.5,16.7,20.8,4,1.0,70,1.5,4.0,12,ETHUSDT
24,79.17,0.3504,8.207,-7.493,3.282,75.0,16.7,8.3,4,1.0,70,1.5,4.0,24,ETHUSDT
32,50.0,-0.1061,-3.649,-10.559,-1.43,25.0,37.5,37.5,4,1.0,70,2.0,1.5,6,ETHUSDT
29,41.38,-0.2495,-7.313,-13.842,-3.066,31.0,48.3,20.7,4,1.0,70,2.0,1.5,12,ETHUSDT
29,44.83,-0.2032,-6.107,-14.841,-2.33,37.9,55.2,6.9,4,1.0,70,2.0,1.5,24,ETHUSDT
27,55.56,-0.0683,-2.116,-9.151,-0.889,22.2,14.8,63.0,4,1.0,70,2.0,2.5,6,ETHUSDT
24,50.0,-0.3093,-7.591,-15.626,-3.028,37.5,33.3,29.2,4,1.0,70,2.0,2.5,12,ETHUSDT
23,56.52,-0.2837,-6.818,-17.235,-2.542,43.5,43.5,13.0,4,1.0,70,2.0,2.5,24,ETHUSDT
27,62.96,0.0082,-0.126,-7.305,0.098,22.2,7.4,70.4,4,1.0,70,2.0,4.0,6,ETHUSDT
22,59.09,-0.3201,-7.254,-14.016,-2.964,31.8,13.6,54.5,4,1.0,70,2.0,4.0,12,ETHUSDT
22,77.27,0.4903,10.727,-8.745,4.137,63.6,18.2,18.2,4,1.0,70,2.0,4.0,24,ETHUSDT
32,50.0,-0.1115,-3.844,-10.067,-1.435,9.4,37.5,53.1,4,1.0,70,3.0,1.5,6,ETHUSDT
29,34.48,-0.31,-8.986,-13.441,-3.506,13.8,51.7,34.5,4,1.0,70,3.0,1.5,12,ETHUSDT
29,41.38,-0.1687,-5.287,-12.141,-1.676,24.1,58.6,17.2,4,1.0,70,3.0,1.5,24,ETHUSDT
27,55.56,-0.0773,-2.381,-9.54,-0.959,11.1,14.8,74.1,4,1.0,70,3.0,2.5,6,ETHUSDT
24,41.67,-0.4737,-11.237,-16.23,-4.335,16.7,37.5,45.8,4,1.0,70,3.0,2.5,12,ETHUSDT
23,52.17,-0.249,-6.223,-14.988,-1.941,30.4,47.8,21.7,4,1.0,70,3.0,2.5,24,ETHUSDT
27,62.96,-0.0008,-0.397,-7.701,-0.01,11.1,7.4,81.5,4,1.0,70,3.0,4.0,6,ETHUSDT
22,50.0,-0.4928,-10.778,-13.636,-4.289,18.2,13.6,68.2,4,1.0,70,3.0,4.0,12,ETHUSDT
21,71.43,0.3132,5.977,-8.287,2.232,33.3,23.8,42.9,4,1.0,70,3.0,4.0,24,ETHUSDT
63,50.79,-0.3061,-17.91,-21.415,-5.093,42.9,38.1,19.0,4,1.5,55,1.0,1.5,6,ETHUSDT
63,52.38,-0.3097,-18.13,-23.288,-4.904,50.8,42.9,6.3,4,1.5,55,1.0,1.5,12,ETHUSDT
62,53.23,-0.3335,-19.1,-23.648,-5.13,53.2,45.2,1.6,4,1.5,55,1.0,1.5,24,ETHUSDT
58,53.45,-0.3193,-17.376,-21.125,-4.506,44.8,19.0,36.2,4,1.5,55,1.0,2.5,6,ETHUSDT
58,63.79,-0.245,-13.828,-19.327,-3.127,62.1,24.1,13.8,4,1.5,55,1.0,2.5,12,ETHUSDT
56,67.86,-0.2165,-12.036,-19.015,-2.663,67.9,26.8,5.4,4,1.5,55,1.0,2.5,24,ETHUSDT
56,55.36,-0.357,-18.741,-22.428,-4.283,46.4,10.7,42.9,4,1.5,55,1.0,4.0,6,ETHUSDT
55,67.27,-0.3192,-16.91,-22.212,-3.34,65.5,14.5,20.0,4,1.5,55,1.0,4.0,12,ETHUSDT
53,73.58,-0.2328,-12.464,-19.408,-2.362,73.6,15.1,11.3,4,1.5,55,1.0,4.0,24,ETHUSDT
61,42.62,-0.4201,-23.014,-27.162,-6.466,19.7,44.3,36.1,4,1.5,55,1.5,1.5,6,ETHUSDT
60,45.0,-0.288,-16.409,-24.857,-3.833,41.7,50.0,8.3,4,1.5,55,1.5,1.5,12,ETHUSDT
59,45.76,-0.3124,-17.392,-24.469,-4.046,44.1,52.5,3.4,4,1.5,55,1.5,1.5,24,ETHUSDT
55,45.45,-0.5151,-25.174,-29.205,-6.72,18.2,23.6,58.2,4,1.5,55,1.5,2.5,6,ETHUSDT
54,57.41,-0.1735,-9.693,-18.914,-1.916,51.9,25.9,22.2,4,1.5,55,1.5,2.5,12,ETHUSDT
51,60.78,-0.1915,-10.112,-20.438,-1.971,56.9,33.3,9.8,4,1.5,55,1.5,2.5,24,ETHUSDT
52,48.08,-0.519,-24.269,-28.349,-5.931,19.2,11.5,69.2,4,1.5,55,1.5,4.0,6,ETHUSDT
50,58.0,-0.3272,-16.022,-24.597,-3.043,52.0,16.0,32.0,4,1.5,55,1.5,4.0,12,ETHUSDT
47,61.7,-0.3855,-17.628,-26.388,-3.243,57.4,21.3,21.3,4,1.5,55,1.5,4.0,24,ETHUSDT
59,37.29,-0.4877,-25.431,-30.483,-7.189,13.6,47.5,39.0,4,1.5,55,2.0,1.5,6,ETHUSDT
58,39.66,-0.3643,-19.613,-27.272,-4.609,24.1,53.4,22.4,4,1.5,55,2.0,1.5,12,ETHUSDT
55,36.36,-0.4512,-22.587,-29.714,-5.296,32.7,61.8,5.5,4,1.5,55,2.0,1.5,24,ETHUSDT
54,38.89,-0.6995,-31.983,-36.591,-8.783,11.1,27.8,61.1,4,1.5,55,2.0,2.5,6,ETHUSDT
52,44.23,-0.4791,-22.762,-30.122,-5.077,25.0,30.8,44.2,4,1.5,55,2.0,2.5,12,ETHUSDT
47,48.94,-0.4428,-19.643,-31.192,-4.092,40.4,42.6,17.0,4,1.5,55,2.0,2.5,24,ETHUSDT
51,43.14,-0.6853,-30.146,-34.878,-7.45,11.8,13.7,74.5,4,1.5,55,2.0,4.0,6,ETHUSDT
48,47.92,-0.604,-26.067,-33.324,-5.387,25.0,18.8,56.2,4,1.5,55,2.0,4.0,12,ETHUSDT
42,52.38,-0.5749,-22.547,-32.752,-4.401,42.9,26.2,31.0,4,1.5,55,2.0,4.0,24,ETHUSDT
59,37.29,-0.4588,-24.186,-29.683,-6.366,5.1,47.5,47.5,4,1.5,55,3.0,1.5,6,ETHUSDT
57,36.84,-0.3109,-16.938,-25.225,-3.517,12.3,54.4,33.3,4,1.5,55,3.0,1.5,12,ETHUSDT
52,30.77,-0.4021,-19.652,-28.412,-4.061,21.2,65.4,13.5,4,1.5,55,3.0,1.5,24,ETHUSDT
54,38.89,-0.673,-31.036,-36.036,-8.074,5.6,27.8,66.7,4,1.5,55,3.0,2.5,6,ETHUSDT
51,41.18,-0.4885,-22.825,-30.525,-4.883,9.8,31.4,58.8,4,1.5,55,3.0,2.5,12,ETHUSDT
44,43.18,-0.3245,-14.366,-28.753,-2.651,25.0,43.2,31.8,4,1.5,55,3.0,2.5,24,ETHUSDT
51,43.14,-0.6332,-28.311,-33.508,-6.544,5.9,13.7,80.4,4,1.5,55,3.0,4.0,6,ETHUSDT
48,45.83,-0.5027,-22.44,-30.4,-4.281,14.6,16.7,68.8,4,1.5,55,3.0,4.0,12,ETHUSDT
39,46.15,-0.5285,-19.887,-31.338,-3.657,25.6,28.2,46.2,4,1.5,55,3.0,4.0,24,ETHUSDT
52,53.85,-0.2489,-12.458,-15.862,-4.139,46.2,36.5,17.3,4,1.5,60,1.0,1.5,6,ETHUSDT
52,53.85,-0.2467,-12.386,-17.21,-3.922,53.8,40.4,5.8,4,1.5,60,1.0,1.5,12,ETHUSDT
51,56.86,-0.2484,-12.26,-17.193,-3.833,56.9,43.1,0.0,4,1.5,60,1.0,1.5,24,ETHUSDT
49,55.1,-0.2764,-13.071,-16.516,-3.933,46.9,18.4,34.7,4,1.5,60,1.0,2.5,6,ETHUSDT
49,65.31,-0.1538,-7.752,-12.906,-2.012,65.3,22.4,12.2,4,1.5,60,1.0,2.5,12,ETHUSDT
47,72.34,-0.1104,-5.588,-13.794,-1.377,72.3,25.5,2.1,4,1.5,60,1.0,2.5,24,ETHUSDT
47,59.57,-0.2051,-9.685,-13.264,-2.624,51.1,8.5,40.4,4,1.5,60,1.0,4.0,6,ETHUSDT
47,72.34,-0.0483,-2.872,-11.056,-0.565,72.3,10.6,17.0,4,1.5,60,1.0,4.0,12,ETHUSDT
44,81.82,0.059,1.968,-9.694,0.665,81.8,11.4,6.8,4,1.5,60,1.0,4.0,24,ETHUSDT
51,45.1,-0.3508,-16.754,-20.925,-5.257,23.5,43.1,33.3,4,1.5,60,1.5,1.5,6,ETHUSDT
50,46.0,-0.2266,-11.188,-19.498,-3.003,44.0,48.0,8.0,4,1.5,60,1.5,1.5,12,ETHUSDT
49,48.98,-0.2264,-10.995,-18.806,-2.915,46.9,51.0,2.0,4,1.5,60,1.5,1.5,24,ETHUSDT
47,46.81,-0.4312,-18.817,-22.919,-5.489,23.4,23.4,53.2,4,1.5,60,1.5,2.5,6,ETHUSDT
46,54.35,-0.2207,-10.313,-18.334,-2.389,52.2,28.3,19.6,4,1.5,60,1.5,2.5,12,ETHUSDT
43,60.47,-0.2674,-11.573,-22.942,-2.684,55.8,37.2,7.0,4,1.5,60,1.5,2.5,24,ETHUSDT
44,50.0,-0.4142,-17.236,-21.418,-4.628,25.0,11.4,63.6,4,1.5,60,1.5,4.0,6,ETHUSDT
43,58.14,-0.2448,-10.838,-18.812,-2.266,55.8,16.3,27.9,4,1.5,60,1.5,4.0,12,ETHUSDT
39,64.1,-0.3682,-14.32,-24.434,-3.033,59.0,23.1,17.9,4,1.5,60,1.5,4.0,24,ETHUSDT
50,40.0,-0.3949,-18.324,-23.553,-5.58,16.0,46.0,38.0,4,1.5,60,2.0,1.5,6,ETHUSDT
49,42.86,-0.23,-11.21,-19.958,-2.793,30.6,51.0,18.4,4,1.5,60,2.0,1.5,12,ETHUSDT
47,42.55,-0.2514,-11.746,-21.21,-2.859,38.3,57.4,4.3,4,1.5,60,2.0,1.5,24,ETHUSDT
46,41.3,-0.4941,-20.823,-25.926,-6.069,15.2,23.9,60.9,4,1.5,60,2.0,2.5,6,ETHUSDT
44,45.45,-0.3435,-14.702,-23.195,-3.537,31.8,29.5,38.6,4,1.5,60,2.0,2.5,12,ETHUSDT
41,53.66,-0.3722,-14.976,-28.125,-3.345,43.9,43.9,12.2,4,1.5,60,2.0,2.5,24,ETHUSDT
43,44.19,-0.4811,-19.282,-24.484,-5.204,16.3,11.6,72.1,4,1.5,60,2.0,4.0,6,ETHUSDT
41,48.78,-0.4208,-16.671,-24.969,-3.771,31.7,17.1,51.2,4,1.5,60,2.0,4.0,12,ETHUSDT
36,58.33,-0.3607,-13.207,-25.628,-2.741,50.0,22.2,27.8,4,1.5,60,2.0,4.0,24,ETHUSDT
50,40.0,-0.4024,-18.644,-24.242,-5.585,4.0,46.0,50.0,4,1.5,60,3.0,1.5,6,ETHUSDT
47,38.3,-0.22,-10.448,-19.413,-2.465,12.8,51.1,36.2,4,1.5,60,3.0,1.5,12,ETHUSDT
42,33.33,-0.2737,-11.587,-21.959,-2.666,23.8,64.3,11.9,4,1.5,60,3.0,1.5,24,ETHUSDT
46,41.3,-0.5015,-21.107,-26.568,-6.067,4.3,23.9,71.7,4,1.5,60,3.0,2.5,6,ETHUSDT
42,40.48,-0.3767,-15.37,-23.932,-3.611,14.3,31.0,54.8,4,1.5,60,3.0,2.5,12,ETHUSDT
36,44.44,-0.3259,-12.014,-26.034,-2.586,27.8,44.4,27.8,4,1.5,60,3.0,2.5,24,ETHUSDT
43,44.19,-0.4653,-18.756,-24.381,-4.909,4.7,11.6,83.7,4,1.5,60,3.0,4.0,6,ETHUSDT
40,45.0,-0.4395,-16.937,-25.34,-3.906,12.5,15.0,72.5,4,1.5,60,3.0,4.0,12,ETHUSDT
32,50.0,-0.2714,-9.53,-23.341,-1.814,34.4,25.0,40.6,4,1.5,60,3.0,4.0,24,ETHUSDT
38,50.0,-0.3462,-12.568,-15.754,-5.755,42.1,39.5,18.4,4,1.5,65,1.0,1.5,6,ETHUSDT
37,48.65,-0.3684,-12.999,-16.522,-5.857,48.6,43.2,8.1,4,1.5,65,1.0,1.5,12,ETHUSDT
37,48.65,-0.4124,-14.424,-17.888,-6.386,48.6,48.6,2.7,4,1.5,65,1.0,1.5,24,ETHUSDT
34,55.88,-0.2587,-8.704,-12.098,-3.756,47.1,17.6,35.3,4,1.5,65,1.0,2.5,6,ETHUSDT
33,63.64,-0.1773,-6.014,-9.897,-2.349,63.6,21.2,15.2,4,1.5,65,1.0,2.5,12,ETHUSDT
33,75.76,0.0582,1.592,-7.798,0.78,75.8,21.2,3.0,4,1.5,65,1.0,2.5,24,ETHUSDT
33,60.61,-0.2614,-8.679,-12.075,-3.087,51.5,12.1,36.4,4,1.5,65,1.0,4.0,6,ETHUSDT
32,68.75,-0.1606,-5.468,-9.373,-1.794,68.8,12.5,18.8,4,1.5,65,1.0,4.0,12,ETHUSDT
32,84.38,0.1747,5.273,-8.166,2.022,84.4,12.5,3.1,4,1.5,65,1.0,4.0,24,ETHUSDT
38,39.47,-0.5257,-18.381,-21.721,-8.265,15.8,47.4,36.8,4,1.5,65,1.5,1.5,6,ETHUSDT
36,38.89,-0.4389,-14.949,-20.486,-5.983,36.1,52.8,11.1,4,1.5,65,1.5,1.5,12,ETHUSDT
36,38.89,-0.4608,-15.642,-21.788,-6.071,38.9,58.3,2.8,4,1.5,65,1.5,1.5,24,ETHUSDT
34,44.12,-0.5718,-17.985,-21.377,-7.888,11.8,23.5,64.7,4,1.5,65,1.5,2.5,6,ETHUSDT
32,50.0,-0.3533,-11.146,-17.027,-3.875,46.9,28.1,25.0,4,1.5,65,1.5,2.5,12,ETHUSDT
31,61.29,-0.1651,-5.516,-16.264,-1.679,54.8,35.5,9.7,4,1.5,65,1.5,2.5,24,ETHUSDT
32,50.0,-0.4884,-14.882,-18.402,-5.646,15.6,12.5,71.9,4,1.5,65,1.5,4.0,6,ETHUSDT
31,54.84,-0.4005,-12.329,-18.132,-3.59,51.6,19.4,29.0,4,1.5,65,1.5,4.0,12,ETHUSDT
30,66.67,-0.1754,-5.888,-16.431,-1.465,60.0,23.3,16.7,4,1.5,65,1.5,4.0,24,ETHUSDT
38,39.47,-0.4467,-15.935,-20.164,-6.356,15.8,47.4,36.8,4,1.5,65,2.0,1.5,6,ETHUSDT
36,38.89,-0.3339,-11.73,-18.488,-4.107,27.8,52.8,19.4,4,1.5,65,2.0,1.5,12,ETHUSDT
36,38.89,-0.3098,-11.01,-19.046,-3.574,36.1,58.3,5.6,4,1.5,65,2.0,1.5,24,ETHUSDT
34,44.12,-0.5129,-16.354,-20.599,-6.657,11.8,23.5,64.7,4,1.5,65,2.0,2.5,6,ETHUSDT
32,43.75,-0.3311,-10.553,-17.498,-3.452,31.2,28.1,40.6,4,1.5,65,2.0,2.5,12,ETHUSDT
31,54.84,-0.2203,-7.219,-19.212,-2.055,41.9,38.7,19.4,4,1.5,65,2.0,2.5,24,ETHUSDT
32,50.0,-0.4583,-14.079,-18.44,-5.138,12.5,12.5,75.0,4,1.5,65,2.0,4.0,6,ETHUSDT
30,46.67,-0.41,-12.183,-19.001,-3.751,30.0,16.7,53.3,4,1.5,65,2.0,4.0,12,ETHUSDT
29,58.62,-0.2437,-7.685,-19.693,-1.865,48.3,24.1,27.6,4,1.5,65,2.0,4.0,24,ETHUSDT
38,39.47,-0.5147,-18.052,-21.813,-7.859,0.0,47.4,52.6,4,1.5,65,3.0,1.5,6,ETHUSDT
34,35.29,-0.3529,-11.725,-17.034,-4.134,8.8,52.9,38.2,4,1.5,65,3.0,1.5,12,ETHUSDT
34,32.35,-0.2746,-9.493,-16.454,-2.734,23.5,61.8,14.7,4,1.5,65,3.0,1.5,24,ETHUSDT
34,44.12,-0.591,-18.518,-22.292,-8.232,0.0,23.5,76.5,4,1.5,65,3.0,2.5,6,ETHUSDT
30,40.0,-0.4361,-12.77,-16.671,-4.353,10.0,30.0,60.0,4,1.5,65,3.0,2.5,12,ETHUSDT
29,48.28,-0.1169,-4.084,-16.303,-0.966,27.6,37.9,34.5,4,1.5,65,3.0,2.5,24,ETHUSDT
32,50.0,-0.5029,-15.281,-19.206,-5.792,0.0,12.5,87.5,4,1.5,65,3.0,4.0,6,ETHUSDT
29,44.83,-0.4444,-12.666,-16.649,-4.107,10.3,13.8,75.9,4,1.5,65,3.0,4.0,12,ETHUSDT
27,51.85,-0.1218,-4.24,-16.049,-0.842,33.3,25.9,40.7,4,1.5,65,3.0,4.0,24,ETHUSDT
27,51.85,-0.2838,-7.549,-9.433,-4.756,44.4,37.0,18.5,4,1.5,70,1.0,1.5,6,ETHUSDT
27,51.85,-0.2638,-7.059,-9.838,-4.285,51.9,37.0,11.1,4,1.5,70,1.0,1.5,12,ETHUSDT
27,55.56,-0.2811,-7.513,-11.258,-4.323,55.6,44.4,0.0,4,1.5,70,1.0,1.5,24,ETHUSDT
22,59.09,-0.1399,-3.2,-5.294,-2.149,50.0,13.6,36.4,4,1.5,70,1.0,2.5,6,ETHUSDT
22,68.18,-0.0373,-1.026,-5.269,-0.518,68.2,18.2,13.6,4,1.5,70,1.0,2.5,12,ETHUSDT
22,77.27,0.0345,0.522,-5.269,0.45,77.3,22.7,0.0,4,1.5,70,1.0,2.5,24,ETHUSDT
22,63.64,-0.1172,-2.786,-5.408,-1.512,54.5,9.1,36.4,4,1.5,70,1.0,4.0,6,ETHUSDT
22,72.73,0.01,-0.052,-4.509,0.122,72.7,9.1,18.2,4,1.5,70,1.0,4.0,12,ETHUSDT
22,90.91,0.3755,8.342,-4.17,4.99,90.9,9.1,0.0,4,1.5,70,1.0,4.0,24,ETHUSDT
27,40.74,-0.4178,-10.886,-12.863,-6.277,25.9,44.4,29.6,4,1.5,70,1.5,1.5,6,ETHUSDT
26,42.31,-0.319,-8.204,-11.963,-4.375,38.5,46.2,15.4,4,1.5,70,1.5,1.5,12,ETHUSDT
26,46.15,-0.2854,-7.432,-13.35,-3.646,46.2,53.8,0.0,4,1.5,70,1.5,1.5,24,ETHUSDT
22,45.45,-0.3969,-8.571,-10.6,-5.505,22.7,18.2,59.1,4,1.5,70,1.5,2.5,6,ETHUSDT
21,52.38,-0.3087,-6.59,-10.589,-3.372,47.6,28.6,23.8,4,1.5,70,1.5,2.5,12,ETHUSDT
21,61.9,-0.2011,-4.52,-10.623,-1.983,57.1,38.1,4.8,4,1.5,70,1.5,2.5,24,ETHUSDT
22,54.55,-0.2237,-5.084,-7.189,-2.647,31.8,9.1,59.1,4,1.5,70,1.5,4.0,6,ETHUSDT
22,63.64,-0.1646,-4.048,-8.156,-1.479,59.1,18.2,22.7,4,1.5,70,1.5,4.0,12,ETHUSDT
22,77.27,0.2614,5.385,-7.493,2.369,72.7,18.2,9.1,4,1.5,70,1.5,4.0,24,ETHUSDT
27,40.74,-0.3181,-8.492,-10.961,-4.28,22.2,44.4,33.3,4,1.5,70,2.0,1.5,6,ETHUSDT
25,36.0,-0.3912,-9.598,-13.59,-4.895,28.0,52.0,20.0,4,1.5,70,2.0,1.5,12,ETHUSDT
25,40.0,-0.3325,-8.308,-14.951,-3.816,36.0,60.0,4.0,4,1.5,70,2.0,1.5,24,ETHUSDT
22,45.45,-0.3199,-7.035,-9.544,-4.114,18.2,18.2,63.6,4,1.5,70,2.0,2.5,6,ETHUSDT
20,40.0,-0.5414,-10.608,-15.141,-5.515,30.0,35.0,35.0,4,1.5,70,2.0,2.5,12,ETHUSDT
20,55.0,-0.3828,-7.802,-14.719,-3.456,40.0,45.0,15.0,4,1.5,70,2.0,2.5,24,ETHUSDT
22,54.55,-0.2261,-5.146,-7.705,-2.619,18.2,9.1,72.7,4,1.5,70,2.0,4.0,6,ETHUSDT
20,50.0,-0.4776,-9.536,-14.124,-4.357,30.0,15.0,55.0,4,1.5,70,2.0,4.0,12,ETHUSDT
20,75.0,0.4264,8.272,-8.745,3.459,65.0,20.0,15.0,4,1.5,70,2.0,4.0,24,ETHUSDT
27,40.74,-0.3223,-8.616,-10.471,-4.179,7.4,44.4,48.1,4,1.5,70,3.0,1.5,6,ETHUSDT
25,32.0,-0.4572,-11.12,-11.971,-5.349,12.0,56.0,32.0,4,1.5,70,3.0,1.5,12,ETHUSDT
25,32.0,-0.3798,-9.462,-12.256,-3.923,20.0,64.0,16.0,4,1.5,70,3.0,1.5,24,ETHUSDT
22,45.45,-0.3284,-7.226,-9.54,-4.063,9.1,18.2,72.7,4,1.5,70,3.0,2.5,6,ETHUSDT
20,35.0,-0.7287,-13.948,-14.921,-7.033,15.0,40.0,45.0,4,1.5,70,3.0,2.5,12,ETHUSDT
20,45.0,-0.452,-9.175,-12.656,-3.646,25.0,50.0,25.0,4,1.5,70,3.0,2.5,24,ETHUSDT
22,54.55,-0.2345,-5.34,-7.701,-2.632,9.1,9.1,81.8,4,1.5,70,3.0,4.0,6,ETHUSDT
20,45.0,-0.6512,-12.676,-13.744,-5.672,15.0,15.0,70.0,4,1.5,70,3.0,4.0,12,ETHUSDT
19,63.16,0.1649,2.432,-8.287,1.144,31.6,26.3,42.1,4,1.5,70,3.0,4.0,24,ETHUSDT
35,51.43,-0.2897,-9.867,-12.676,-4.794,45.7,37.1,17.1,4,2.5,55,1.0,1.5,6,ETHUSDT
34,50.0,-0.3739,-12.182,-14.333,-5.866,50.0,44.1,5.9,4,2.5,55,1.0,1.5,12,ETHUSDT
34,50.0,-0.42,-13.565,-15.682,-6.419,50.0,50.0,0.0,4,2.5,55,1.0,1.5,24,ETHUSDT
31,58.06,-0.1411,-4.516,-7.798,-2.156,51.6,12.9,35.5,4,2.5,55,1.0,2.5,6,ETHUSDT
29,65.52,-0.1832,-5.473,-7.798,-2.405,65.5,20.7,13.8,4,2.5,55,1.0,2.5,12,ETHUSDT
29,75.86,-0.0148,-0.757,-7.798,-0.189,75.9,24.1,0.0,4,2.5,55,1.0,2.5,24,ETHUSDT
31,61.29,-0.0886,-2.997,-6.269,-1.236,54.8,6.5,38.7,4,2.5,55,1.0,4.0,6,ETHUSDT
29,68.97,-0.2004,-6.052,-8.353,-2.262,69.0,10.3,20.7,4,2.5,55,1.0,4.0,12,ETHUSDT
29,82.76,0.1223,3.207,-7.404,1.443,82.8,10.3,6.9,4,2.5,55,1.0,4.0,24,ETHUSDT
35,42.86,-0.399,-13.297,-16.22,-6.084,20.0,42.9,37.1,4,2.5,55,1.5,1.5,6,ETHUSDT
34,38.24,-0.5016,-16.001,-19.265,-6.8,35.3,55.9,8.8,4,2.5,55,1.5,1.5,12,ETHUSDT
34,38.24,-0.5229,-16.632,-19.871,-6.853,38.2,61.8,0.0,4,2.5,55,1.5,1.5,24,ETHUSDT
30,50.0,-0.3241,-9.54,-13.126,-4.489,20.0,16.7,63.3,4,2.5,55,1.5,2.5,6,ETHUSDT
28,46.43,-0.5632,-15.007,-18.666,-6.063,42.9,32.1,25.0,4,2.5,55,1.5,2.5,12,ETHUSDT
27,55.56,-0.4802,-12.65,-19.621,-4.673,48.1,44.4,7.4,4,2.5,55,1.5,2.5,24,ETHUSDT
29,55.17,-0.1759,-5.282,-9.036,-2.282,24.1,6.9,69.0,4,2.5,55,1.5,4.0,6,ETHUSDT
27,55.56,-0.3673,-9.974,-13.85,-3.44,51.9,14.8,33.3,4,2.5,55,1.5,4.0,12,ETHUSDT
26,69.23,-0.1261,-3.851,-15.017,-1.09,61.5,19.2,19.2,4,2.5,55,1.5,4.0,24,ETHUSDT
35,40.0,-0.4143,-13.798,-17.113,-5.884,14.3,45.7,40.0,4,2.5,55,2.0,1.5,6,ETHUSDT
34,32.35,-0.5205,-16.592,-19.312,-6.507,26.5,58.8,14.7,4,2.5,55,2.0,1.5,12,ETHUSDT
34,32.35,-0.5376,-17.127,-19.037,-6.273,32.4,67.6,0.0,4,2.5,55,2.0,1.5,24,ETHUSDT
29,48.28,-0.3242,-9.272,-13.266,-4.226,13.8,17.2,69.0,4,2.5,55,2.0,2.5,6,ETHUSDT
28,39.29,-0.4687,-12.742,-16.757,-4.872,32.1,28.6,39.3,4,2.5,55,2.0,2.5,12,ETHUSDT
27,55.56,-0.3544,-9.692,-19.93,-3.199,40.7,44.4,14.8,4,2.5,55,2.0,2.5,24,ETHUSDT
28,53.57,-0.251,-7.091,-11.18,-3.209,10.7,7.1,82.1,4,2.5,55,2.0,4.0,6,ETHUSDT
27,44.44,-0.4896,-12.897,-16.905,-4.647,29.6,14.8,55.6,4,2.5,55,2.0,4.0,12,ETHUSDT
24,62.5,-0.3007,-7.713,-20.36,-2.244,50.0,25.0,25.0,4,2.5,55,2.0,4.0,24,ETHUSDT
35,40.0,-0.459,-15.128,-17.831,-6.686,2.9,45.7,51.4,4,2.5,55,3.0,1.5,6,ETHUSDT
34,26.47,-0.6315,-19.712,-20.613,-7.723,8.8,61.8,29.4,4,2.5,55,3.0,1.5,12,ETHUSDT
34,20.59,-0.7207,-22.219,-21.723,-7.766,17.6,76.5,5.9,4,2.5,55,3.0,1.5,24,ETHUSDT
29,48.28,-0.3889,-10.947,-14.282,-5.258,3.4,17.2,79.3,4,2.5,55,3.0,2.5,6,ETHUSDT
28,32.14,-0.7523,-19.414,-21.424,-8.138,7.1,32.1,60.7,4,2.5,55,3.0,2.5,12,ETHUSDT
27,40.74,-0.6408,-16.513,-23.264,-5.431,18.5,48.1,33.3,4,2.5,55,3.0,2.5,24,ETHUSDT
28,53.57,-0.2789,-7.811,-11.263,-3.583,3.6,7.1,89.3,4,2.5,55,3.0,4.0,6,ETHUSDT
27,37.04,-0.676,-17.213,-19.277,-6.303,11.1,14.8,74.1,4,2.5,55,3.0,4.0,12,ETHUSDT
23,43.48,-0.8191,-17.96,-25.597,-5.705,21.7,30.4,47.8,4,2.5,55,3.0,4.0,24,ETHUSDT
34,52.94,-0.2449,-8.208,-10.456,-4.069,50.0,35.3,14.7,4,2.5,60,1.0,1.5,6,ETHUSDT
33,51.52,-0.3346,-10.691,-12.155,-5.263,51.5,42.4,6.1,4,2.5,60,1.0,1.5,12,ETHUSDT
33,51.52,-0.3821,-12.097,-13.538,-5.843,51.5,48.5,0.0,4,2.5,60,1.0,1.5,24,ETHUSDT
30,60.0,-0.0521,-1.759,-5.269,-0.84,56.7,10.0,33.3,4,2.5,60,1.0,2.5,6,ETHUSDT
28,67.86,-0.0944,-2.88,-6.949,-1.287,67.9,17.9,14.3,4,2.5,60,1.0,2.5,12,ETHUSDT
28,78.57,0.08,1.966,-5.269,1.064,78.6,21.4,0.0,4,2.5,60,1.0,2.5,24,ETHUSDT
30,63.33,-0.0354,-1.339,-5.657,-0.494,60.0,6.7,33.3,4,2.5,60,1.0,4.0,6,ETHUSDT
28,71.43,-0.0587,-1.964,-7.358,-0.726,71.4,7.1,21.4,4,2.5,60,1.0,4.0,12,ETHUSDT
28,85.71,0.2756,7.698,-4.17,3.693,85.7,7.1,7.1,4,2.5,60,1.0,4.0,24,ETHUSDT
33,42.42,-0.3934,-12.427,-14.797,-5.98,21.2,42.4,36.4,4,2.5,60,1.5,1.5,6,ETHUSDT
32,37.5,-0.5223,-15.695,-17.894,-7.123,34.4,56.2,9.4,4,2.5,60,1.5,1.5,12,ETHUSDT
32,37.5,-0.545,-16.329,-18.511,-7.169,37.5,62.5,0.0,4,2.5,60,1.5,1.5,24,ETHUSDT
29,48.28,-0.3161,-9.041,-12.045,-4.247,24.1,17.2,58.6,4,2.5,60,1.5,2.5,6,ETHUSDT
27,44.44,-0.6333,-16.122,-18.666,-6.841,40.7,33.3,25.9,4,2.5,60,1.5,2.5,12,ETHUSDT
26,53.85,-0.5499,-13.797,-19.621,-5.339,46.2,46.2,7.7,4,2.5,60,1.5,2.5,24,ETHUSDT
28,53.57,-0.2562,-7.301,-10.362,-2.927,28.6,10.7,60.7,4,2.5,60,1.5,4.0,6,ETHUSDT
26,53.85,-0.4326,-11.155,-13.85,-4.03,50.0,15.4,34.6,4,2.5,60,1.5,4.0,12,ETHUSDT
25,68.0,-0.1843,-5.113,-15.017,-1.576,60.0,20.0,20.0,4,2.5,60,1.5,4.0,24,ETHUSDT
33,39.39,-0.4096,-12.933,-15.705,-5.779,15.2,45.5,39.4,4,2.5,60,2.0,1.5,6,ETHUSDT
32,34.38,-0.4903,-14.888,-17.941,-5.999,28.1,59.4,12.5,4,2.5,60,2.0,1.5,12,ETHUSDT
32,34.38,-0.4669,-14.288,-17.661,-5.366,34.4,65.6,0.0,4,2.5,60,2.0,1.5,24,ETHUSDT
28,46.43,-0.298,-8.322,-11.753,-3.717,17.9,17.9,64.3,4,2.5,60,2.0,2.5,6,ETHUSDT
27,40.74,-0.4735,-12.446,-16.757,-4.834,33.3,29.6,37.0,4,2.5,60,2.0,2.5,12,ETHUSDT
26,53.85,-0.4384,-11.315,-19.93,-3.966,38.5,46.2,15.4,4,2.5,60,2.0,2.5,24,ETHUSDT
27,51.85,-0.3185,-8.622,-12.043,-3.547,14.8,11.1,74.1,4,2.5,60,2.0,4.0,6,ETHUSDT
26,46.15,-0.4954,-12.601,-16.905,-4.614,30.8,15.4,53.8,4,2.5,60,2.0,4.0,12,ETHUSDT
23,60.87,-0.3933,-9.372,-20.36,-2.917,47.8,26.1,26.1,4,2.5,60,2.0,4.0,24,ETHUSDT
33,39.39,-0.457,-14.277,-16.436,-6.62,3.0,45.5,51.5,4,2.5,60,3.0,1.5,6,ETHUSDT
32,28.12,-0.6082,-18.071,-17.894,-7.269,9.4,62.5,28.1,4,2.5,60,3.0,1.5,12,ETHUSDT
32,21.88,-0.6614,-19.554,-19.041,-6.977,18.8,75.0,6.2,4,2.5,60,3.0,1.5,24,ETHUSDT
28,46.43,-0.3539,-9.737,-12.518,-4.51,3.6,17.9,78.6,4,2.5,60,3.0,2.5,6,ETHUSDT
27,33.33,-0.6672,-16.95,-17.081,-6.655,11.1,33.3,55.6,4,2.5,60,3.0,2.5,12,ETHUSDT
26,38.46,-0.7476,-18.259,-21.159,-6.408,19.2,50.0,30.8,4,2.5,60,3.0,2.5,24,ETHUSDT
27,51.85,-0.3435,-9.237,-12.034,-3.832,3.7,11.1,85.2,4,2.5,60,3.0,4.0,6,ETHUSDT
26,38.46,-0.7475,-18.161,-18.365,-7.115,7.7,15.4,76.9,4,2.5,60,3.0,4.0,12,ETHUSDT
22,40.91,-0.9534,-19.675,-22.36,-6.673,22.7,31.8,45.5,4,2.5,60,3.0,4.0,24,ETHUSDT
28,46.43,-0.3771,-10.204,-11.676,-6.317,42.9,39.3,17.9,4,2.5,65,1.0,1.5,6,ETHUSDT
28,46.43,-0.4533,-12.128,-13.569,-7.149,46.4,46.4,7.1,4,2.5,65,1.0,1.5,12,ETHUSDT
28,46.43,-0.5093,-13.512,-14.93,-7.804,46.4,53.6,0.0,4,2.5,65,1.0,1.5,24,ETHUSDT
24,58.33,-0.0999,-2.546,-5.269,-1.571,54.2,12.5,33.3,4,2.5,65,1.0,2.5,6,ETHUSDT
24,66.67,-0.0346,-1.028,-5.269,-0.513,66.7,12.5,20.8,4,2.5,65,1.0,2.5,12,ETHUSDT
24,83.33,0.2467,5.872,-5.269,3.613,83.3,16.7,0.0,4,2.5,65,1.0,2.5,24,ETHUSDT
24,62.5,-0.0791,-2.13,-5.047,-1.051,58.3,8.3,33.3,4,2.5,65,1.0,4.0,6,ETHUSDT
24,70.83,-0.0138,-0.605,-4.508,-0.176,70.8,8.3,20.8,4,2.5,65,1.0,4.0,12,ETHUSDT
24,91.67,0.4133,10.148,-4.17,5.714,91.7,8.3,0.0,4,2.5,65,1.0,4.0,24,ETHUSDT
28,35.71,-0.5405,-14.257,-15.819,-8.504,17.9,46.4,35.7,4,2.5,65,1.5,1.5,6,ETHUSDT
28,32.14,-0.6798,-17.595,-19.744,-9.671,28.6,60.7,10.7,4,2.5,65,1.5,1.5,12,ETHUSDT
28,32.14,-0.7057,-18.214,-20.347,-9.623,32.1,67.9,0.0,4,2.5,65,1.5,1.5,24,ETHUSDT
24,45.83,-0.3873,-9.083,-10.738,-5.651,16.7,16.7,66.7,4,2.5,65,1.5,2.5,6,ETHUSDT
24,45.83,-0.4774,-11.154,-13.471,-5.429,41.7,25.0,33.3,4,2.5,65,1.5,2.5,12,ETHUSDT
23,60.87,-0.2733,-6.506,-15.096,-2.71,52.2,39.1,8.7,4,2.5,65,1.5,2.5,24,ETHUSDT
23,52.17,-0.2523,-5.893,-7.606,-3.217,21.7,8.7,69.6,4,2.5,65,1.5,4.0,6,ETHUSDT
23,56.52,-0.2002,-4.909,-7.389,-2.009,52.2,13.0,34.8,4,2.5,65,1.5,4.0,12,ETHUSDT
22,77.27,0.1557,2.957,-9.906,1.396,68.2,18.2,13.6,4,2.5,65,1.5,4.0,24,ETHUSDT
28,35.71,-0.4512,-12.121,-14.145,-6.346,17.9,46.4,35.7,4,2.5,65,2.0,1.5,6,ETHUSDT
28,32.14,-0.5718,-15.108,-18.132,-7.209,25.0,60.7,14.3,4,2.5,65,2.0,1.5,12,ETHUSDT
28,32.14,-0.545,-14.51,-17.661,-6.37,32.1,67.9,0.0,4,2.5,65,2.0,1.5,24,ETHUSDT
24,45.83,-0.304,-7.275,-9.41,-4.07,16.7,16.7,66.7,4,2.5,65,2.0,2.5,6,ETHUSDT
24,41.67,-0.3873,-9.257,-12.489,-4.068,33.3,25.0,41.7,4,2.5,65,2.0,2.5,12,ETHUSDT
23,56.52,-0.2607,-6.279,-14.719,-2.448,39.1,39.1,21.7,4,2.5,65,2.0,2.5,24,ETHUSDT
23,52.17,-0.2631,-6.133,-8.294,-3.304,13.0,8.7,78.3,4,2.5,65,2.0,4.0,6,ETHUSDT
23,47.83,-0.3625,-8.419,-11.681,-3.559,30.4,13.0,56.5,4,2.5,65,2.0,4.0,12,ETHUSDT
21,66.67,-0.0511,-1.713,-14.644,-0.394,52.4,23.8,23.8,4,2.5,65,2.0,4.0,24,ETHUSDT
28,35.71,-0.5145,-13.654,-15.062,-7.56,3.6,46.4,50.0,4,2.5,65,3.0,1.5,6,ETHUSDT
28,25.0,-0.743,-19.091,-18.771,-9.646,7.1,64.3,28.6,4,2.5,65,3.0,1.5,12,ETHUSDT
28,21.43,-0.678,-17.714,-17.19,-7.237,17.9,75.0,7.1,4,2.5,65,3.0,1.5,24,ETHUSDT
24,45.83,-0.3823,-8.987,-10.471,-5.359,4.2,16.7,79.2,4,2.5,65,3.0,2.5,6,ETHUSDT
24,33.33,-0.6834,-15.501,-14.796,-7.305,8.3,29.2,62.5,4,2.5,65,3.0,2.5,12,ETHUSDT
23,43.48,-0.4731,-10.855,-16.303,-4.024,21.7,43.5,34.8,4,2.5,65,3.0,2.5,24,ETHUSDT
23,52.17,-0.297,-6.861,-8.38,-3.753,4.3,8.7,87.0,4,2.5,65,3.0,4.0,6,ETHUSDT
23,39.13,-0.6629,-14.551,-13.917,-6.618,8.7,13.0,78.3,4,2.5,65,3.0,4.0,12,ETHUSDT
20,50.0,-0.4424,-9.22,-16.905,-2.998,30.0,30.0,40.0,4,2.5,65,3.0,4.0,24,ETHUSDT
24,45.83,-0.3537,-8.292,-9.795,-6.033,41.7,37.5,20.8,4,2.5,70,1.0,1.5,6,ETHUSDT
24,45.83,-0.4005,-9.335,-11.316,-6.495,45.8,41.7,12.5,4,2.5,70,1.0,1.5,12,ETHUSDT
24,50.0,-0.42,-9.779,-12.713,-6.419,50.0,50.0,0.0,4,2.5,70,1.0,1.5,24,ETHUSDT
20,55.0,-0.1787,-3.669,-5.37,-2.708,50.0,15.0,35.0,4,2.5,70,1.0,2.5,6,ETHUSDT
20,65.0,-0.0499,-1.166,-5.269,-0.726,65.0,15.0,20.0,4,2.5,70,1.0,2.5,12,ETHUSDT
20,80.0,0.13,2.429,-5.269,1.774,80.0,20.0,0.0,4,2.5,70,1.0,2.5,24,ETHUSDT
20,60.0,-0.1537,-3.258,-5.484,-1.936,55.0,10.0,35.0,4,2.5,70,1.0,4.0,6,ETHUSDT
20,70.0,-0.0249,-0.743,-4.383,-0.305,70.0,10.0,20.0,4,2.5,70,1.0,4.0,12,ETHUSDT
20,90.0,0.33,6.566,-4.17,4.203,90.0,10.0,0.0,4,2.5,70,1.0,4.0,24,ETHUSDT
24,37.5,-0.4212,-9.801,-11.444,-6.499,25.0,41.7,33.3,4,2.5,70,1.5,1.5,6,ETHUSDT
24,37.5,-0.4564,-10.598,-13.119,-6.399,33.3,50.0,16.7,4,2.5,70,1.5,1.5,12,ETHUSDT
24,41.67,-0.42,-9.846,-14.487,-5.425,41.7,58.3,0.0,4,2.5,70,1.5,1.5,24,ETHUSDT
20,45.0,-0.2865,-5.743,-7.459,-4.131,25.0,15.0,60.0,4,2.5,70,1.5,2.5,6,ETHUSDT
20,50.0,-0.3165,-6.411,-9.445,-3.59,45.0,25.0,30.0,4,2.5,70,1.5,2.5,12,ETHUSDT
20,65.0,-0.0776,-1.9,-10.374,-0.78,60.0,35.0,5.0,4,2.5,70,1.5,2.5,24,ETHUSDT
20,55.0,-0.1283,-2.796,-4.566,-1.511,35.0,10.0,55.0,4,2.5,70,1.5,4.0,6,ETHUSDT
20,65.0,0.008,-0.235,-4.735,0.078,60.0,15.0,25.0,4,2.5,70,1.5,4.0,12,ETHUSDT
20,85.0,0.4974,10.001,-4.735,4.846,80.0,15.0,5.0,4,2.5,70,1.5,4.0,24,ETHUSDT
24,37.5,-0.3298,-7.833,-9.955,-4.57,20.8,41.7,37.5,4,2.5,70,2.0,1.5,6,ETHUSDT
23,30.43,-0.5341,-11.817,-15.143,-6.804,26.1,56.5,17.4,4,2.5,70,2.0,1.5,12,ETHUSDT
23,34.78,-0.4526,-10.196,-16.479,-5.187,34.8,65.2,0.0,4,2.5,70,2.0,1.5,24,ETHUSDT
20,45.0,-0.2018,-4.159,-6.594,-2.675,20.0,15.0,65.0,4,2.5,70,2.0,2.5,6,ETHUSDT
19,36.84,-0.5274,-9.855,-13.849,-5.458,31.6,31.6,36.8,4,2.5,70,2.0,2.5,12,ETHUSDT
19,57.89,-0.2623,-5.27,-14.202,-2.382,42.1,42.1,15.8,4,2.5,70,2.0,2.5,24,ETHUSDT
20,55.0,-0.131,-2.859,-5.328,-1.507,20.0,10.0,70.0,4,2.5,70,2.0,4.0,6,ETHUSDT
19,47.37,-0.4887,-9.277,-13.297,-4.436,31.6,15.8,52.6,4,2.5,70,2.0,4.0,12,ETHUSDT
18,77.78,0.3738,6.358,-8.745,2.906,66.7,22.2,11.1,4,2.5,70,2.0,4.0,24,ETHUSDT
24,37.5,-0.3332,-7.927,-9.429,-4.41,8.3,41.7,50.0,4,2.5,70,3.0,1.5,6,ETHUSDT
23,26.09,-0.6016,-13.22,-13.401,-7.112,13.0,60.9,26.1,4,2.5,70,3.0,1.5,12,ETHUSDT
23,26.09,-0.4693,-10.624,-13.15,-4.72,21.7,69.6,8.7,4,2.5,70,3.0,1.5,24,ETHUSDT
20,45.0,-0.2111,-4.356,-7.058,-2.674,10.0,15.0,75.0,4,2.5,70,3.0,2.5,6,ETHUSDT
19,31.58,-0.7245,-13.223,-13.96,-7.07,15.8,36.8,47.4,4,2.5,70,3.0,2.5,12,ETHUSDT
19,47.37,-0.3351,-6.681,-12.656,-2.698,26.3,47.4,26.3,4,2.5,70,3.0,2.5,24,ETHUSDT
20,55.0,-0.1403,-3.059,-5.798,-1.558,10.0,10.0,80.0,4,2.5,70,3.0,4.0,6,ETHUSDT
19,42.11,-0.6714,-12.426,-13.25,-5.812,15.8,15.8,68.4,4,2.5,70,3.0,4.0,12,ETHUSDT
17,64.71,0.1255,1.418,-8.287,0.826,35.3,29.4,35.3,4,2.5,70,3.0,4.0,24,ETHUSDT
103,47.57,-0.2787,-25.44,-30.463,-4.899,40.8,31.1,28.2,6,1.0,55,1.0,1.5,6,ETHUSDT
100,57.0,-0.1968,-18.457,-26.931,-3.183,54.0,37.0,9.0,6,1.0,55,1.0,1.5,12,ETHUSDT
99,57.58,-0.2154,-19.823,-27.874,-3.37,57.6,39.4,3.0,6,1.0,55,1.0,1.5,24,ETHUSDT
92,48.91,-0.3395,-27.437,-33.793,-5.008,41.3,16.3,42.4,6,1.0,55,1.0,2.5,6,ETHUSDT
84,60.71,-0.2753,-21.38,-31.577,-3.617,57.1,22.6,20.2,6,1.0,55,1.0,2.5,12,ETHUSDT
80,66.25,-0.2599,-19.588,-29.131,-3.193,65.0,27.5,7.5,6,1.0,55,1.0,2.5,24,ETHUSDT
86,52.33,-0.3619,-27.498,-33.848,-4.629,43.0,8.1,48.8,6,1.0,55,1.0,4.0,6,ETHUSDT
79,64.56,-0.351,-25.26,-34.954,-3.683,62.0,15.2,22.8,6,1.0,55,1.0,4.0,12,ETHUSDT
72,69.44,-0.4257,-27.535,-37.324,-4.05,68.1,19.4,12.5,6,1.0,55,1.0,4.0,24,ETHUSDT
97,42.27,-0.2948,-25.451,-32.544,-4.593,23.7,35.1,41.2,6,1.0,55,1.5,1.5,6,ETHUSDT
92,45.65,-0.219,-19.033,-29.175,-2.933,43.5,45.7,10.9,6,1.0,55,1.5,1.5,12,ETHUSDT
91,47.25,-0.2333,-19.938,-29.729,-3.034,46.2,48.4,5.5,6,1.0,55,1.5,1.5,24,ETHUSDT
88,44.32,-0.3887,-29.698,-38.27,-5.035,25.0,20.5,54.5,6,1.0,55,1.5,2.5,6,ETHUSDT
79,53.16,-0.2054,-15.946,-29.759,-2.336,49.4,24.1,26.6,6,1.0,55,1.5,2.5,12,ETHUSDT
73,60.27,-0.192,-14.172,-28.61,-1.992,56.2,32.9,11.0,6,1.0,55,1.5,2.5,24,ETHUSDT
82,47.56,-0.3833,-27.824,-36.624,-4.476,24.4,8.5,67.1,6,1.0,55,1.5,4.0,6,ETHUSDT
71,56.34,-0.3081,-20.834,-33.845,-2.94,50.7,15.5,33.8,6,1.0,55,1.5,4.0,12,ETHUSDT
65,64.62,-0.3109,-19.709,-33.544,-2.614,60.0,21.5,18.5,6,1.0,55,1.5,4.0,24,ETHUSDT
94,39.36,-0.3426,-28.123,-33.909,-5.168,11.7,36.2,52.1,6,1.0,55,2.0,1.5,6,ETHUSDT
88,40.91,-0.2219,-18.594,-30.533,-2.778,28.4,46.6,25.0,6,1.0,55,2.0,1.5,12,ETHUSDT
82,41.46,-0.2448,-19.119,-28.351,-2.827,36.6,53.7,9.8,6,1.0,55,2.0,1.5,24,ETHUSDT
85,41.18,-0.443,-32.109,-39.109,-5.586,11.8,21.2,67.1,6,1.0,55,2.0,2.5,6,ETHUSDT
75,45.33,-0.3068,-21.53,-33.952,-3.287,30.7,25.3,44.0,6,1.0,55,2.0,2.5,12,ETHUSDT
65,52.31,-0.269,-17.174,-31.056,-2.545,41.5,36.9,21.5,6,1.0,55,2.0,2.5,24,ETHUSDT
80,45.0,-0.4425,-30.649,-37.8,-5.099,10.0,8.8,81.2,6,1.0,55,2.0,4.0,6,ETHUSDT
67,47.76,-0.4857,-28.867,-40.128,-4.515,26.9,16.4,56.7,6,1.0,55,2.0,4.0,12,ETHUSDT
56,55.36,-0.4935,-25.493,-38.19,-3.835,41.1,25.0,33.9,6,1.0,55,2.0,4.0,24,ETHUSDT
91,39.56,-0.3473,-27.673,-34.973,-5.213,3.3,35.2,61.5,6,1.0,55,3.0,1.5,6,ETHUSDT
83,38.55,-0.1637,-13.733,-27.842,-1.854,13.3,47.0,39.8,6,1.0,55,3.0,1.5,12,ETHUSDT
75,38.67,-0.1354,-10.902,-24.584,-1.346,24.0,54.7,21.3,6,1.0,55,3.0,1.5,24,ETHUSDT
84,41.67,-0.4556,-32.536,-40.836,-5.666,3.6,21.4,75.0,6,1.0,55,3.0,2.5,6,ETHUSDT
72,41.67,-0.2808,-19.455,-34.209,-2.732,16.7,26.4,56.9,6,1.0,55,3.0,2.5,12,ETHUSDT
61,47.54,-0.203,-13.067,-31.083,-1.692,26.2,39.3,34.4,6,1.0,55,3.0,2.5,24,ETHUSDT
79,44.3,-0.4532,-30.97,-39.463,-5.056,3.8,10.1,86.1,6,1.0,55,3.0,4.0,6,ETHUSDT
65,43.08,-0.408,-24.57,-38.387,-3.512,18.5,15.4,66.2,6,1.0,55,3.0,4.0,12,ETHUSDT
53,50.94,-0.4354,-22.174,-37.931,-3.092,26.4,26.4,47.2,6,1.0,55,3.0,4.0,24,ETHUSDT
84,51.19,-0.1715,-13.855,-18.285,-3.025,46.4,28.6,25.0,6,1.0,60,1.0,1.5,6,ETHUSDT
82,59.76,-0.1134,-9.389,-16.102,-1.875,56.1,34.1,9.8,6,1.0,60,1.0,1.5,12,ETHUSDT
81,61.73,-0.106,-8.765,-14.542,-1.694,61.7,35.8,2.5,6,1.0,60,1.0,1.5,24,ETHUSDT
77,54.55,-0.2483,-17.989,-22.206,-3.564,48.1,18.2,33.8,6,1.0,60,1.0,2.5,6,ETHUSDT
71,61.97,-0.2615,-17.62,-24.021,-3.373,59.2,23.9,16.9,6,1.0,60,1.0,2.5,12,ETHUSDT
68,67.65,-0.2342,-15.459,-20.579,-2.853,67.6,27.9,4.4,6,1.0,60,1.0,2.5,24,ETHUSDT
71,60.56,-0.1867,-13.108,-17.576,-2.43,50.7,7.0,42.3,6,1.0,60,1.0,4.0,6,ETHUSDT
65,69.23,-0.1531,-10.33,-17.297,-1.731,67.7,10.8,21.5,6,1.0,60,1.0,4.0,12,ETHUSDT
59,76.27,-0.1297,-8.294,-16.65,-1.359,76.3,13.6,10.2,6,1.0,60,1.0,4.0,24,ETHUSDT
77,45.45,-0.1742,-13.081,-20.3,-2.678,28.6,32.5,39.0,6,1.0,60,1.5,1.5,6,ETHUSDT
73,49.32,-0.097,-7.515,-17.772,-1.313,46.6,41.1,12.3,6,1.0,60,1.5,1.5,12,ETHUSDT
72,51.39,-0.0971,-7.473,-15.886,-1.269,50.0,44.4,5.6,6,1.0,60,1.5,1.5,24,ETHUSDT
69,49.28,-0.2343,-15.58,-22.592,-3.054,29.0,18.8,52.2,6,1.0,60,1.5,2.5,6,ETHUSDT
64,56.25,-0.1106,-7.695,-18.597,-1.249,53.1,23.4,23.4,6,1.0,60,1.5,2.5,12,ETHUSDT
61,62.3,-0.1284,-8.51,-18.656,-1.323,59.0,32.8,8.2,6,1.0,60,1.5,2.5,24,ETHUSDT
64,51.56,-0.2305,-14.463,-21.568,-2.716,29.7,7.8,62.5,6,1.0,60,1.5,4.0,6,ETHUSDT
57,57.89,-0.2397,-13.793,-23.975,-2.286,52.6,14.0,33.3,6,1.0,60,1.5,4.0,12,ETHUSDT
50,64.0,-0.4009,-19.29,-29.159,-3.337,56.0,22.0,22.0,6,1.0,60,1.5,4.0,24,ETHUSDT
74,40.54,-0.2314,-16.276,-21.76,-3.41,14.9,33.8,51.4,6,1.0,60,2.0,1.5,6,ETHUSDT
70,47.14,-0.0536,-4.496,-15.728,-0.658,34.3,42.9,22.9,6,1.0,60,2.0,1.5,12,ETHUSDT
68,47.06,-0.014,-1.906,-16.155,-0.158,44.1,48.5,7.4,6,1.0,60,2.0,1.5,24,ETHUSDT
67,43.28,-0.3248,-20.191,-25.419,-4.146,13.4,19.4,67.2,6,1.0,60,2.0,2.5,6,ETHUSDT
61,52.46,-0.1223,-8.157,-19.615,-1.268,37.7,24.6,37.7,6,1.0,60,2.0,2.5,12,ETHUSDT
58,58.62,-0.0724,-5.318,-20.727,-0.664,50.0,36.2,13.8,6,1.0,60,2.0,2.5,24,ETHUSDT
63,46.03,-0.3018,-18.06,-23.428,-3.482,14.3,7.9,77.8,6,1.0,60,2.0,4.0,6,ETHUSDT
54,53.7,-0.2999,-15.943,-26.429,-2.801,33.3,13.0,53.7,6,1.0,60,2.0,4.0,12,ETHUSDT
47,61.7,-0.2432,-12.122,-24.383,-1.867,51.1,21.3,27.7,6,1.0,60,2.0,4.0,24,ETHUSDT
73,41.1,-0.2314,-16.09,-22.839,-3.366,4.1,32.9,63.0,6,1.0,60,3.0,1.5,6,ETHUSDT
66,42.42,-0.0722,-5.496,-16.318,-0.84,10.6,42.4,47.0,6,1.0,60,3.0,1.5,12,ETHUSDT
60,43.33,0.0358,1.002,-12.529,0.348,26.7,51.7,21.7,6,1.0,60,3.0,1.5,24,ETHUSDT
66,42.42,-0.3574,-21.643,-27.946,-4.508,4.5,19.7,75.8,6,1.0,60,3.0,2.5,6,ETHUSDT
58,46.55,-0.1706,-10.379,-21.285,-1.712,12.1,24.1,63.8,6,1.0,60,3.0,2.5,12,ETHUSDT
52,53.85,-0.0585,-4.389,-18.414,-0.475,28.8,38.5,32.7,6,1.0,60,3.0,2.5,24,ETHUSDT
62,45.16,-0.3127,-18.39,-24.954,-3.524,4.8,8.1,87.1,6,1.0,60,3.0,4.0,6,ETHUSDT
52,48.08,-0.3344,-16.923,-27.033,-3.095,11.5,11.5,76.9,6,1.0,60,3.0,4.0,12,ETHUSDT
44,56.82,-0.3023,-13.942,-26.956,-2.094,29.5,25.0,45.5,6,1.0,60,3.0,4.0,24,ETHUSDT
59,52.54,-0.2155,-12.271,-16.253,-3.722,45.8,30.5,23.7,6,1.0,65,1.0,1.5,6,ETHUSDT
55,52.73,-0.2395,-12.697,-17.599,-3.87,52.7,38.2,9.1,6,1.0,65,1.0,1.5,12,ETHUSDT
55,54.55,-0.253,-13.361,-18.015,-3.973,54.5,41.8,3.6,6,1.0,65,1.0,1.5,24,ETHUSDT
53,56.6,-0.301,-15.199,-19.048,-4.177,47.2,20.8,32.1,6,1.0,65,1.0,2.5,6,ETHUSDT
46,56.52,-0.3984,-17.224,-21.873,-4.994,56.5,26.1,17.4,6,1.0,65,1.0,2.5,12,ETHUSDT
46,67.39,-0.204,-9.482,-16.448,-2.495,67.4,28.3,4.3,6,1.0,65,1.0,2.5,24,ETHUSDT
48,60.42,-0.2597,-12.268,-16.25,-3.159,50.0,10.4,39.6,6,1.0,65,1.0,4.0,6,ETHUSDT
43,67.44,-0.2595,-11.236,-16.221,-2.689,67.4,16.3,16.3,6,1.0,65,1.0,4.0,12,ETHUSDT
42,78.57,-0.0525,-2.901,-11.106,-0.541,78.6,16.7,4.8,6,1.0,65,1.0,4.0,24,ETHUSDT
55,45.45,-0.2477,-13.126,-18.923,-3.797,25.5,34.5,40.0,6,1.0,65,1.5,1.5,6,ETHUSDT
50,44.0,-0.234,-11.493,-19.307,-3.177,42.0,44.0,14.0,6,1.0,65,1.5,1.5,12,ETHUSDT
50,46.0,-0.2313,-11.413,-19.506,-3.009,46.0,50.0,4.0,6,1.0,65,1.5,1.5,24,ETHUSDT
49,48.98,-0.3508,-16.249,-21.837,-4.66,22.4,20.4,57.1,6,1.0,65,1.5,2.5,6,ETHUSDT
43,51.16,-0.2436,-10.513,-18.413,-2.75,48.8,23.3,27.9,6,1.0,65,1.5,2.5,12,ETHUSDT
42,61.9,-0.0972,-4.695,-17.469,-1.004,57.1,33.3,9.5,6,1.0,65,1.5,2.5,24,ETHUSDT
45,51.11,-0.2631,-11.678,-17.571,-3.203,24.4,8.9,66.7,6,1.0,65,1.5,4.0,6,ETHUSDT
40,57.5,-0.2281,-9.52,-17.508,-2.11,55.0,17.5,27.5,6,1.0,65,1.5,4.0,12,ETHUSDT
38,68.42,-0.1796,-7.553,-18.494,-1.493,60.5,23.7,15.8,6,1.0,65,1.5,4.0,24,ETHUSDT
54,42.59,-0.2524,-13.173,-17.035,-3.618,16.7,35.2,48.1,6,1.0,65,2.0,1.5,6,ETHUSDT
49,42.86,-0.1394,-7.169,-15.682,-1.698,32.7,44.9,22.4,6,1.0,65,2.0,1.5,12,ETHUSDT
49,44.9,-0.0619,-3.668,-14.187,-0.699,42.9,51.0,6.1,6,1.0,65,2.0,1.5,24,ETHUSDT
48,45.83,-0.3751,-16.963,-20.657,-4.768,14.6,20.8,64.6,6,1.0,65,2.0,2.5,6,ETHUSDT
42,47.62,-0.2048,-8.902,-17.256,-2.13,35.7,23.8,40.5,6,1.0,65,2.0,2.5,12,ETHUSDT
40,55.0,-0.1251,-5.696,-19.422,-1.159,45.0,37.5,17.5,6,1.0,65,2.0,2.5,24,ETHUSDT
44,47.73,-0.2876,-12.431,-16.326,-3.354,15.9,9.1,75.0,6,1.0,65,2.0,4.0,6,ETHUSDT
38,52.63,-0.2523,-9.91,-18.172,-2.312,34.2,15.8,50.0,6,1.0,65,2.0,4.0,12,ETHUSDT
35,60.0,-0.2623,-9.818,-21.978,-1.978,48.6,25.7,25.7,6,1.0,65,2.0,4.0,24,ETHUSDT
54,40.74,-0.3585,-17.979,-22.028,-5.479,1.9,35.2,63.0,6,1.0,65,3.0,1.5,6,ETHUSDT
47,38.3,-0.188,-9.019,-14.994,-2.229,8.5,44.7,46.8,6,1.0,65,3.0,1.5,12,ETHUSDT
47,42.55,0.0705,2.409,-10.271,0.674,27.7,53.2,19.1,6,1.0,65,3.0,1.5,24,ETHUSDT
48,43.75,-0.4961,-21.613,-25.483,-6.732,2.1,20.8,77.1,6,1.0,65,3.0,2.5,6,ETHUSDT
40,42.5,-0.3118,-12.364,-17.278,-3.175,10.0,25.0,65.0,6,1.0,65,3.0,2.5,12,ETHUSDT
39,53.85,0.1126,3.362,-15.749,0.913,30.8,35.9,33.3,6,1.0,65,3.0,2.5,24,ETHUSDT
44,45.45,-0.3916,-16.327,-20.458,-4.732,2.3,9.1,88.6,6,1.0,65,3.0,4.0,6,ETHUSDT
36,47.22,-0.3176,-11.524,-16.562,-2.91,11.1,13.9,75.0,6,1.0,65,3.0,4.0,12,ETHUSDT
34,58.82,-0.0042,-1.5,-17.084,-0.028,35.3,26.5,38.2,6,1.0,65,3.0,4.0,24,ETHUSDT
39,56.41,-0.1837,-7.147,-10.93,-3.153,46.2,30.8,23.1,6,1.0,70,1.0,1.5,6,ETHUSDT
38,57.89,-0.1445,-5.597,-10.165,-2.354,57.9,34.2,7.9,6,1.0,70,1.0,1.5,12,ETHUSDT
38,60.53,-0.1568,-6.059,-10.604,-2.452,60.5,39.5,0.0,6,1.0,70,1.0,1.5,24,ETHUSDT
32,59.38,-0.1018,-3.433,-7.367,-1.617,50.0,12.5,37.5,6,1.0,70,1.0,2.5,6,ETHUSDT
29,68.97,-0.0693,-2.285,-7.873,-0.927,69.0,20.7,10.3,6,1.0,70,1.0,2.5,12,ETHUSDT
29,75.86,-0.0148,-0.757,-7.453,-0.189,75.9,24.1,0.0,6,1.0,70,1.0,2.5,24,ETHUSDT
30,60.0,-0.1189,-3.778,-8.202,-1.677,50.0,6.7,43.3,6,1.0,70,1.0,4.0,6,ETHUSDT
27,74.07,-0.0234,-1.0,-7.732,-0.271,74.1,11.1,14.8,6,1.0,70,1.0,4.0,12,ETHUSDT
27,88.89,0.2744,7.315,-7.404,3.337,88.9,11.1,0.0,6,1.0,70,1.0,4.0,24,ETHUSDT
37,48.65,-0.1979,-7.353,-12.869,-2.935,32.4,35.1,32.4,6,1.0,70,1.5,1.5,6,ETHUSDT
36,50.0,-0.1109,-4.27,-11.566,-1.484,47.2,41.7,11.1,6,1.0,70,1.5,1.5,12,ETHUSDT
36,52.78,-0.0867,-3.465,-11.673,-1.106,52.8,47.2,0.0,6,1.0,70,1.5,1.5,24,ETHUSDT
30,50.0,-0.1885,-5.764,-11.375,-2.672,30.0,13.3,56.7,6,1.0,70,1.5,2.5,6,ETHUSDT
29,62.07,0.0054,-0.274,-9.502,0.06,58.6,24.1,17.2,6,1.0,70,1.5,2.5,12,ETHUSDT
29,68.97,0.0834,1.936,-10.431,0.862,65.5,31.0,3.4,6,1.0,70,1.5,2.5,24,ETHUSDT
30,56.67,-0.0312,-1.266,-7.144,-0.401,36.7,6.7,56.7,6,1.0,70,1.5,4.0,6,ETHUSDT
26,69.23,0.0653,1.16,-7.493,0.615,65.4,15.4,19.2,6,1.0,70,1.5,4.0,12,ETHUSDT
26,80.77,0.4258,11.104,-7.493,4.115,76.9,15.4,7.7,6,1.0,70,1.5,4.0,24,ETHUSDT
37,45.95,-0.1574,-6.014,-10.692,-2.118,24.3,35.1,40.5,6,1.0,70,2.0,1.5,6,ETHUSDT
35,45.71,-0.0928,-3.636,-11.475,-1.103,37.1,45.7,17.1,6,1.0,70,2.0,1.5,12,ETHUSDT
35,48.57,-0.0472,-2.134,-11.581,-0.531,42.9,51.4,5.7,6,1.0,70,2.0,1.5,24,ETHUSDT
30,46.67,-0.1658,-5.166,-9.898,-2.156,23.3,13.3,63.3,6,1.0,70,2.0,2.5,6,ETHUSDT
28,57.14,-0.0035,-0.634,-12.534,-0.034,46.4,28.6,25.0,6,1.0,70,2.0,2.5,12,ETHUSDT
28,64.29,0.103,2.29,-13.432,0.939,53.6,35.7,10.7,6,1.0,70,2.0,2.5,24,ETHUSDT
29,51.72,-0.1271,-3.96,-8.74,-1.564,20.7,6.9,72.4,6,1.0,70,2.0,4.0,6,ETHUSDT
24,62.5,-0.1407,-3.823,-12.756,-1.303,37.5,12.5,50.0,6,1.0,70,2.0,4.0,12,ETHUSDT
24,79.17,0.6128,15.114,-8.745,5.324,66.7,16.7,16.7,6,1.0,70,2.0,4.0,24,ETHUSDT
37,45.95,-0.15,-5.803,-11.62,-1.891,10.8,35.1,54.1,6,1.0,70,3.0,1.5,6,ETHUSDT
35,40.0,-0.164,-6.068,-11.679,-1.823,14.3,48.6,37.1,6,1.0,70,3.0,1.5,12,ETHUSDT
35,45.71,0.0407,0.737,-8.605,0.39,28.6,54.3,17.1,6,1.0,70,3.0,1.5,24,ETHUSDT
30,46.67,-0.159,-5.018,-10.883,-1.923,13.3,13.3,73.3,6,1.0,70,3.0,2.5,6,ETHUSDT
28,50.0,-0.2158,-6.419,-14.525,-2.023,14.3,32.1,53.6,6,1.0,70,3.0,2.5,12,ETHUSDT
28,60.71,0.1884,4.542,-12.582,1.48,35.7,39.3,25.0,6,1.0,70,3.0,2.5,24,ETHUSDT
29,51.72,-0.0645,-2.266,-8.301,-0.726,13.8,6.9,79.3,6,1.0,70,3.0,4.0,6,ETHUSDT
24,54.17,-0.3143,-7.812,-13.223,-2.751,16.7,12.5,70.8,6,1.0,70,3.0,4.0,12,ETHUSDT
24,75.0,0.5585,13.37,-8.287,4.099,37.5,20.8,41.7,6,1.0,70,3.0,4.0,24,ETHUSDT
79,50.63,-0.2333,-17.254,-22.157,-4.021,44.3,32.9,22.8,6,1.5,55,1.0,1.5,6,ETHUSDT
79,56.96,-0.1955,-14.801,-22.12,-3.154,54.4,38.0,7.6,6,1.5,55,1.0,1.5,12,ETHUSDT
78,57.69,-0.2057,-15.329,-22.636,-3.229,57.7,39.7,2.6,6,1.5,55,1.0,1.5,24,ETHUSDT
70,52.86,-0.3575,-22.709,-27.34,-4.905,45.7,21.4,32.9,6,1.5,55,1.0,2.5,6,ETHUSDT
69,59.42,-0.3074,-19.761,-26.895,-3.946,58.0,24.6,17.4,6,1.5,55,1.0,2.5,12,ETHUSDT
67,67.16,-0.2465,-15.943,-24.48,-3.011,65.7,28.4,6.0,6,1.5,55,1.0,2.5,24,ETHUSDT
63,55.56,-0.3701,-21.458,-26.32,-4.493,46.0,9.5,44.4,6,1.5,55,1.0,4.0,6,ETHUSDT
61,63.93,-0.3801,-21.585,-28.383,-3.896,62.3,16.4,21.3,6,1.5,55,1.0,4.0,12,ETHUSDT
58,70.69,-0.3903,-21.246,-28.657,-3.707,69.0,19.0,12.1,6,1.5,55,1.0,4.0,24,ETHUSDT
74,41.89,-0.3128,-21.172,-28.012,-4.679,25.7,40.5,33.8,6,1.5,55,1.5,1.5,6,ETHUSDT
73,45.21,-0.2581,-17.823,-29.988,-3.41,43.8,49.3,6.8,6,1.5,55,1.5,1.5,12,ETHUSDT
72,45.83,-0.2711,-18.404,-30.181,-3.501,45.8,51.4,2.8,6,1.5,55,1.5,1.5,24,ETHUSDT
63,42.86,-0.4392,-24.767,-31.547,-5.566,23.8,23.8,52.4,6,1.5,55,1.5,2.5,6,ETHUSDT
63,52.38,-0.2408,-14.908,-27.125,-2.652,50.8,27.0,22.2,6,1.5,55,1.5,2.5,12,ETHUSDT
61,60.66,-0.1839,-11.576,-26.516,-1.884,57.4,34.4,8.2,6,1.5,55,1.5,2.5,24,ETHUSDT
57,45.61,-0.4365,-22.692,-29.43,-5.012,22.8,8.8,68.4,6,1.5,55,1.5,4.0,6,ETHUSDT
55,56.36,-0.364,-19.187,-30.789,-3.299,52.7,18.2,29.1,6,1.5,55,1.5,4.0,12,ETHUSDT
52,65.38,-0.3099,-16.146,-28.255,-2.515,63.5,23.1,13.5,6,1.5,55,1.5,4.0,24,ETHUSDT
72,40.28,-0.2781,-18.729,-26.595,-3.858,18.1,41.7,40.3,6,1.5,55,2.0,1.5,6,ETHUSDT
70,41.43,-0.2811,-18.586,-27.394,-3.433,28.6,52.9,18.6,6,1.5,55,2.0,1.5,12,ETHUSDT
68,41.18,-0.2265,-15.12,-26.43,-2.56,39.7,55.9,4.4,6,1.5,55,2.0,1.5,24,ETHUSDT
62,40.32,-0.417,-23.437,-31.101,-4.988,17.7,24.2,58.1,6,1.5,55,2.0,2.5,6,ETHUSDT
60,45.0,-0.3601,-20.268,-29.363,-3.77,30.0,28.3,41.7,6,1.5,55,2.0,2.5,12,ETHUSDT
55,52.73,-0.239,-13.361,-29.683,-2.212,45.5,38.2,16.4,6,1.5,55,2.0,2.5,24,ETHUSDT
57,43.86,-0.4112,-21.611,-29.229,-4.552,15.8,8.8,75.4,6,1.5,55,2.0,4.0,6,ETHUSDT
52,50.0,-0.5434,-25.605,-34.223,-4.796,26.9,19.2,53.8,6,1.5,55,2.0,4.0,12,ETHUSDT
46,56.52,-0.4143,-18.653,-32.151,-3.078,47.8,26.1,26.1,6,1.5,55,2.0,4.0,24,ETHUSDT
69,39.13,-0.3253,-20.629,-27.276,-4.632,1.4,40.6,58.0,6,1.5,55,3.0,1.5,6,ETHUSDT
66,37.88,-0.336,-20.592,-29.021,-4.014,9.1,53.0,37.9,6,1.5,55,3.0,1.5,12,ETHUSDT
60,38.33,-0.1798,-11.186,-24.278,-1.818,21.7,56.7,21.7,6,1.5,55,3.0,1.5,24,ETHUSDT
60,38.33,-0.5077,-26.867,-33.237,-6.175,1.7,25.0,73.3,6,1.5,55,3.0,2.5,6,ETHUSDT
57,40.35,-0.4719,-24.39,-32.416,-4.831,10.5,29.8,59.6,6,1.5,55,3.0,2.5,12,ETHUSDT
51,45.1,-0.3231,-16.376,-30.401,-2.655,25.5,43.1,31.4,6,1.5,55,3.0,2.5,24,ETHUSDT
56,41.07,-0.4868,-24.566,-30.913,-5.343,1.8,10.7,87.5,6,1.5,55,3.0,4.0,6,ETHUSDT
50,44.0,-0.61,-27.242,-35.095,-5.344,12.0,18.0,70.0,6,1.5,55,3.0,4.0,12,ETHUSDT
43,51.16,-0.4468,-18.92,-30.916,-3.04,27.9,27.9,44.2,6,1.5,55,3.0,4.0,24,ETHUSDT
69,53.62,-0.1487,-10.141,-13.626,-2.574,49.3,30.4,20.3,6,1.5,60,1.0,1.5,6,ETHUSDT
69,59.42,-0.1267,-8.808,-14.548,-2.083,56.5,34.8,8.7,6,1.5,60,1.0,1.5,12,ETHUSDT
68,60.29,-0.1374,-9.372,-14.437,-2.186,60.3,36.8,2.9,6,1.5,60,1.0,1.5,24,ETHUSDT
62,56.45,-0.2934,-17.183,-20.395,-3.935,51.6,22.6,25.8,6,1.5,60,1.0,2.5,6,ETHUSDT
60,61.67,-0.2927,-16.704,-21.947,-3.709,60.0,25.0,15.0,6,1.5,60,1.0,2.5,12,ETHUSDT
58,68.97,-0.1948,-11.33,-17.657,-2.387,69.0,27.6,3.4,6,1.5,60,1.0,2.5,24,ETHUSDT
55,61.82,-0.2227,-12.149,-15.556,-2.715,54.5,9.1,36.4,6,1.5,60,1.0,4.0,6,ETHUSDT
52,69.23,-0.1966,-10.456,-16.092,-2.15,67.3,13.5,19.2,6,1.5,60,1.0,4.0,12,ETHUSDT
49,75.51,-0.1528,-8.011,-15.278,-1.581,75.5,14.3,10.2,6,1.5,60,1.0,4.0,24,ETHUSDT
63,46.03,-0.2088,-12.779,-17.804,-3.151,27.0,36.5,36.5,6,1.5,60,1.5,1.5,6,ETHUSDT
62,48.39,-0.1527,-9.625,-18.6,-2.027,46.8,45.2,8.1,6,1.5,60,1.5,1.5,12,ETHUSDT
61,49.18,-0.1664,-10.264,-18.566,-2.149,49.2,47.5,3.3,6,1.5,60,1.5,1.5,24,ETHUSDT
54,48.15,-0.3698,-18.661,-23.347,-4.592,25.9,24.1,50.0,6,1.5,60,1.5,2.5,6,ETHUSDT
53,52.83,-0.256,-13.439,-22.035,-2.75,52.8,28.3,18.9,6,1.5,60,1.5,2.5,12,ETHUSDT
52,61.54,-0.1539,-8.55,-18.812,-1.564,59.6,34.6,5.8,6,1.5,60,1.5,2.5,24,ETHUSDT
48,50.0,-0.3517,-16.163,-20.993,-3.916,27.1,10.4,62.5,6,1.5,60,1.5,4.0,6,ETHUSDT
45,55.56,-0.3472,-15.343,-23.75,-3.171,53.3,17.8,28.9,6,1.5,60,1.5,4.0,12,ETHUSDT
41,63.41,-0.4421,-17.591,-27.023,-3.559,58.5,24.4,17.1,6,1.5,60,1.5,4.0,24,ETHUSDT
61,42.62,-0.1889,-11.402,-18.134,-2.632,19.7,37.7,42.6,6,1.5,60,2.0,1.5,6,ETHUSDT
60,45.0,-0.1331,-8.371,-18.862,-1.609,33.3,46.7,20.0,6,1.5,60,2.0,1.5,12,ETHUSDT
59,45.76,-0.0657,-4.624,-15.711,-0.735,44.1,50.8,5.1,6,1.5,60,2.0,1.5,24,ETHUSDT
53,43.4,-0.3801,-18.848,-25.014,-4.484,18.9,24.5,56.6,6,1.5,60,2.0,2.5,6,ETHUSDT
51,49.02,-0.2628,-13.39,-23.306,-2.606,37.3,29.4,33.3,6,1.5,60,2.0,2.5,12,ETHUSDT
49,55.1,-0.191,-9.916,-22.799,-1.746,46.9,38.8,14.3,6,1.5,60,2.0,2.5,24,ETHUSDT
48,45.83,-0.3276,-15.243,-21.683,-3.48,20.8,10.4,68.8,6,1.5,60,2.0,4.0,6,ETHUSDT
44,52.27,-0.376,-16.19,-25.786,-3.257,36.4,18.2,45.5,6,1.5,60,2.0,4.0,12,ETHUSDT
39,58.97,-0.326,-13.074,-25.327,-2.454,51.3,23.1,25.6,6,1.5,60,2.0,4.0,24,ETHUSDT
60,40.0,-0.3006,-16.95,-21.388,-4.41,0.0,38.3,61.7,6,1.5,60,3.0,1.5,6,ETHUSDT
57,40.35,-0.2187,-12.37,-20.905,-2.618,8.8,47.4,43.9,6,1.5,60,3.0,1.5,12,ETHUSDT
52,40.38,-0.1297,-7.412,-18.329,-1.292,23.1,55.8,21.2,6,1.5,60,3.0,1.5,24,ETHUSDT
52,40.38,-0.4996,-23.407,-27.5,-6.194,0.0,25.0,75.0,6,1.5,60,3.0,2.5,6,ETHUSDT
49,42.86,-0.3721,-17.44,-25.481,-3.721,10.2,28.6,61.2,6,1.5,60,3.0,2.5,12,ETHUSDT
44,52.27,-0.0955,-5.27,-18.429,-0.778,27.3,38.6,34.1,6,1.5,60,3.0,2.5,24,ETHUSDT
47,42.55,-0.437,-19.195,-23.513,-4.774,0.0,10.6,89.4,6,1.5,60,3.0,4.0,6,ETHUSDT
42,45.24,-0.527,-20.673,-28.399,-4.734,9.5,16.7,73.8,6,1.5,60,3.0,4.0,12,ETHUSDT
35,54.29,-0.456,-15.937,-27.283,-3.141,25.7,28.6,45.7,6,1.5,60,3.0,4.0,24,ETHUSDT
49,55.1,-0.1969,-9.486,-13.174,-3.365,46.9,32.7,20.4,6,1.5,65,1.0,1.5,6,ETHUSDT
48,54.17,-0.2218,-10.416,-14.75,-3.58,54.2,37.5,8.3,6,1.5,65,1.0,1.5,12,ETHUSDT
48,56.25,-0.2319,-10.868,-15.879,-3.622,56.2,41.7,2.1,6,1.5,65,1.0,1.5,24,ETHUSDT
44,61.36,-0.3143,-13.352,-16.947,-4.083,52.3,25.0,22.7,6,1.5,65,1.0,2.5,6,ETHUSDT
42,59.52,-0.3581,-14.415,-18.627,-4.459,59.5,26.2,14.3,6,1.5,65,1.0,2.5,12,ETHUSDT
42,71.43,-0.1098,-4.984,-14.156,-1.369,71.4,26.2,2.4,6,1.5,65,1.0,2.5,24,ETHUSDT
39,69.23,-0.2258,-8.964,-12.74,-2.536,56.4,12.8,30.8,6,1.5,65,1.0,4.0,6,ETHUSDT
36,69.44,-0.265,-9.685,-14.129,-2.733,66.7,16.7,16.7,6,1.5,65,1.0,4.0,12,ETHUSDT
36,77.78,-0.0884,-3.752,-11.387,-0.907,77.8,16.7,5.6,6,1.5,65,1.0,4.0,24,ETHUSDT
46,45.65,-0.2916,-12.891,-17.496,-4.416,23.9,39.1,37.0,6,1.5,65,1.5,1.5,6,ETHUSDT
45,44.44,-0.2551,-11.265,-18.027,-3.427,42.2,46.7,11.1,6,1.5,65,1.5,1.5,12,ETHUSDT
45,46.67,-0.236,-10.532,-19.214,-3.043,46.7,51.1,2.2,6,1.5,65,1.5,1.5,24,ETHUSDT
40,50.0,-0.4507,-16.912,-21.339,-5.727,20.0,25.0,55.0,6,1.5,65,1.5,2.5,6,ETHUSDT
39,51.28,-0.3373,-12.881,-19.715,-3.653,48.7,28.2,23.1,6,1.5,65,1.5,2.5,12,ETHUSDT
38,63.16,-0.1002,-4.382,-17.469,-1.023,57.9,34.2,7.9,6,1.5,65,1.5,2.5,24,ETHUSDT
36,55.56,-0.3094,-11.014,-15.756,-3.538,22.2,11.1,66.7,6,1.5,65,1.5,4.0,6,ETHUSDT
33,57.58,-0.3171,-10.603,-17.616,-2.916,51.5,18.2,30.3,6,1.5,65,1.5,4.0,12,ETHUSDT
32,68.75,-0.2108,-7.372,-18.252,-1.71,62.5,25.0,12.5,6,1.5,65,1.5,4.0,24,ETHUSDT
46,45.65,-0.1869,-8.663,-14.759,-2.541,21.7,39.1,39.1,6,1.5,65,2.0,1.5,6,ETHUSDT
45,42.22,-0.1688,-7.843,-16.396,-2.034,33.3,46.7,20.0,6,1.5,65,2.0,1.5,12,ETHUSDT
45,44.44,-0.1152,-5.669,-17.244,-1.294,42.2,53.3,4.4,6,1.5,65,2.0,1.5,24,ETHUSDT
40,50.0,-0.3507,-13.575,-19.379,-4.111,20.0,25.0,55.0,6,1.5,65,2.0,2.5,6,ETHUSDT
39,48.72,-0.2377,-9.522,-18.046,-2.363,38.5,28.2,33.3,6,1.5,65,2.0,2.5,12,ETHUSDT
37,56.76,-0.1169,-4.999,-19.422,-1.076,45.9,37.8,16.2,6,1.5,65,2.0,2.5,24,ETHUSDT
36,55.56,-0.1983,-7.44,-13.657,-2.118,22.2,11.1,66.7,6,1.5,65,2.0,4.0,6,ETHUSDT
33,54.55,-0.2832,-9.66,-18.171,-2.48,36.4,18.2,45.5,6,1.5,65,2.0,4.0,12,ETHUSDT
31,61.29,-0.2377,-8.071,-21.175,-1.771,51.6,25.8,22.6,6,1.5,65,2.0,4.0,24,ETHUSDT
46,41.3,-0.3829,-16.472,-19.872,-5.93,0.0,39.1,60.9,6,1.5,65,3.0,1.5,6,ETHUSDT
43,37.21,-0.2839,-11.979,-16.78,-3.438,7.0,48.8,44.2,6,1.5,65,3.0,1.5,12,ETHUSDT
43,41.86,-0.0622,-3.42,-13.149,-0.614,23.3,55.8,20.9,6,1.5,65,3.0,1.5,24,ETHUSDT
40,45.0,-0.5778,-21.019,-24.267,-7.718,0.0,25.0,75.0,6,1.5,65,3.0,2.5,6,ETHUSDT
37,43.24,-0.406,-14.554,-18.15,-4.065,8.1,29.7,62.2,6,1.5,65,3.0,2.5,12,ETHUSDT
36,55.56,0.062,1.267,-15.749,0.51,27.8,36.1,36.1,6,1.5,65,3.0,2.5,24,ETHUSDT
36,50.0,-0.4166,-14.382,-17.904,-4.832,0.0,11.1,88.9,6,1.5,65,3.0,4.0,6,ETHUSDT
31,48.39,-0.4289,-13.092,-16.826,-3.868,9.7,16.1,74.2,6,1.5,65,3.0,4.0,12,ETHUSDT
30,60.0,-0.0389,-2.342,-15.772,-0.264,33.3,26.7,40.0,6,1.5,65,3.0,4.0,24,ETHUSDT
33,54.55,-0.2126,-6.975,-9.277,-3.634,45.5,33.3,21.2,6,1.5,70,1.0,1.5,6,ETHUSDT
33,57.58,-0.1407,-4.755,-8.363,-2.307,57.6,33.3,9.1,6,1.5,70,1.0,1.5,12,ETHUSDT
33,60.61,-0.1548,-5.221,-9.806,-2.422,60.6,39.4,0.0,6,1.5,70,1.0,1.5,24,ETHUSDT
27,62.96,-0.0727,-2.151,-5.269,-1.114,51.9,14.8,33.3,6,1.5,70,1.0,2.5,6,ETHUSDT
27,70.37,-0.0063,-0.43,-5.269,-0.088,70.4,18.5,11.1,6,1.5,70,1.0,2.5,12,ETHUSDT
27,77.78,0.0522,1.127,-5.269,0.686,77.8,22.2,0.0,6,1.5,70,1.0,2.5,24,ETHUSDT
25,64.0,-0.0909,-2.501,-5.554,-1.219,52.0,8.0,40.0,6,1.5,70,1.0,4.0,6,ETHUSDT
24,75.0,0.0499,0.928,-4.367,0.637,70.8,8.3,20.8,6,1.5,70,1.0,4.0,12,ETHUSDT
24,87.5,0.3261,7.862,-4.17,4.393,87.5,8.3,4.2,6,1.5,70,1.0,4.0,24,ETHUSDT
32,43.75,-0.3016,-9.46,-12.571,-4.441,31.2,40.6,28.1,6,1.5,70,1.5,1.5,6,ETHUSDT
32,46.88,-0.1973,-6.428,-11.437,-2.655,43.8,43.8,12.5,6,1.5,70,1.5,1.5,12,ETHUSDT
32,50.0,-0.17,-5.641,-12.832,-2.165,50.0,50.0,0.0,6,1.5,70,1.5,1.5,24,ETHUSDT
25,48.0,-0.2705,-6.771,-9.974,-3.76,28.0,16.0,56.0,6,1.5,70,1.5,2.5,6,ETHUSDT
26,57.69,-0.1474,-4.149,-9.502,-1.607,53.8,26.9,19.2,6,1.5,70,1.5,2.5,12,ETHUSDT
26,65.38,-0.0605,-2.026,-10.431,-0.609,61.5,34.6,3.8,6,1.5,70,1.5,2.5,24,ETHUSDT
24,54.17,-0.1345,-3.463,-6.779,-1.652,33.3,8.3,58.3,6,1.5,70,1.5,4.0,6,ETHUSDT
24,66.67,-0.0401,-1.478,-7.493,-0.369,62.5,16.7,20.8,6,1.5,70,1.5,4.0,12,ETHUSDT
24,79.17,0.3504,8.207,-7.493,3.282,75.0,16.7,8.3,6,1.5,70,1.5,4.0,24,ETHUSDT
32,43.75,-0.192,-6.279,-10.386,-2.533,25.0,40.6,34.4,6,1.5,70,2.0,1.5,6,ETHUSDT
31,41.94,-0.1871,-6.016,-11.781,-2.225,35.5,48.4,16.1,6,1.5,70,2.0,1.5,12,ETHUSDT
31,45.16,-0.1398,-4.675,-13.17,-1.564,41.9,54.8,3.2,6,1.5,70,2.0,1.5,24,ETHUSDT
25,48.0,-0.1628,-4.267,-8.475,-2.056,24.0,16.0,60.0,6,1.5,70,2.0,2.5,6,ETHUSDT
25,52.0,-0.1727,-4.706,-12.534,-1.655,44.0,32.0,24.0,6,1.5,70,2.0,2.5,12,ETHUSDT
25,60.0,-0.0586,-2.03,-13.432,-0.519,52.0,40.0,8.0,6,1.5,70,2.0,2.5,24,ETHUSDT
24,54.17,-0.1158,-3.05,-7.298,-1.374,20.8,8.3,70.8,6,1.5,70,2.0,4.0,6,ETHUSDT
22,59.09,-0.2621,-6.077,-12.756,-2.379,36.4,13.6,50.0,6,1.5,70,2.0,4.0,12,ETHUSDT
22,77.27,0.554,12.271,-8.745,4.639,68.2,18.2,13.6,6,1.5,70,2.0,4.0,24,ETHUSDT
32,40.62,-0.3179,-9.97,-11.317,-4.332,6.2,40.6,53.1,6,1.5,70,3.0,1.5,6,ETHUSDT
31,35.48,-0.3643,-11.045,-11.679,-4.388,9.7,51.6,38.7,6,1.5,70,3.0,1.5,12,ETHUSDT
31,41.94,-0.1644,-5.5,-10.947,-1.654,22.6,58.1,19.4,6,1.5,70,3.0,1.5,24,ETHUSDT
25,44.0,-0.3267,-8.1,-9.475,-4.297,8.0,16.0,76.0,6,1.5,70,3.0,2.5,6,ETHUSDT
25,44.0,-0.4801,-11.772,-14.525,-4.632,12.0,36.0,52.0,6,1.5,70,3.0,2.5,12,ETHUSDT
25,56.0,-0.1167,-3.568,-12.582,-0.933,28.0,44.0,28.0,6,1.5,70,3.0,2.5,24,ETHUSDT
24,50.0,-0.2195,-5.437,-6.852,-2.603,8.3,8.3,83.3,6,1.5,70,3.0,4.0,6,ETHUSDT
22,50.0,-0.5205,-11.301,-13.223,-4.638,13.6,13.6,72.7,6,1.5,70,3.0,4.0,12,ETHUSDT
22,72.73,0.3656,7.534,-8.287,2.661,31.8,22.7,45.5,6,1.5,70,3.0,4.0,24,ETHUSDT
38,42.11,-0.4091,-14.627,-16.026,-7.06,39.5,36.8,23.7,6,2.5,55,1.0,1.5,6,ETHUSDT
38,42.11,-0.4914,-17.292,-19.1,-7.945,42.1,47.4,10.5,6,2.5,55,1.0,1.5,12,ETHUSDT
38,47.37,-0.4455,-15.853,-18.589,-6.898,47.4,50.0,2.6,6,2.5,55,1.0,1.5,24,ETHUSDT
34,44.12,-0.4623,-14.852,-16.355,-6.455,41.2,23.5,35.3,6,2.5,55,1.0,2.5,6,ETHUSDT
34,52.94,-0.3599,-11.852,-13.778,-4.774,52.9,23.5,23.5,6,2.5,55,1.0,2.5,12,ETHUSDT
34,67.65,-0.2454,-8.408,-12.13,-2.975,64.7,29.4,5.9,6,2.5,55,1.0,2.5,24,ETHUSDT
33,48.48,-0.4496,-14.188,-15.702,-5.376,42.4,12.1,45.5,6,2.5,55,1.0,4.0,6,ETHUSDT
33,57.58,-0.4736,-15.009,-16.866,-4.818,57.6,18.2,24.2,6,2.5,55,1.0,4.0,12,ETHUSDT
33,75.76,-0.2356,-8.087,-13.132,-2.296,72.7,18.2,9.1,6,2.5,55,1.0,4.0,24,ETHUSDT
36,33.33,-0.5156,-17.192,-18.7,-8.297,19.4,41.7,38.9,6,2.5,55,1.5,1.5,6,ETHUSDT
36,30.56,-0.6437,-20.993,-23.22,-9.328,27.8,58.3,13.9,6,2.5,55,1.5,1.5,12,ETHUSDT
36,36.11,-0.5442,-18.139,-22.353,-7.266,36.1,61.1,2.8,6,2.5,55,1.5,1.5,24,ETHUSDT
31,35.48,-0.5159,-15.072,-16.619,-7.113,19.4,22.6,58.1,6,2.5,55,1.5,2.5,6,ETHUSDT
32,40.62,-0.5163,-15.64,-18.178,-5.966,37.5,28.1,34.4,6,2.5,55,1.5,2.5,12,ETHUSDT
31,54.84,-0.4301,-13.018,-17.495,-4.261,51.6,41.9,6.5,6,2.5,55,1.5,2.5,24,ETHUSDT
29,41.38,-0.45,-12.578,-14.17,-5.498,20.7,10.3,69.0,6,2.5,55,1.5,4.0,6,ETHUSDT
29,48.28,-0.5473,-15.271,-17.82,-4.971,44.8,20.7,34.5,6,2.5,55,1.5,4.0,12,ETHUSDT
28,64.29,-0.3496,-10.08,-17.908,-2.79,64.3,25.0,10.7,6,2.5,55,1.5,4.0,24,ETHUSDT
36,33.33,-0.4652,-15.703,-17.644,-6.95,13.9,41.7,44.4,6,2.5,55,2.0,1.5,6,ETHUSDT
36,30.56,-0.5048,-17.007,-20.137,-6.309,27.8,58.3,13.9,6,2.5,55,2.0,1.5,12,ETHUSDT
36,36.11,-0.3636,-12.73,-18.932,-4.165,36.1,61.1,2.8,6,2.5,55,2.0,1.5,24,ETHUSDT
31,35.48,-0.4515,-13.388,-15.382,-5.812,16.1,22.6,61.3,6,2.5,55,2.0,2.5,6,ETHUSDT
32,37.5,-0.4336,-13.454,-17.289,-4.511,34.4,28.1,37.5,6,2.5,55,2.0,2.5,12,ETHUSDT
31,51.61,-0.3247,-10.206,-17.138,-2.97,41.9,41.9,16.1,6,2.5,55,2.0,2.5,24,ETHUSDT
28,42.86,-0.416,-11.325,-13.367,-5.103,10.7,10.7,78.6,6,2.5,55,2.0,4.0,6,ETHUSDT
28,42.86,-0.5518,-14.888,-18.659,-5.022,32.1,17.9,50.0,6,2.5,55,2.0,4.0,12,ETHUSDT
27,59.26,-0.2723,-7.94,-18.8,-2.019,51.9,25.9,22.2,6,2.5,55,2.0,4.0,24,ETHUSDT
35,34.29,-0.4755,-15.595,-16.971,-7.299,2.9,40.0,57.1,6,2.5,55,3.0,1.5,6,ETHUSDT
35,25.71,-0.5631,-18.297,-18.467,-6.747,8.6,60.0,31.4,6,2.5,55,3.0,1.5,12,ETHUSDT
35,28.57,-0.4164,-14.099,-17.624,-4.312,17.1,65.7,17.1,6,2.5,55,3.0,1.5,24,ETHUSDT
30,36.67,-0.4866,-13.896,-15.3,-6.325,3.3,23.3,73.3,6,2.5,55,3.0,2.5,6,ETHUSDT
31,32.26,-0.6224,-18.058,-18.438,-6.271,9.7,32.3,58.1,6,2.5,55,3.0,2.5,12,ETHUSDT
29,37.93,-0.6255,-17.247,-20.356,-5.329,17.2,48.3,34.5,6,2.5,55,3.0,2.5,24,ETHUSDT
28,42.86,-0.4439,-12.013,-13.448,-5.48,3.6,10.7,85.7,6,2.5,55,3.0,4.0,6,ETHUSDT
28,35.71,-0.7276,-19.019,-19.47,-6.513,10.7,17.9,71.4,6,2.5,55,3.0,4.0,12,ETHUSDT
25,44.0,-0.7392,-17.739,-22.95,-5.088,20.0,32.0,48.0,6,2.5,55,3.0,4.0,24,ETHUSDT
37,45.95,-0.3075,-10.969,-12.429,-5.354,43.2,32.4,24.3,6,2.5,60,1.0,1.5,6,ETHUSDT
37,45.95,-0.392,-13.749,-15.634,-6.338,45.9,43.2,10.8,6,2.5,60,1.0,1.5,12,ETHUSDT
37,51.35,-0.3449,-12.248,-15.102,-5.35,51.4,45.9,2.7,6,2.5,60,1.0,1.5,24,ETHUSDT
33,48.48,-0.3411,-10.933,-12.505,-4.844,45.5,21.2,33.3,6,2.5,60,1.0,2.5,6,ETHUSDT
33,57.58,-0.2589,-8.508,-10.507,-3.492,57.6,21.2,21.2,6,2.5,60,1.0,2.5,12,ETHUSDT
33,69.7,-0.154,-5.338,-8.97,-1.898,69.7,27.3,3.0,6,2.5,60,1.0,2.5,24,ETHUSDT
33,54.55,-0.3233,-10.529,-12.31,-3.838,48.5,12.1,39.4,6,2.5,60,1.0,4.0,6,ETHUSDT
33,63.64,-0.2911,-9.66,-13.58,-3.119,63.6,15.2,21.2,6,2.5,60,1.0,4.0,12,ETHUSDT
33,78.79,-0.0661,-2.719,-10.083,-0.684,78.8,15.2,6.1,6,2.5,60,1.0,4.0,24,ETHUSDT
34,35.29,-0.4477,-14.355,-15.915,-7.204,20.6,38.2,41.2,6,2.5,60,1.5,1.5,6,ETHUSDT
34,32.35,-0.5833,-18.286,-20.59,-8.365,29.4,55.9,14.7,6,2.5,60,1.5,1.5,12,ETHUSDT
34,38.24,-0.478,-15.335,-19.693,-6.318,38.2,58.8,2.9,6,2.5,60,1.5,1.5,24,ETHUSDT
29,37.93,-0.4263,-11.894,-13.499,-5.943,20.7,20.7,58.6,6,2.5,60,1.5,2.5,6,ETHUSDT
30,43.33,-0.4554,-13.16,-15.773,-5.242,40.0,26.7,33.3,6,2.5,60,1.5,2.5,12,ETHUSDT
29,55.17,-0.3759,-10.842,-15.432,-3.691,55.2,41.4,3.4,6,2.5,60,1.5,2.5,24,ETHUSDT
29,41.38,-0.4977,-13.852,-15.421,-5.509,24.1,13.8,62.1,6,2.5,60,1.5,4.0,6,ETHUSDT
29,48.28,-0.5473,-15.271,-17.82,-4.971,44.8,20.7,34.5,6,2.5,60,1.5,4.0,12,ETHUSDT
28,64.29,-0.3496,-10.08,-17.908,-2.79,64.3,25.0,10.7,6,2.5,60,1.5,4.0,24,ETHUSDT
34,35.29,-0.3943,-12.815,-14.823,-5.881,14.7,38.2,47.1,6,2.5,60,2.0,1.5,6,ETHUSDT
34,32.35,-0.4363,-14.164,-17.401,-5.392,29.4,55.9,14.7,6,2.5,60,2.0,1.5,12,ETHUSDT
34,38.24,-0.2868,-9.74,-16.155,-3.252,38.2,58.8,2.9,6,2.5,60,2.0,1.5,24,ETHUSDT
29,37.93,-0.3574,-10.147,-12.216,-4.638,17.2,20.7,62.1,6,2.5,60,2.0,2.5,6,ETHUSDT
30,40.0,-0.3672,-10.91,-14.857,-3.791,36.7,26.7,36.7,6,2.5,60,2.0,2.5,12,ETHUSDT
29,51.72,-0.2632,-7.96,-15.065,-2.381,44.8,41.4,13.8,6,2.5,60,2.0,2.5,24,ETHUSDT
28,42.86,-0.4475,-12.186,-14.208,-4.893,14.3,14.3,71.4,6,2.5,60,2.0,4.0,6,ETHUSDT
28,42.86,-0.5518,-14.888,-18.659,-5.022,32.1,17.9,50.0,6,2.5,60,2.0,4.0,12,ETHUSDT
27,59.26,-0.2723,-7.94,-18.8,-2.019,51.9,25.9,22.2,6,2.5,60,2.0,4.0,24,ETHUSDT
34,35.29,-0.4404,-14.161,-15.561,-6.755,2.9,38.2,58.8,6,2.5,60,3.0,1.5,6,ETHUSDT
34,26.47,-0.5305,-16.909,-17.083,-6.31,8.8,58.8,32.4,6,2.5,60,3.0,1.5,12,ETHUSDT
34,29.41,-0.3795,-12.64,-16.225,-3.9,17.6,64.7,17.6,6,2.5,60,3.0,1.5,24,ETHUSDT
29,37.93,-0.4113,-11.534,-12.977,-5.469,3.4,20.7,75.9,6,2.5,60,3.0,2.5,6,ETHUSDT
30,33.33,-0.5541,-15.81,-16.201,-5.602,10.0,30.0,60.0,6,2.5,60,3.0,2.5,12,ETHUSDT
28,39.29,-0.5525,-14.977,-18.171,-4.695,17.9,46.4,35.7,6,2.5,60,3.0,2.5,24,ETHUSDT
28,42.86,-0.4716,-12.777,-14.2,-5.169,3.6,14.3,82.1,6,2.5,60,3.0,4.0,6,ETHUSDT
28,35.71,-0.782,-20.218,-20.662,-7.248,7.1,17.9,75.0,6,2.5,60,3.0,4.0,12,ETHUSDT
25,44.0,-0.7392,-17.739,-22.95,-5.088,20.0,32.0,48.0,6,2.5,60,3.0,4.0,24,ETHUSDT
30,43.33,-0.3843,-11.072,-12.53,-6.649,40.0,36.7,23.3,6,2.5,65,1.0,1.5,6,ETHUSDT
30,43.33,-0.4458,-12.726,-14.633,-7.275,43.3,43.3,13.3,6,2.5,65,1.0,1.5,12,ETHUSDT
30,46.67,-0.4524,-12.916,-15.749,-7.028,46.7,50.0,3.3,6,2.5,65,1.0,1.5,24,ETHUSDT
26,53.85,-0.2533,-6.6,-8.249,-3.638,50.0,19.2,30.8,6,2.5,65,1.0,2.5,6,ETHUSDT
26,57.69,-0.2357,-6.189,-8.239,-3.249,57.7,19.2,23.1,6,2.5,65,1.0,2.5,12,ETHUSDT
26,73.08,-0.015,-0.671,-8.007,-0.196,73.1,23.1,3.8,6,2.5,65,1.0,2.5,24,ETHUSDT
26,57.69,-0.2919,-7.634,-9.264,-3.481,50.0,11.5,38.5,6,2.5,65,1.0,4.0,6,ETHUSDT
26,61.54,-0.3319,-8.67,-10.665,-3.546,61.5,15.4,23.1,6,2.5,65,1.0,4.0,12,ETHUSDT
26,80.77,0.0234,0.18,-9.152,0.249,80.8,15.4,3.8,6,2.5,65,1.0,4.0,24,ETHUSDT
29,34.48,-0.4786,-13.172,-14.753,-7.619,20.7,41.4,37.9,6,2.5,65,1.5,1.5,6,ETHUSDT
29,31.03,-0.6223,-16.767,-19.113,-9.086,27.6,55.2,17.2,6,2.5,65,1.5,1.5,12,ETHUSDT
29,34.48,-0.5828,-15.838,-20.17,-7.869,34.5,62.1,3.4,6,2.5,65,1.5,1.5,24,ETHUSDT
24,41.67,-0.3782,-8.869,-10.529,-5.706,16.7,16.7,66.7,6,2.5,65,1.5,2.5,6,ETHUSDT
25,44.0,-0.4234,-10.366,-13.063,-4.958,40.0,24.0,36.0,6,2.5,65,1.5,2.5,12,ETHUSDT
24,58.33,-0.2376,-5.965,-13.967,-2.382,54.2,37.5,8.3,6,2.5,65,1.5,2.5,24,ETHUSDT
24,45.83,-0.3223,-7.701,-9.382,-4.167,20.8,8.3,70.8,6,2.5,65,1.5,4.0,6,ETHUSDT
24,50.0,-0.3847,-9.273,-12.003,-3.709,45.8,16.7,37.5,6,2.5,65,1.5,4.0,12,ETHUSDT
23,69.57,-0.0648,-2.068,-12.794,-0.548,65.2,21.7,13.0,6,2.5,65,1.5,4.0,24,ETHUSDT
29,34.48,-0.3988,-11.171,-13.217,-5.731,17.2,41.4,41.4,6,2.5,65,2.0,1.5,6,ETHUSDT
29,31.03,-0.4843,-13.424,-16.689,-6.101,27.6,55.2,17.2,6,2.5,65,2.0,1.5,12,ETHUSDT
29,34.48,-0.4104,-11.591,-17.777,-4.755,34.5,62.1,3.4,6,2.5,65,2.0,1.5,24,ETHUSDT
24,41.67,-0.2948,-7.057,-9.198,-4.062,16.7,16.7,66.7,6,2.5,65,2.0,2.5,6,ETHUSDT
25,44.0,-0.2234,-5.844,-10.016,-2.307,40.0,24.0,36.0,6,2.5,65,2.0,2.5,12,ETHUSDT
24,54.17,-0.1405,-3.817,-11.824,-1.298,45.8,37.5,16.7,6,2.5,65,2.0,2.5,24,ETHUSDT
23,47.83,-0.2535,-5.912,-8.079,-3.269,13.0,8.7,78.3,6,2.5,65,2.0,4.0,6,ETHUSDT
23,47.83,-0.2807,-6.682,-10.817,-2.73,34.8,13.0,52.2,6,2.5,65,2.0,4.0,12,ETHUSDT
22,63.64,0.0005,-0.657,-13.082,0.004,54.5,22.7,22.7,6,2.5,65,2.0,4.0,24,ETHUSDT
29,34.48,-0.4599,-12.72,-14.144,-6.894,3.4,41.4,55.2,6,2.5,65,3.0,1.5,6,ETHUSDT
29,24.14,-0.6665,-17.882,-18.053,-8.727,6.9,58.6,34.5,6,2.5,65,3.0,1.5,12,ETHUSDT
29,24.14,-0.5386,-14.901,-17.306,-5.693,17.2,69.0,13.8,6,2.5,65,3.0,1.5,24,ETHUSDT
24,41.67,-0.3731,-8.773,-10.261,-5.396,4.2,16.7,79.2,6,2.5,65,3.0,2.5,6,ETHUSDT
25,36.0,-0.5651,-13.557,-13.958,-6.052,8.0,28.0,64.0,6,2.5,65,3.0,2.5,12,ETHUSDT
24,41.67,-0.3962,-9.638,-13.691,-3.376,20.8,41.7,37.5,6,2.5,65,3.0,2.5,24,ETHUSDT
23,47.83,-0.2874,-6.642,-8.165,-3.73,4.3,8.7,87.0,6,2.5,65,3.0,4.0,6,ETHUSDT
23,39.13,-0.6223,-13.741,-14.221,-6.248,8.7,13.0,78.3,6,2.5,65,3.0,4.0,12,ETHUSDT
21,47.62,-0.4552,-9.847,-16.049,-3.205,23.8,28.6,47.6,6,2.5,65,3.0,4.0,24,ETHUSDT
25,48.0,-0.3064,-7.53,-9.047,-5.218,44.0,36.0,20.0,6,2.5,70,1.0,1.5,6,ETHUSDT
25,48.0,-0.3513,-8.583,-10.58,-5.691,48.0,40.0,12.0,6,2.5,70,1.0,1.5,12,ETHUSDT
25,52.0,-0.37,-9.03,-11.988,-5.66,52.0,48.0,0.0,6,2.5,70,1.0,1.5,24,ETHUSDT
20,55.0,-0.1265,-2.649,-5.269,-1.969,50.0,15.0,35.0,6,2.5,70,1.0,2.5,6,ETHUSDT
20,65.0,-0.0499,-1.166,-5.269,-0.726,65.0,15.0,20.0,6,2.5,70,1.0,2.5,12,ETHUSDT
20,80.0,0.13,2.429,-5.269,1.774,80.0,20.0,0.0,6,2.5,70,1.0,2.5,24,ETHUSDT
20,60.0,-0.1015,-2.233,-4.482,-1.303,55.0,10.0,35.0,6,2.5,70,1.0,4.0,6,ETHUSDT
20,70.0,-0.0249,-0.743,-4.383,-0.305,70.0,10.0,20.0,6,2.5,70,1.0,4.0,12,ETHUSDT
20,90.0,0.33,6.566,-4.17,4.203,90.0,10.0,0.0,6,2.5,70,1.0,4.0,24,ETHUSDT
25,40.0,-0.3512,-8.602,-10.266,-5.321,28.0,40.0,32.0,6,2.5,70,1.5,1.5,6,ETHUSDT
25,40.0,-0.385,-9.409,-11.963,-5.329,36.0,48.0,16.0,6,2.5,70,1.5,1.5,12,ETHUSDT
25,44.0,-0.35,-8.647,-13.35,-4.49,44.0,56.0,0.0,6,2.5,70,1.5,1.5,24,ETHUSDT
20,45.0,-0.2343,-4.744,-6.479,-3.45,25.0,15.0,60.0,6,2.5,70,1.5,2.5,6,ETHUSDT
21,52.38,-0.2381,-5.167,-8.24,-2.706,47.6,23.8,28.6,6,2.5,70,1.5,2.5,12,ETHUSDT
21,66.67,-0.0106,-0.596,-9.182,-0.108,61.9,33.3,4.8,6,2.5,70,1.5,2.5,24,ETHUSDT
20,55.0,-0.0761,-1.766,-4.176,-0.912,35.0,10.0,55.0,6,2.5,70,1.5,4.0,6,ETHUSDT
20,65.0,0.008,-0.235,-4.735,0.078,60.0,15.0,25.0,6,2.5,70,1.5,4.0,12,ETHUSDT
20,85.0,0.4974,10.001,-4.735,4.846,80.0,15.0,5.0,6,2.5,70,1.5,4.0,24,ETHUSDT
25,40.0,-0.2708,-6.777,-8.924,-3.745,20.0,40.0,40.0,6,2.5,70,2.0,1.5,6,ETHUSDT
24,33.33,-0.4356,-10.204,-13.59,-5.396,29.2,54.2,16.7,6,2.5,70,2.0,1.5,12,ETHUSDT
24,37.5,-0.3575,-8.552,-14.951,-4.031,37.5,62.5,0.0,6,2.5,70,2.0,1.5,24,ETHUSDT
20,45.0,-0.1495,-3.144,-5.605,-2.022,20.0,15.0,65.0,6,2.5,70,2.0,2.5,6,ETHUSDT
20,45.0,-0.3165,-6.495,-11.725,-3.128,40.0,30.0,30.0,6,2.5,70,2.0,2.5,12,ETHUSDT
20,60.0,-0.0806,-2.054,-12.632,-0.719,50.0,40.0,10.0,6,2.5,70,2.0,2.5,24,ETHUSDT
20,55.0,-0.0788,-1.83,-4.324,-0.921,20.0,10.0,70.0,6,2.5,70,2.0,4.0,6,ETHUSDT
19,52.63,-0.3907,-7.587,-12.756,-3.446,36.8,15.8,47.4,6,2.5,70,2.0,4.0,12,ETHUSDT
19,78.95,0.4504,8.304,-8.745,3.565,68.4,21.1,10.5,6,2.5,70,2.0,4.0,24,ETHUSDT
25,40.0,-0.274,-6.872,-8.392,-3.627,8.0,40.0,52.0,6,2.5,70,3.0,1.5,6,ETHUSDT
24,29.17,-0.5207,-12.056,-12.24,-6.106,12.5,58.3,29.2,6,2.5,70,3.0,1.5,12,ETHUSDT
24,29.17,-0.3318,-8.095,-10.692,-3.213,25.0,66.7,8.3,6,2.5,70,3.0,1.5,24,ETHUSDT
20,45.0,-0.1589,-3.342,-6.073,-2.049,10.0,15.0,75.0,6,2.5,70,3.0,2.5,6,ETHUSDT
20,40.0,-0.5756,-11.256,-12.778,-5.542,15.0,35.0,50.0,6,2.5,70,3.0,2.5,12,ETHUSDT
20,50.0,-0.1626,-3.768,-10.184,-1.285,30.0,45.0,25.0,6,2.5,70,3.0,2.5,24,ETHUSDT
20,55.0,-0.0881,-2.032,-4.799,-0.993,10.0,10.0,80.0,6,2.5,70,3.0,4.0,6,ETHUSDT
19,47.37,-0.6233,-11.626,-13.223,-5.34,15.8,15.8,68.4,6,2.5,70,3.0,4.0,12,ETHUSDT
18,66.67,0.1758,2.463,-8.287,1.187,33.3,27.8,38.9,6,2.5,70,3.0,4.0,24,ETHUSDT
140,53.57,-0.1975,-24.827,-33.213,-3.417,45.0,30.7,24.3,12,1.0,55,1.0,1.5,6,ETHUSDT
121,57.85,-0.1712,-19.421,-28.725,-2.757,56.2,36.4,7.4,12,1.0,55,1.0,1.5,12,ETHUSDT
119,58.82,-0.1927,-21.22,-30.115,-3.009,58.8,39.5,1.7,12,1.0,55,1.0,1.5,24,ETHUSDT
122,55.74,-0.2133,-23.705,-32.346,-3.195,48.4,14.8,36.9,12,1.0,55,1.0,2.5,6,ETHUSDT
99,63.64,-0.1959,-18.507,-27.916,-2.588,61.6,21.2,17.2,12,1.0,55,1.0,2.5,12,ETHUSDT
92,72.83,-0.0907,-8.965,-21.475,-1.158,70.7,23.9,5.4,12,1.0,55,1.0,2.5,24,ETHUSDT
114,57.02,-0.2716,-27.512,-35.722,-3.655,45.6,6.1,48.2,12,1.0,55,1.0,4.0,6,ETHUSDT
91,65.93,-0.2515,-21.579,-30.633,-2.775,64.8,12.1,23.1,12,1.0,55,1.0,4.0,12,ETHUSDT
78,75.64,-0.2296,-17.627,-28.832,-2.294,73.1,16.7,10.3,12,1.0,55,1.0,4.0,24,ETHUSDT
128,47.66,-0.1933,-22.725,-32.55,-2.946,28.9,34.4,36.7,12,1.0,55,1.5,1.5,6,ETHUSDT
107,48.6,-0.19,-19.269,-30.406,-2.596,41.1,43.0,15.9,12,1.0,55,1.5,1.5,12,ETHUSDT
106,49.06,-0.175,-17.896,-28.337,-2.276,48.1,46.2,5.7,12,1.0,55,1.5,1.5,24,ETHUSDT
113,49.56,-0.2234,-23.257,-33.551,-2.937,32.7,16.8,50.4,12,1.0,55,1.5,2.5,6,ETHUSDT
89,56.18,-0.1724,-15.331,-27.341,-1.951,48.3,24.7,27.0,12,1.0,55,1.5,2.5,12,ETHUSDT
81,65.43,-0.0153,-2.509,-19.224,-0.164,59.3,28.4,12.3,12,1.0,55,1.5,2.5,24,ETHUSDT
106,50.94,-0.2619,-25.265,-35.29,-3.197,31.1,6.6,62.3,12,1.0,55,1.5,4.0,6,ETHUSDT
78,56.41,-0.3383,-24.461,-34.994,-3.203,47.4,15.4,37.2,12,1.0,55,1.5,4.0,12,ETHUSDT
68,69.12,-0.1309,-10.024,-27.205,-1.142,61.8,19.1,19.1,12,1.0,55,1.5,4.0,24,ETHUSDT
124,43.55,-0.1938,-22.268,-33.636,-2.731,20.2,35.5,44.4,12,1.0,55,2.0,1.5,6,ETHUSDT
96,42.71,-0.2113,-19.307,-30.511,-2.611,29.2,46.9,24.0,12,1.0,55,2.0,1.5,12,ETHUSDT
93,43.01,-0.1602,-14.981,-26.234,-1.816,40.9,51.6,7.5,12,1.0,55,2.0,1.5,24,ETHUSDT
111,45.95,-0.2027,-21.239,-33.625,-2.485,23.4,17.1,59.5,12,1.0,55,2.0,2.5,6,ETHUSDT
80,46.25,-0.2861,-21.578,-33.339,-2.949,33.8,27.5,38.8,12,1.0,55,2.0,2.5,12,ETHUSDT
73,57.53,-0.0563,-5.433,-22.455,-0.536,46.6,32.9,20.5,12,1.0,55,2.0,2.5,24,ETHUSDT
105,47.62,-0.2456,-23.861,-35.834,-2.846,21.0,6.7,72.4,12,1.0,55,2.0,4.0,6,ETHUSDT
70,48.57,-0.4621,-28.84,-39.824,-4.165,31.4,15.7,52.9,12,1.0,55,2.0,4.0,12,ETHUSDT
60,61.67,-0.1714,-11.356,-28.26,-1.361,46.7,21.7,31.7,12,1.0,55,2.0,4.0,24,ETHUSDT
119,42.86,-0.2105,-23.131,-33.958,-2.797,8.4,36.1,55.5,12,1.0,55,3.0,1.5,6,ETHUSDT
86,38.37,-0.2452,-20.042,-29.356,-2.735,12.8,51.2,36.0,12,1.0,55,3.0,1.5,12,ETHUSDT
82,34.15,-0.2453,-19.448,-28.83,-2.458,22.0,58.5,19.5,12,1.0,55,3.0,1.5,24,ETHUSDT
107,45.79,-0.2479,-24.391,-35.336,-2.931,8.4,17.8,73.8,12,1.0,55,3.0,2.5,6,ETHUSDT
73,41.1,-0.3998,-26.504,-36.067,-3.718,15.1,32.9,52.1,12,1.0,55,3.0,2.5,12,ETHUSDT
63,50.79,-0.163,-11.184,-27.102,-1.392,22.2,38.1,39.7,12,1.0,55,3.0,2.5,24,ETHUSDT
103,46.6,-0.2884,-26.851,-37.44,-3.23,7.8,7.8,84.5,12,1.0,55,3.0,4.0,6,ETHUSDT
65,40.0,-0.5882,-32.965,-41.988,-5.018,15.4,15.4,69.2,12,1.0,55,3.0,4.0,12,ETHUSDT
53,56.6,-0.245,-13.84,-29.443,-1.761,24.5,24.5,50.9,12,1.0,55,3.0,4.0,24,ETHUSDT
108,51.85,-0.1975,-19.736,-26.649,-3.492,43.5,29.6,26.9,12,1.0,60,1.0,1.5,6,ETHUSDT
96,57.29,-0.1726,-15.842,-22.083,-2.807,54.2,36.5,9.4,12,1.0,60,1.0,1.5,12,ETHUSDT
95,58.95,-0.1786,-16.211,-22.163,-2.809,58.9,38.9,2.1,12,1.0,60,1.0,1.5,24,ETHUSDT
94,51.06,-0.2764,-23.481,-30.206,-4.224,43.6,14.9,41.5,12,1.0,60,1.0,2.5,6,ETHUSDT
82,62.2,-0.2238,-17.514,-23.631,-2.937,59.8,22.0,18.3,12,1.0,60,1.0,2.5,12,ETHUSDT
77,71.43,-0.1068,-8.714,-16.352,-1.35,71.4,24.7,3.9,12,1.0,60,1.0,2.5,24,ETHUSDT
88,54.55,-0.2808,-22.617,-29.418,-3.794,43.2,6.8,50.0,12,1.0,60,1.0,4.0,6,ETHUSDT
74,67.57,-0.1395,-10.723,-19.072,-1.629,66.2,9.5,24.3,12,1.0,60,1.0,4.0,12,ETHUSDT
65,76.92,-0.0814,-6.135,-14.341,-0.878,76.9,12.3,10.8,12,1.0,60,1.0,4.0,24,ETHUSDT
98,45.92,-0.2112,-19.31,-26.807,-3.304,26.5,33.7,39.8,12,1.0,60,1.5,1.5,6,ETHUSDT
84,47.62,-0.1749,-14.376,-23.17,-2.401,41.7,42.9,15.5,12,1.0,60,1.5,1.5,12,ETHUSDT
82,48.78,-0.173,-13.995,-21.976,-2.265,47.6,46.3,6.1,12,1.0,60,1.5,1.5,24,ETHUSDT
87,45.98,-0.2605,-20.986,-28.902,-3.562,28.7,14.9,56.3,12,1.0,60,1.5,2.5,6,ETHUSDT
72,51.39,-0.1992,-14.245,-23.052,-2.282,47.2,23.6,29.2,12,1.0,60,1.5,2.5,12,ETHUSDT
64,64.06,-0.0486,-4.073,-15.364,-0.516,57.8,29.7,12.5,12,1.0,60,1.5,2.5,24,ETHUSDT
82,47.56,-0.3013,-22.709,-30.452,-3.692,29.3,7.3,63.4,12,1.0,60,1.5,4.0,6,ETHUSDT
62,53.23,-0.2001,-12.588,-21.565,-2.108,46.8,9.7,43.5,12,1.0,60,1.5,4.0,12,ETHUSDT
54,66.67,-0.2136,-12.07,-24.38,-1.864,57.4,18.5,24.1,12,1.0,60,1.5,4.0,24,ETHUSDT
95,43.16,-0.1912,-17.332,-27.503,-2.736,20.0,34.7,45.3,12,1.0,60,2.0,1.5,6,ETHUSDT
80,46.25,-0.0751,-6.741,-18.663,-0.921,33.8,43.8,22.5,12,1.0,60,2.0,1.5,12,ETHUSDT
77,46.75,-0.0044,-1.439,-15.362,-0.049,45.5,48.1,6.5,12,1.0,60,2.0,1.5,24,ETHUSDT
87,43.68,-0.2081,-17.403,-28.358,-2.633,23.0,14.9,62.1,12,1.0,60,2.0,2.5,6,ETHUSDT
70,48.57,-0.1066,-8.314,-20.035,-1.097,40.0,24.3,35.7,12,1.0,60,2.0,2.5,12,ETHUSDT
61,59.02,0.0119,-0.535,-15.047,0.112,49.2,32.8,18.0,12,1.0,60,2.0,2.5,24,ETHUSDT
81,45.68,-0.2432,-18.84,-29.604,-2.772,23.5,7.4,69.1,12,1.0,60,2.0,4.0,6,ETHUSDT
60,50.0,-0.1559,-10.019,-21.755,-1.5,38.3,10.0,51.7,12,1.0,60,2.0,4.0,12,ETHUSDT
51,62.75,-0.0908,-5.947,-21.486,-0.722,51.0,19.6,29.4,12,1.0,60,2.0,4.0,24,ETHUSDT
92,43.48,-0.2032,-17.833,-26.846,-2.737,7.6,35.9,56.5,12,1.0,60,3.0,1.5,6,ETHUSDT
73,42.47,-0.0834,-6.899,-18.04,-0.932,13.7,45.2,41.1,12,1.0,60,3.0,1.5,12,ETHUSDT
68,38.24,-0.0854,-6.84,-17.395,-0.841,25.0,54.4,20.6,12,1.0,60,3.0,1.5,24,ETHUSDT
84,45.24,-0.2099,-17.054,-26.69,-2.539,7.1,15.5,77.4,12,1.0,60,3.0,2.5,6,ETHUSDT
63,44.44,-0.1497,-10.116,-20.897,-1.448,15.9,25.4,58.7,12,1.0,60,3.0,2.5,12,ETHUSDT
52,53.85,-0.0391,-3.288,-18.493,-0.333,25.0,34.6,40.4,12,1.0,60,3.0,2.5,24,ETHUSDT
79,45.57,-0.2494,-18.889,-28.313,-2.741,7.6,7.6,84.8,12,1.0,60,3.0,4.0,6,ETHUSDT
55,47.27,-0.2154,-12.176,-23.109,-2.044,14.5,9.1,76.4,12,1.0,60,3.0,4.0,12,ETHUSDT
45,55.56,-0.2475,-11.957,-25.986,-1.791,26.7,22.2,51.1,12,1.0,60,3.0,4.0,24,ETHUSDT
71,54.93,-0.1698,-11.741,-17.045,-2.985,43.7,29.6,26.8,12,1.0,65,1.0,1.5,6,ETHUSDT
62,54.84,-0.2032,-12.228,-16.941,-3.292,53.2,37.1,9.7,12,1.0,65,1.0,1.5,12,ETHUSDT
62,56.45,-0.2114,-12.696,-17.36,-3.33,56.5,40.3,3.2,12,1.0,65,1.0,1.5,24,ETHUSDT
62,58.06,-0.2247,-13.488,-18.687,-3.265,46.8,17.7,35.5,12,1.0,65,1.0,2.5,6,ETHUSDT
52,59.62,-0.3416,-16.812,-20.655,-4.283,57.7,25.0,17.3,12,1.0,65,1.0,2.5,12,ETHUSDT
50,70.0,-0.1213,-6.439,-15.056,-1.52,70.0,26.0,4.0,12,1.0,65,1.0,2.5,24,ETHUSDT
58,58.62,-0.2241,-12.774,-18.016,-2.882,46.6,8.6,44.8,12,1.0,65,1.0,4.0,6,ETHUSDT
48,68.75,-0.2256,-10.985,-14.718,-2.392,66.7,14.6,18.8,12,1.0,65,1.0,4.0,12,ETHUSDT
46,78.26,-0.0331,-2.264,-9.624,-0.351,78.3,15.2,6.5,12,1.0,65,1.0,4.0,24,ETHUSDT
64,48.44,-0.2088,-12.937,-20.072,-3.281,21.9,34.4,43.8,12,1.0,65,1.5,1.5,6,ETHUSDT
54,44.44,-0.2373,-12.493,-19.743,-3.293,38.9,42.6,18.5,12,1.0,65,1.5,1.5,12,ETHUSDT
53,47.17,-0.1849,-9.856,-18.436,-2.419,47.2,47.2,5.7,12,1.0,65,1.5,1.5,24,ETHUSDT
57,50.88,-0.2636,-14.445,-21.456,-3.62,21.1,17.5,61.4,12,1.0,65,1.5,2.5,6,ETHUSDT
48,52.08,-0.249,-11.879,-18.349,-2.836,45.8,22.9,31.2,12,1.0,65,1.5,2.5,12,ETHUSDT
44,63.64,0.008,-0.359,-16.371,0.086,59.1,29.5,11.4,12,1.0,65,1.5,2.5,24,ETHUSDT
54,50.0,-0.2313,-12.281,-19.47,-2.998,20.4,7.4,72.2,12,1.0,65,1.5,4.0,6,ETHUSDT
44,56.82,-0.2575,-11.53,-17.443,-2.45,50.0,15.9,34.1,12,1.0,65,1.5,4.0,12,ETHUSDT
41,68.29,-0.0999,-5.024,-17.41,-0.848,63.4,22.0,14.6,12,1.0,65,1.5,4.0,24,ETHUSDT
64,48.44,-0.1332,-8.69,-18.211,-1.923,17.2,34.4,48.4,12,1.0,65,2.0,1.5,6,ETHUSDT
54,44.44,-0.0898,-5.357,-16.138,-1.101,33.3,42.6,24.1,12,1.0,65,2.0,1.5,12,ETHUSDT
53,47.17,0.0509,1.948,-12.617,0.571,47.2,47.2,5.7,12,1.0,65,2.0,1.5,24,ETHUSDT
57,50.88,-0.1842,-10.549,-19.876,-2.357,17.5,17.5,64.9,12,1.0,65,2.0,2.5,6,ETHUSDT
48,50.0,-0.1349,-7.04,-16.783,-1.4,37.5,22.9,39.6,12,1.0,65,2.0,2.5,12,ETHUSDT
43,58.14,0.0637,1.875,-17.948,0.603,48.8,32.6,18.6,12,1.0,65,2.0,2.5,24,ETHUSDT
54,50.0,-0.1568,-8.738,-18.254,-1.916,16.7,7.4,75.9,12,1.0,65,2.0,4.0,6,ETHUSDT
43,53.49,-0.2022,-9.166,-17.704,-1.889,34.9,14.0,51.2,12,1.0,65,2.0,4.0,12,ETHUSDT
39,61.54,-0.0677,-3.795,-20.55,-0.52,53.8,23.1,23.1,12,1.0,65,2.0,4.0,24,ETHUSDT
62,45.16,-0.2937,-17.062,-22.995,-4.573,1.6,35.5,62.9,12,1.0,65,3.0,1.5,6,ETHUSDT
51,41.18,-0.1687,-8.842,-17.258,-2.026,7.8,43.1,49.0,12,1.0,65,3.0,1.5,12,ETHUSDT
49,42.86,0.0898,3.508,-11.769,0.868,26.5,51.0,22.4,12,1.0,65,3.0,1.5,24,ETHUSDT
55,47.27,-0.3694,-18.856,-24.661,-5.073,1.8,18.2,80.0,12,1.0,65,3.0,2.5,6,ETHUSDT
45,46.67,-0.2126,-9.909,-19.261,-2.086,13.3,24.4,62.2,12,1.0,65,3.0,2.5,12,ETHUSDT
40,55.0,0.1622,5.605,-15.749,1.365,27.5,32.5,40.0,12,1.0,65,3.0,2.5,24,ETHUSDT
52,46.15,-0.3406,-16.737,-22.694,-4.403,1.9,7.7,90.4,12,1.0,65,3.0,4.0,6,ETHUSDT
40,50.0,-0.2691,-11.004,-18.486,-2.462,12.5,12.5,75.0,12,1.0,65,3.0,4.0,12,ETHUSDT
36,58.33,0.0486,0.356,-17.205,0.335,33.3,25.0,41.7,12,1.0,65,3.0,4.0,24,ETHUSDT
46,56.52,-0.1801,-8.211,-12.676,-3.149,43.5,30.4,26.1,12,1.0,70,1.0,1.5,6,ETHUSDT
43,58.14,-0.1475,-6.432,-11.693,-2.389,58.1,34.9,7.0,12,1.0,70,1.0,1.5,12,ETHUSDT
43,60.47,-0.1584,-6.89,-12.124,-2.475,60.5,39.5,0.0,12,1.0,70,1.0,1.5,24,ETHUSDT
40,60.0,-0.1499,-6.123,-10.689,-2.283,50.0,15.0,35.0,12,1.0,70,1.0,2.5,6,ETHUSDT
34,64.71,-0.231,-7.925,-12.38,-2.917,64.7,23.5,11.8,12,1.0,70,1.0,2.5,12,ETHUSDT
34,73.53,-0.0965,-3.625,-10.534,-1.194,73.5,26.5,0.0,12,1.0,70,1.0,2.5,24,ETHUSDT
37,62.16,-0.1657,-6.334,-11.511,-2.161,51.4,8.1,40.5,12,1.0,70,1.0,4.0,6,ETHUSDT
32,71.88,-0.1398,-4.849,-10.085,-1.536,71.9,12.5,15.6,12,1.0,70,1.0,4.0,12,ETHUSDT
31,87.1,0.1848,5.422,-9.037,2.107,87.1,12.9,0.0,12,1.0,70,1.0,4.0,24,ETHUSDT
42,47.62,-0.1982,-8.293,-14.543,-3.063,28.6,33.3,38.1,12,1.0,70,1.5,1.5,6,ETHUSDT
38,50.0,-0.1063,-4.317,-12.044,-1.456,44.7,39.5,15.8,12,1.0,70,1.5,1.5,12,ETHUSDT
38,52.63,-0.0707,-3.058,-10.498,-0.912,52.6,44.7,2.6,12,1.0,70,1.5,1.5,24,ETHUSDT
36,47.22,-0.1627,-5.975,-12.383,-2.416,27.8,11.1,61.1,12,1.0,70,1.5,2.5,6,ETHUSDT
31,58.06,-0.1091,-3.759,-10.354,-1.231,51.6,22.6,25.8,12,1.0,70,1.5,2.5,12,ETHUSDT
31,67.74,0.092,2.366,-9.24,0.971,64.5,29.0,6.5,12,1.0,70,1.5,2.5,24,ETHUSDT
35,51.43,-0.0797,-3.103,-9.706,-1.064,31.4,5.7,62.9,12,1.0,70,1.5,4.0,6,ETHUSDT
29,65.52,-0.0176,-1.077,-7.993,-0.171,58.6,13.8,27.6,12,1.0,70,1.5,4.0,12,ETHUSDT
28,78.57,0.4109,11.573,-7.22,4.07,75.0,14.3,10.7,12,1.0,70,1.5,4.0,24,ETHUSDT
42,47.62,-0.0909,-4.132,-12.407,-1.257,23.8,33.3,42.9,12,1.0,70,2.0,1.5,6,ETHUSDT
37,45.95,-0.0547,-2.466,-11.953,-0.655,37.8,43.2,18.9,12,1.0,70,2.0,1.5,12,ETHUSDT
37,48.65,0.0114,-0.118,-10.428,0.127,45.9,48.6,5.4,12,1.0,70,2.0,1.5,24,ETHUSDT
36,47.22,-0.0462,-2.013,-10.471,-0.615,25.0,11.1,63.9,12,1.0,70,2.0,2.5,6,ETHUSDT
30,53.33,-0.0955,-3.371,-12.983,-0.946,43.3,26.7,30.0,12,1.0,70,2.0,2.5,12,ETHUSDT
30,63.33,0.1653,4.397,-13.432,1.519,56.7,33.3,10.0,12,1.0,70,2.0,2.5,24,ETHUSDT
35,51.43,-0.0215,-1.142,-9.675,-0.275,22.9,5.7,71.4,12,1.0,70,2.0,4.0,6,ETHUSDT
26,61.54,-0.1452,-4.244,-12.756,-1.348,38.5,11.5,50.0,12,1.0,70,2.0,4.0,12,ETHUSDT
25,76.0,0.598,15.374,-8.745,5.219,68.0,16.0,16.0,12,1.0,70,2.0,4.0,24,ETHUSDT
41,46.34,-0.1637,-6.879,-13.162,-2.216,7.3,34.1,58.5,12,1.0,70,3.0,1.5,6,ETHUSDT
36,41.67,-0.1321,-5.145,-11.679,-1.48,13.9,47.2,38.9,12,1.0,70,3.0,1.5,12,ETHUSDT
36,44.44,0.023,0.131,-8.605,0.222,27.8,52.8,19.4,12,1.0,70,3.0,1.5,24,ETHUSDT
35,45.71,-0.134,-4.944,-11.358,-1.747,8.6,11.4,80.0,12,1.0,70,3.0,2.5,6,ETHUSDT
29,48.28,-0.303,-8.968,-14.525,-2.867,13.8,31.0,55.2,12,1.0,70,3.0,2.5,12,ETHUSDT
29,58.62,0.1613,3.913,-12.582,1.284,34.5,37.9,27.6,12,1.0,70,3.0,2.5,24,ETHUSDT
35,48.57,-0.0853,-3.34,-9.861,-1.068,8.6,5.7,85.7,12,1.0,70,3.0,4.0,6,ETHUSDT
26,53.85,-0.3468,-9.181,-13.223,-3.103,15.4,11.5,73.1,12,1.0,70,3.0,4.0,12,ETHUSDT
25,72.0,0.5123,12.687,-8.287,3.812,36.0,20.0,44.0,12,1.0,70,3.0,4.0,24,ETHUSDT
104,53.85,-0.1771,-17.333,-24.073,-3.16,44.2,27.9,27.9,12,1.5,55,1.0,1.5,6,ETHUSDT
91,57.14,-0.1398,-12.503,-21.25,-2.28,57.1,35.2,7.7,12,1.5,55,1.0,1.5,12,ETHUSDT
90,58.89,-0.1565,-13.716,-21.553,-2.488,58.9,37.8,3.3,12,1.5,55,1.0,1.5,24,ETHUSDT
89,55.06,-0.2393,-19.767,-26.228,-3.671,44.9,13.5,41.6,12,1.5,55,1.0,2.5,6,ETHUSDT
78,65.38,-0.1143,-9.272,-18.443,-1.521,65.4,20.5,14.1,12,1.5,55,1.0,2.5,12,ETHUSDT
75,74.67,0.0249,1.101,-14.411,0.334,73.3,21.3,5.3,12,1.5,55,1.0,2.5,24,ETHUSDT
85,56.47,-0.261,-20.613,-26.557,-3.524,45.9,7.1,47.1,12,1.5,55,1.0,4.0,6,ETHUSDT
74,70.27,-0.1129,-9.042,-18.134,-1.256,70.3,12.2,17.6,12,1.5,55,1.0,4.0,12,ETHUSDT
66,77.27,-0.0548,-4.567,-17.945,-0.592,75.8,13.6,10.6,12,1.5,55,1.0,4.0,24,ETHUSDT
95,45.26,-0.2463,-21.419,-29.99,-3.947,24.2,32.6,43.2,12,1.5,55,1.5,1.5,6,ETHUSDT
81,44.44,-0.2356,-18.016,-28.774,-3.292,38.3,43.2,18.5,12,1.5,55,1.5,1.5,12,ETHUSDT
80,47.5,-0.1911,-14.927,-27.168,-2.488,47.5,47.5,5.0,12,1.5,55,1.5,1.5,24,ETHUSDT
82,47.56,-0.2631,-20.041,-28.762,-3.704,26.8,14.6,58.5,12,1.5,55,1.5,2.5,6,ETHUSDT
69,53.62,-0.1798,-12.532,-24.26,-2.055,46.4,24.6,29.0,12,1.5,55,1.5,2.5,12,ETHUSDT
66,65.15,0.021,0.337,-20.371,0.226,59.1,28.8,12.1,12,1.5,55,1.5,2.5,24,ETHUSDT
77,49.35,-0.2536,-18.494,-27.384,-3.193,28.6,6.5,64.9,12,1.5,55,1.5,4.0,6,ETHUSDT
63,57.14,-0.2052,-13.224,-24.61,-1.991,49.2,14.3,36.5,12,1.5,55,1.5,4.0,12,ETHUSDT
56,67.86,-0.0588,-4.499,-23.023,-0.524,62.5,17.9,19.6,12,1.5,55,1.5,4.0,24,ETHUSDT
93,41.94,-0.2212,-19.255,-30.586,-3.238,18.3,33.3,48.4,12,1.5,55,2.0,1.5,6,ETHUSDT
74,40.54,-0.1742,-12.859,-27.93,-2.179,29.7,44.6,25.7,12,1.5,55,2.0,1.5,12,ETHUSDT
73,43.84,-0.1139,-8.944,-25.494,-1.284,42.5,50.7,6.8,12,1.5,55,2.0,1.5,24,ETHUSDT
82,42.68,-0.2406,-18.646,-30.062,-3.141,20.7,14.6,64.6,12,1.5,55,2.0,2.5,6,ETHUSDT
63,46.03,-0.2334,-14.601,-29.371,-2.433,33.3,27.0,39.7,12,1.5,55,2.0,2.5,12,ETHUSDT
61,59.02,0.0289,0.516,-20.956,0.274,49.2,32.8,18.0,12,1.5,55,2.0,2.5,24,ETHUSDT
77,45.45,-0.2245,-16.65,-28.346,-2.817,18.2,5.2,76.6,12,1.5,55,2.0,4.0,6,ETHUSDT
56,51.79,-0.2796,-15.543,-30.15,-2.583,32.1,14.3,53.6,12,1.5,55,2.0,4.0,12,ETHUSDT
49,61.22,-0.0839,-5.384,-25.596,-0.67,51.0,20.4,28.6,12,1.5,55,2.0,4.0,24,ETHUSDT
88,42.05,-0.2558,-20.772,-29.304,-3.754,3.4,33.0,63.6,12,1.5,55,3.0,1.5,6,ETHUSDT
67,38.81,-0.126,-8.976,-23.996,-1.424,10.4,46.3,43.3,12,1.5,55,3.0,1.5,12,ETHUSDT
66,39.39,-0.0775,-6.184,-24.272,-0.753,24.2,54.5,21.2,12,1.5,55,3.0,1.5,24,ETHUSDT
79,43.04,-0.3005,-21.835,-30.252,-3.902,3.8,15.2,81.0,12,1.5,55,3.0,2.5,6,ETHUSDT
58,43.1,-0.2524,-14.64,-29.156,-2.405,13.8,29.3,56.9,12,1.5,55,3.0,2.5,12,ETHUSDT
55,54.55,0.0413,0.83,-22.795,0.344,25.5,36.4,38.2,12,1.5,55,3.0,2.5,24,ETHUSDT
75,44.0,-0.3086,-21.385,-29.85,-3.868,2.7,6.7,90.7,12,1.5,55,3.0,4.0,6,ETHUSDT
53,47.17,-0.27,-14.456,-29.003,-2.356,15.1,13.2,71.7,12,1.5,55,3.0,4.0,12,ETHUSDT
46,58.7,0.0189,-0.787,-24.274,0.135,30.4,21.7,47.8,12,1.5,55,3.0,4.0,24,ETHUSDT
89,53.93,-0.1509,-13.003,-18.929,-2.765,42.7,25.8,31.5,12,1.5,60,1.0,1.5,6,ETHUSDT
79,56.96,-0.1289,-10.168,-17.117,-2.12,57.0,34.2,8.9,12,1.5,60,1.0,1.5,12,ETHUSDT
78,58.97,-0.148,-11.413,-16.803,-2.363,59.0,37.2,3.8,12,1.5,60,1.0,1.5,24,ETHUSDT
79,54.43,-0.2232,-16.681,-22.356,-3.49,43.0,13.9,43.0,12,1.5,60,1.0,2.5,6,ETHUSDT
70,64.29,-0.1576,-11.124,-18.0,-2.066,64.3,21.4,14.3,12,1.5,60,1.0,2.5,12,ETHUSDT
67,73.13,-0.0101,-1.384,-12.399,-0.133,73.1,22.4,4.5,12,1.5,60,1.0,2.5,24,ETHUSDT
77,57.14,-0.2649,-19.177,-24.682,-3.408,45.5,9.1,45.5,12,1.5,60,1.0,4.0,6,ETHUSDT
66,69.7,-0.1235,-8.737,-16.279,-1.378,69.7,12.1,18.2,12,1.5,60,1.0,4.0,12,ETHUSDT
60,76.67,-0.059,-4.408,-14.123,-0.634,76.7,13.3,10.0,12,1.5,60,1.0,4.0,24,ETHUSDT
79,45.57,-0.1925,-14.595,-23.469,-3.105,25.3,30.4,44.3,12,1.5,60,1.5,1.5,6,ETHUSDT
68,45.59,-0.1613,-10.977,-21.284,-2.238,41.2,41.2,17.6,12,1.5,60,1.5,1.5,12,ETHUSDT
67,49.25,-0.137,-9.433,-19.131,-1.782,49.3,46.3,4.5,12,1.5,60,1.5,1.5,24,ETHUSDT
71,46.48,-0.2332,-15.824,-24.57,-3.315,26.8,14.1,59.2,12,1.5,60,1.5,2.5,6,ETHUSDT
60,51.67,-0.1878,-11.413,-21.67,-2.153,46.7,23.3,30.0,12,1.5,60,1.5,2.5,12,ETHUSDT
57,64.91,0.016,-0.018,-17.241,0.17,59.6,29.8,10.5,12,1.5,60,1.5,2.5,24,ETHUSDT
69,49.28,-0.2772,-18.212,-26.71,-3.224,30.4,10.1,59.4,12,1.5,60,1.5,4.0,6,ETHUSDT
55,54.55,-0.2167,-12.211,-22.375,-2.098,50.9,14.5,34.5,12,1.5,60,1.5,4.0,12,ETHUSDT
49,65.31,-0.2191,-11.313,-25.442,-1.867,59.2,20.4,20.4,12,1.5,60,1.5,4.0,24,ETHUSDT
77,44.16,-0.1305,-10.169,-22.611,-1.893,20.8,31.2,48.1,12,1.5,60,2.0,1.5,6,ETHUSDT
65,44.62,-0.0307,-2.746,-16.825,-0.377,35.4,41.5,23.1,12,1.5,60,2.0,1.5,12,ETHUSDT
64,48.44,0.0833,4.49,-12.05,0.929,48.4,46.9,4.7,12,1.5,60,2.0,1.5,24,ETHUSDT
71,43.66,-0.1744,-12.331,-24.474,-2.273,22.5,14.1,63.4,12,1.5,60,2.0,2.5,6,ETHUSDT
57,49.12,-0.1161,-7.311,-20.73,-1.204,38.6,24.6,36.8,12,1.5,60,2.0,2.5,12,ETHUSDT
54,62.96,0.1919,9.683,-15.013,1.814,53.7,31.5,14.8,12,1.5,60,2.0,2.5,24,ETHUSDT
68,47.06,-0.2086,-14.073,-25.974,-2.38,22.1,8.8,69.1,12,1.5,60,2.0,4.0,6,ETHUSDT
51,50.98,-0.1981,-10.601,-23.544,-1.841,37.3,13.7,49.0,12,1.5,60,2.0,4.0,12,ETHUSDT
46,63.04,-0.0375,-3.122,-23.346,-0.288,56.5,21.7,21.7,12,1.5,60,2.0,4.0,24,ETHUSDT
74,44.59,-0.214,-15.194,-24.166,-3.136,4.1,32.4,63.5,12,1.5,60,3.0,1.5,6,ETHUSDT
58,37.93,-0.1308,-8.02,-19.144,-1.532,10.3,43.1,46.6,12,1.5,60,3.0,1.5,12,ETHUSDT
57,42.11,0.0227,0.188,-15.505,0.219,26.3,52.6,21.1,12,1.5,60,3.0,1.5,24,ETHUSDT
68,45.59,-0.2469,-16.07,-24.949,-3.273,2.9,14.7,82.4,12,1.5,60,3.0,2.5,6,ETHUSDT
52,42.31,-0.1977,-10.65,-21.929,-1.956,13.5,25.0,61.5,12,1.5,60,3.0,2.5,12,ETHUSDT
48,56.25,0.0586,1.55,-18.05,0.486,27.1,35.4,37.5,12,1.5,60,3.0,2.5,24,ETHUSDT
66,46.97,-0.2907,-18.226,-26.877,-3.377,3.0,9.1,87.9,12,1.5,60,3.0,4.0,6,ETHUSDT
48,45.83,-0.2752,-13.302,-24.247,-2.535,12.5,12.5,75.0,12,1.5,60,3.0,4.0,12,ETHUSDT
41,56.1,-0.2128,-9.781,-27.133,-1.483,29.3,24.4,46.3,12,1.5,60,3.0,4.0,24,ETHUSDT
67,55.22,-0.1409,-9.377,-14.202,-2.484,46.3,28.4,25.4,12,1.5,65,1.0,1.5,6,ETHUSDT
59,55.93,-0.167,-9.762,-15.531,-2.72,55.9,35.6,8.5,12,1.5,65,1.0,1.5,12,ETHUSDT
59,57.63,-0.1796,-10.448,-15.957,-2.845,57.6,39.0,3.4,12,1.5,65,1.0,1.5,24,ETHUSDT
58,58.62,-0.1815,-10.448,-15.217,-2.656,50.0,17.2,32.8,12,1.5,65,1.0,2.5,6,ETHUSDT
49,61.22,-0.2665,-12.739,-18.317,-3.415,61.2,22.4,16.3,12,1.5,65,1.0,2.5,12,ETHUSDT
47,72.34,-0.0331,-2.049,-12.725,-0.429,72.3,23.4,4.3,12,1.5,65,1.0,2.5,24,ETHUSDT
56,60.71,-0.2343,-12.935,-17.571,-2.828,51.8,10.7,37.5,12,1.5,65,1.0,4.0,6,ETHUSDT
46,69.57,-0.2041,-9.675,-15.449,-2.147,69.6,15.2,15.2,12,1.5,65,1.0,4.0,12,ETHUSDT
44,79.55,-0.0124,-1.282,-10.368,-0.13,79.5,15.9,4.5,12,1.5,65,1.0,4.0,24,ETHUSDT
60,48.33,-0.1749,-10.375,-17.01,-2.722,25.0,33.3,41.7,12,1.5,65,1.5,1.5,6,ETHUSDT
52,46.15,-0.1746,-9.147,-17.685,-2.391,42.3,42.3,15.4,12,1.5,65,1.5,1.5,12,ETHUSDT
52,50.0,-0.1135,-6.266,-15.947,-1.476,50.0,46.2,3.8,12,1.5,65,1.5,1.5,24,ETHUSDT
53,50.94,-0.2143,-11.212,-17.784,-2.938,24.5,17.0,58.5,12,1.5,65,1.5,2.5,6,ETHUSDT
46,54.35,-0.1575,-7.601,-16.285,-1.79,50.0,21.7,28.3,12,1.5,65,1.5,2.5,12,ETHUSDT
43,67.44,0.1221,4.674,-12.934,1.319,62.8,27.9,9.3,12,1.5,65,1.5,2.5,24,ETHUSDT
51,52.94,-0.2005,-10.344,-16.981,-2.367,27.5,9.8,62.7,12,1.5,65,1.5,4.0,6,ETHUSDT
43,60.47,-0.1371,-6.575,-15.356,-1.29,55.8,16.3,27.9,12,1.5,65,1.5,4.0,12,ETHUSDT
40,72.5,0.0575,1.336,-12.67,0.503,67.5,20.0,12.5,12,1.5,65,1.5,4.0,24,ETHUSDT
60,48.33,-0.0975,-6.188,-15.244,-1.395,18.3,33.3,48.3,12,1.5,65,2.0,1.5,6,ETHUSDT
52,44.23,-0.079,-4.647,-16.534,-0.956,34.6,44.2,21.2,12,1.5,65,2.0,1.5,12,ETHUSDT
52,48.08,0.0692,2.87,-12.617,0.77,48.1,48.1,3.8,12,1.5,65,2.0,1.5,24,ETHUSDT
53,50.94,-0.1327,-7.351,-16.295,-1.694,18.9,17.0,64.2,12,1.5,65,2.0,2.5,6,ETHUSDT
46,50.0,-0.1255,-6.375,-18.047,-1.279,39.1,23.9,37.0,12,1.5,65,2.0,2.5,12,ETHUSDT
42,59.52,0.1023,3.466,-17.948,0.954,52.4,33.3,14.3,12,1.5,65,2.0,2.5,24,ETHUSDT
51,52.94,-0.097,-5.454,-14.581,-1.163,17.6,7.8,74.5,12,1.5,65,2.0,4.0,6,ETHUSDT
42,54.76,-0.1746,-7.96,-19.435,-1.575,38.1,14.3,47.6,12,1.5,65,2.0,4.0,12,ETHUSDT
37,64.86,0.0834,1.96,-17.093,0.645,59.5,21.6,18.9,12,1.5,65,2.0,4.0,24,ETHUSDT
58,44.83,-0.2679,-14.789,-20.202,-4.135,1.7,34.5,63.8,12,1.5,65,3.0,1.5,6,ETHUSDT
49,38.78,-0.1876,-9.361,-17.649,-2.24,8.2,44.9,46.9,12,1.5,65,3.0,1.5,12,ETHUSDT
48,43.75,0.123,5.066,-11.769,1.172,27.1,52.1,20.8,12,1.5,65,3.0,1.5,24,ETHUSDT
51,47.06,-0.3305,-15.954,-21.294,-4.531,2.0,17.6,80.4,12,1.5,65,3.0,2.5,6,ETHUSDT
43,44.19,-0.2726,-11.787,-20.459,-2.7,11.6,25.6,62.8,12,1.5,65,3.0,2.5,12,ETHUSDT
39,56.41,0.2475,8.953,-15.749,2.022,30.8,33.3,35.9,12,1.5,65,3.0,2.5,24,ETHUSDT
49,48.98,-0.2919,-13.839,-19.312,-3.692,2.0,8.2,89.8,12,1.5,65,3.0,4.0,6,ETHUSDT
39,48.72,-0.2888,-11.469,-20.173,-2.577,12.8,12.8,74.4,12,1.5,65,3.0,4.0,12,ETHUSDT
34,61.76,0.2671,8.044,-13.603,1.828,38.2,23.5,38.2,12,1.5,65,3.0,4.0,24,ETHUSDT
43,55.81,-0.1924,-8.182,-11.923,-3.388,41.9,30.2,27.9,12,1.5,70,1.0,1.5,6,ETHUSDT
40,57.5,-0.1583,-6.403,-10.932,-2.566,57.5,35.0,7.5,12,1.5,70,1.0,1.5,12,ETHUSDT
40,60.0,-0.17,-6.861,-11.368,-2.652,60.0,40.0,0.0,12,1.5,70,1.0,1.5,24,ETHUSDT
38,57.89,-0.2015,-7.662,-11.425,-3.04,47.4,15.8,36.8,12,1.5,70,1.0,2.5,6,ETHUSDT
32,62.5,-0.2973,-9.435,-13.102,-3.7,62.5,25.0,12.5,12,1.5,70,1.0,2.5,12,ETHUSDT
32,71.88,-0.1544,-5.205,-11.271,-1.874,71.9,28.1,0.0,12,1.5,70,1.0,2.5,24,ETHUSDT
35,60.0,-0.1942,-6.925,-10.718,-2.566,48.6,8.6,42.9,12,1.5,70,1.0,4.0,6,ETHUSDT
30,70.0,-0.2045,-6.409,-10.198,-2.198,70.0,13.3,16.7,12,1.5,70,1.0,4.0,12,ETHUSDT
29,86.21,0.1403,3.693,-9.152,1.555,86.2,13.8,0.0,12,1.5,70,1.0,4.0,24,ETHUSDT
41,46.34,-0.2256,-9.133,-14.543,-3.479,29.3,34.1,36.6,12,1.5,70,1.5,1.5,6,ETHUSDT
37,48.65,-0.1225,-4.788,-12.044,-1.66,45.9,40.5,13.5,12,1.5,70,1.5,1.5,12,ETHUSDT
37,54.05,-0.0484,-2.181,-10.498,-0.618,54.1,45.9,0.0,12,1.5,70,1.5,1.5,24,ETHUSDT
35,48.57,-0.1532,-5.513,-11.139,-2.224,31.4,11.4,57.1,12,1.5,70,1.5,2.5,6,ETHUSDT
30,56.67,-0.1292,-4.232,-10.354,-1.437,53.3,23.3,23.3,12,1.5,70,1.5,2.5,12,ETHUSDT
30,70.0,0.1249,3.292,-9.24,1.304,66.7,30.0,3.3,12,1.5,70,1.5,2.5,24,ETHUSDT
34,52.94,-0.0382,-1.629,-7.486,-0.516,35.3,5.9,58.8,12,1.5,70,1.5,4.0,6,ETHUSDT
28,64.29,-0.0359,-1.563,-7.993,-0.343,60.7,14.3,25.0,12,1.5,70,1.5,4.0,12,ETHUSDT
27,81.48,0.4593,12.582,-7.22,4.506,77.8,14.8,7.4,12,1.5,70,1.5,4.0,24,ETHUSDT
41,46.34,-0.1156,-5.01,-12.407,-1.59,24.4,34.1,41.5,12,1.5,70,2.0,1.5,6,ETHUSDT
36,44.44,-0.07,-2.946,-11.953,-0.827,38.9,44.4,16.7,12,1.5,70,2.0,1.5,12,ETHUSDT
36,50.0,0.0366,0.785,-10.428,0.405,47.2,50.0,2.8,12,1.5,70,2.0,1.5,24,ETHUSDT
35,48.57,-0.0431,-1.862,-9.504,-0.566,25.7,11.4,62.9,12,1.5,70,2.0,2.5,6,ETHUSDT
29,51.72,-0.1159,-3.846,-12.983,-1.13,44.8,27.6,27.6,12,1.5,70,2.0,2.5,12,ETHUSDT
29,65.52,0.2019,5.341,-13.432,1.832,58.6,34.5,6.9,12,1.5,70,2.0,2.5,24,ETHUSDT
34,52.94,-0.0176,-0.99,-8.7,-0.221,23.5,5.9,70.6,12,1.5,70,2.0,4.0,6,ETHUSDT
25,60.0,-0.1708,-4.714,-12.756,-1.558,40.0,12.0,48.0,12,1.5,70,2.0,4.0,12,ETHUSDT
24,79.17,0.6603,16.417,-8.745,5.702,70.8,16.7,12.5,12,1.5,70,2.0,4.0,24,ETHUSDT
40,45.0,-0.1648,-6.782,-13.162,-2.15,10.0,35.0,55.0,12,1.5,70,3.0,1.5,6,ETHUSDT
35,40.0,-0.15,-5.611,-11.679,-1.66,14.3,48.6,37.1,12,1.5,70,3.0,1.5,12,ETHUSDT
35,45.71,0.0492,1.036,-8.605,0.471,28.6,54.3,17.1,12,1.5,70,3.0,1.5,24,ETHUSDT
34,47.06,-0.1026,-3.819,-10.401,-1.275,11.8,11.8,76.5,12,1.5,70,3.0,2.5,6,ETHUSDT
28,46.43,-0.3315,-9.415,-14.525,-3.09,14.3,32.1,53.6,12,1.5,70,3.0,2.5,12,ETHUSDT
28,60.71,0.199,4.853,-12.582,1.562,35.7,39.3,25.0,12,1.5,70,3.0,2.5,24,ETHUSDT
34,50.0,-0.0525,-2.195,-8.889,-0.628,11.8,5.9,82.4,12,1.5,70,3.0,4.0,6,ETHUSDT
25,52.0,-0.3181,-8.238,-13.223,-2.715,20.0,12.0,68.0,12,1.5,70,3.0,4.0,12,ETHUSDT
24,75.0,0.571,13.706,-8.287,4.189,37.5,20.8,41.7,12,1.5,70,3.0,4.0,24,ETHUSDT
65,60.0,-0.1191,-7.824,-10.72,-2.05,49.2,30.8,20.0,12,2.5,55,1.0,1.5,6,ETHUSDT
61,60.66,-0.1194,-7.416,-10.427,-1.951,57.4,34.4,8.2,12,2.5,55,1.0,1.5,12,ETHUSDT
61,60.66,-0.1536,-9.367,-12.315,-2.403,60.7,39.3,0.0,12,2.5,55,1.0,1.5,24,ETHUSDT
56,55.36,-0.2994,-15.885,-17.851,-4.269,46.4,19.6,33.9,12,2.5,55,1.0,2.5,6,ETHUSDT
50,62.0,-0.3437,-16.322,-19.113,-4.253,58.0,28.0,14.0,12,2.5,55,1.0,2.5,12,ETHUSDT
50,70.0,-0.2319,-11.534,-16.826,-2.772,68.0,30.0,2.0,12,2.5,55,1.0,2.5,24,ETHUSDT
52,57.69,-0.2838,-14.256,-16.261,-3.595,46.2,9.6,44.2,12,2.5,55,1.0,4.0,6,ETHUSDT
45,68.89,-0.2656,-11.955,-14.892,-2.788,64.4,15.6,20.0,12,2.5,55,1.0,4.0,12,ETHUSDT
44,79.55,-0.1352,-6.536,-13.14,-1.363,77.3,15.9,6.8,12,2.5,55,1.0,4.0,24,ETHUSDT
60,48.33,-0.2203,-12.791,-16.619,-3.427,23.3,35.0,41.7,12,2.5,55,1.5,1.5,6,ETHUSDT
54,46.3,-0.2374,-12.511,-17.015,-3.247,40.7,44.4,14.8,12,2.5,55,1.5,1.5,12,ETHUSDT
53,49.06,-0.1983,-10.523,-15.938,-2.526,49.1,50.9,0.0,12,2.5,55,1.5,1.5,24,ETHUSDT
52,46.15,-0.3378,-16.592,-19.742,-4.481,25.0,19.2,55.8,12,2.5,55,1.5,2.5,6,ETHUSDT
45,51.11,-0.3425,-14.87,-19.447,-3.84,44.4,26.7,28.9,12,2.5,55,1.5,2.5,12,ETHUSDT
43,60.47,-0.2972,-12.723,-19.86,-2.945,53.5,39.5,7.0,12,2.5,55,1.5,2.5,24,ETHUSDT
48,50.0,-0.2455,-11.638,-14.975,-3.065,25.0,8.3,66.7,12,2.5,55,1.5,4.0,6,ETHUSDT
38,55.26,-0.4336,-15.93,-20.451,-3.986,47.4,18.4,34.2,12,2.5,55,1.5,4.0,12,ETHUSDT
36,63.89,-0.3668,-13.271,-20.363,-2.99,58.3,22.2,19.4,12,2.5,55,1.5,4.0,24,ETHUSDT
59,47.46,-0.1571,-9.348,-14.597,-2.231,18.6,35.6,45.8,12,2.5,55,2.0,1.5,6,ETHUSDT
53,45.28,-0.1009,-5.848,-12.247,-1.21,35.8,45.3,18.9,12,2.5,55,2.0,1.5,12,ETHUSDT
52,48.08,0.0127,-0.134,-11.81,0.139,48.1,51.9,0.0,12,2.5,55,2.0,1.5,24,ETHUSDT
52,44.23,-0.2618,-13.292,-17.79,-3.217,21.2,19.2,59.6,12,2.5,55,2.0,2.5,6,ETHUSDT
44,50.0,-0.2032,-9.284,-14.833,-2.05,38.6,27.3,34.1,12,2.5,55,2.0,2.5,12,ETHUSDT
42,57.14,-0.1362,-6.477,-16.624,-1.213,50.0,40.5,9.5,12,2.5,55,2.0,2.5,24,ETHUSDT
48,50.0,-0.1737,-8.582,-13.324,-2.063,18.8,8.3,72.9,12,2.5,55,2.0,4.0,6,ETHUSDT
37,54.05,-0.3246,-12.083,-17.461,-2.923,35.1,16.2,48.6,12,2.5,55,2.0,4.0,12,ETHUSDT
35,60.0,-0.2041,-7.974,-17.959,-1.527,54.3,22.9,22.9,12,2.5,55,2.0,4.0,24,ETHUSDT
55,47.27,-0.2735,-14.398,-20.373,-3.955,3.6,38.2,58.2,12,2.5,55,3.0,1.5,6,ETHUSDT
46,41.3,-0.1737,-8.289,-13.191,-1.964,10.9,47.8,41.3,12,2.5,55,3.0,1.5,12,ETHUSDT
44,40.91,-0.0634,-3.598,-12.108,-0.606,25.0,59.1,15.9,12,2.5,55,3.0,1.5,24,ETHUSDT
49,44.9,-0.3706,-17.123,-22.413,-4.586,4.1,20.4,75.5,12,2.5,55,3.0,2.5,6,ETHUSDT
39,46.15,-0.3411,-13.163,-17.156,-3.25,12.8,30.8,56.4,12,2.5,55,3.0,2.5,12,ETHUSDT
36,50.0,-0.1722,-7.02,-17.697,-1.347,27.8,44.4,27.8,12,2.5,55,3.0,2.5,24,ETHUSDT
46,47.83,-0.3133,-13.947,-19.44,-3.774,4.3,8.7,87.0,12,2.5,55,3.0,4.0,6,ETHUSDT
33,48.48,-0.4302,-13.952,-17.194,-3.756,15.2,15.2,69.7,12,2.5,55,3.0,4.0,12,ETHUSDT
30,53.33,-0.2728,-8.975,-17.063,-1.846,30.0,26.7,43.3,12,2.5,55,3.0,4.0,24,ETHUSDT
64,60.94,-0.0709,-4.798,-7.789,-1.251,50.0,28.1,21.9,12,2.5,60,1.0,1.5,6,ETHUSDT
60,63.33,-0.0519,-3.45,-7.101,-0.863,60.0,31.7,8.3,12,2.5,60,1.0,1.5,12,ETHUSDT
60,63.33,-0.0867,-5.484,-9.058,-1.374,63.3,36.7,0.0,12,2.5,60,1.0,1.5,24,ETHUSDT
56,57.14,-0.2221,-12.135,-14.189,-3.251,48.2,17.9,33.9,12,2.5,60,1.0,2.5,6,ETHUSDT
50,66.0,-0.2533,-12.426,-15.347,-3.175,62.0,26.0,12.0,12,2.5,60,1.0,2.5,12,ETHUSDT
50,72.0,-0.15,-7.81,-13.835,-1.824,72.0,28.0,0.0,12,2.5,60,1.0,2.5,24,ETHUSDT
54,61.11,-0.1833,-9.983,-12.087,-2.355,50.0,9.3,40.7,12,2.5,60,1.0,4.0,6,ETHUSDT
46,73.91,-0.1109,-5.636,-10.675,-1.231,69.6,13.0,17.4,12,2.5,60,1.0,4.0,12,ETHUSDT
45,82.22,0.0106,-0.256,-8.166,0.113,82.2,13.3,4.4,12,2.5,60,1.0,4.0,24,ETHUSDT
57,47.37,-0.2098,-11.653,-15.531,-3.319,22.8,33.3,43.9,12,2.5,60,1.5,1.5,6,ETHUSDT
52,50.0,-0.1553,-8.235,-12.959,-2.123,42.3,42.3,15.4,12,2.5,60,1.5,1.5,12,ETHUSDT
51,50.98,-0.1406,-7.458,-13.663,-1.791,51.0,49.0,0.0,12,2.5,60,1.5,1.5,24,ETHUSDT
51,47.06,-0.2759,-13.591,-16.854,-3.73,25.5,17.6,56.9,12,2.5,60,1.5,2.5,6,ETHUSDT
44,54.55,-0.269,-11.739,-16.485,-3.035,45.5,25.0,29.5,12,2.5,60,1.5,2.5,12,ETHUSDT
42,61.9,-0.2147,-9.35,-16.763,-2.126,57.1,38.1,4.8,12,2.5,60,1.5,2.5,24,ETHUSDT
49,51.02,-0.2416,-11.768,-15.1,-2.822,28.6,10.2,61.2,12,2.5,60,1.5,4.0,6,ETHUSDT
38,55.26,-0.4336,-15.93,-20.451,-3.986,47.4,18.4,34.2,12,2.5,60,1.5,4.0,12,ETHUSDT
36,63.89,-0.3668,-13.271,-20.363,-2.99,58.3,22.2,19.4,12,2.5,60,1.5,4.0,24,ETHUSDT
56,46.43,-0.152,-8.616,-13.908,-2.198,17.9,33.9,48.2,12,2.5,60,2.0,1.5,6,ETHUSDT
51,49.02,-0.0119,-1.246,-9.495,-0.142,37.3,43.1,19.6,12,2.5,60,2.0,1.5,12,ETHUSDT
50,50.0,0.08,3.287,-10.312,0.873,50.0,50.0,0.0,12,2.5,60,2.0,1.5,24,ETHUSDT
51,45.1,-0.1984,-10.172,-14.831,-2.479,21.6,17.6,60.8,12,2.5,60,2.0,2.5,6,ETHUSDT
43,53.49,-0.1247,-5.948,-11.702,-1.266,39.5,25.6,34.9,12,2.5,60,2.0,2.5,12,ETHUSDT
41,58.54,-0.0355,-2.384,-12.975,-0.315,53.7,39.0,7.3,12,2.5,60,2.0,2.5,24,ETHUSDT
48,50.0,-0.192,-9.47,-14.166,-2.132,20.8,10.4,68.8,12,2.5,60,2.0,4.0,6,ETHUSDT
36,52.78,-0.3845,-13.663,-18.945,-3.465,33.3,16.7,50.0,12,2.5,60,2.0,4.0,12,ETHUSDT
34,58.82,-0.2639,-9.628,-19.433,-1.965,52.9,23.5,23.5,12,2.5,60,2.0,4.0,24,ETHUSDT
53,47.17,-0.2827,-14.322,-20.302,-4.132,3.8,37.7,58.5,12,2.5,60,3.0,1.5,6,ETHUSDT
45,42.22,-0.1405,-6.732,-11.716,-1.585,11.1,46.7,42.2,12,2.5,60,3.0,1.5,12,ETHUSDT
43,41.86,-0.0261,-1.961,-11.126,-0.248,25.6,58.1,16.3,12,2.5,60,3.0,1.5,24,ETHUSDT
48,45.83,-0.3227,-14.85,-20.285,-4.047,4.2,18.8,77.1,12,2.5,60,3.0,2.5,6,ETHUSDT
38,47.37,-0.2798,-10.781,-14.883,-2.679,13.2,28.9,57.9,12,2.5,60,3.0,2.5,12,ETHUSDT
35,51.43,-0.1008,-4.469,-15.653,-0.789,28.6,42.9,28.6,12,2.5,60,3.0,2.5,24,ETHUSDT
46,47.83,-0.3302,-14.694,-20.139,-3.697,4.3,10.9,84.8,12,2.5,60,3.0,4.0,6,ETHUSDT
33,48.48,-0.4763,-15.226,-18.419,-4.263,12.1,15.2,72.7,12,2.5,60,3.0,4.0,12,ETHUSDT
30,53.33,-0.2728,-8.975,-17.063,-1.846,30.0,26.7,43.3,12,2.5,60,3.0,4.0,24,ETHUSDT
50,56.0,-0.2223,-10.825,-14.436,-3.706,46.0,36.0,18.0,12,2.5,65,1.0,1.5,6,ETHUSDT
45,51.11,-0.3286,-14.05,-16.155,-5.231,48.9,42.2,8.9,12,2.5,65,1.0,1.5,12,ETHUSDT
46,52.17,-0.3657,-15.813,-18.551,-5.594,52.2,47.8,0.0,12,2.5,65,1.0,1.5,24,ETHUSDT
42,54.76,-0.331,-13.351,-16.408,-4.58,47.6,21.4,31.0,12,2.5,65,1.0,2.5,6,ETHUSDT
36,58.33,-0.4586,-15.638,-17.775,-5.545,55.6,30.6,13.9,12,2.5,65,1.0,2.5,12,ETHUSDT
37,67.57,-0.3051,-11.14,-16.136,-3.558,67.6,32.4,0.0,12,2.5,65,1.0,2.5,24,ETHUSDT
40,57.5,-0.3715,-14.31,-17.333,-4.307,47.5,12.5,40.0,12,2.5,65,1.0,4.0,6,ETHUSDT
32,65.62,-0.4466,-13.882,-16.064,-4.378,62.5,18.8,18.8,12,2.5,65,1.0,4.0,12,ETHUSDT
33,78.79,-0.185,-6.543,-11.797,-1.793,78.8,18.2,3.0,12,2.5,65,1.0,4.0,24,ETHUSDT
47,44.68,-0.3551,-15.71,-19.994,-5.409,21.3,42.6,36.2,12,2.5,65,1.5,1.5,6,ETHUSDT
41,39.02,-0.4347,-16.682,-19.919,-6.033,34.1,51.2,14.6,12,2.5,65,1.5,1.5,12,ETHUSDT
41,41.46,-0.4261,-16.437,-21.495,-5.508,41.5,58.5,0.0,12,2.5,65,1.5,1.5,24,ETHUSDT
40,45.0,-0.4162,-15.705,-19.736,-5.628,20.0,20.0,60.0,12,2.5,65,1.5,2.5,6,ETHUSDT
34,50.0,-0.402,-13.252,-16.825,-4.412,44.1,29.4,26.5,12,2.5,65,1.5,2.5,12,ETHUSDT
33,60.61,-0.2723,-9.176,-16.604,-2.686,54.5,39.4,6.1,12,2.5,65,1.5,2.5,24,ETHUSDT
38,47.37,-0.3784,-13.846,-17.966,-4.515,21.1,10.5,68.4,12,2.5,65,1.5,4.0,6,ETHUSDT
30,53.33,-0.4922,-14.352,-17.88,-4.428,46.7,20.0,33.3,12,2.5,65,1.5,4.0,12,ETHUSDT
29,65.52,-0.3144,-9.471,-16.874,-2.554,58.6,24.1,17.2,12,2.5,65,1.5,4.0,24,ETHUSDT
47,44.68,-0.2755,-12.55,-18.212,-3.841,17.0,42.6,40.4,12,2.5,65,2.0,1.5,6,ETHUSDT
41,39.02,-0.2783,-11.253,-15.952,-3.361,31.7,51.2,17.1,12,2.5,65,2.0,1.5,12,ETHUSDT
41,41.46,-0.2188,-9.144,-17.127,-2.424,41.5,58.5,0.0,12,2.5,65,2.0,1.5,24,ETHUSDT
40,45.0,-0.3306,-12.816,-18.201,-4.137,17.5,20.0,62.5,12,2.5,65,2.0,2.5,6,ETHUSDT
34,47.06,-0.2868,-9.875,-14.78,-2.85,38.2,29.4,32.4,12,2.5,65,2.0,2.5,12,ETHUSDT
33,54.55,-0.215,-7.578,-17.606,-1.9,48.5,42.4,9.1,12,2.5,65,2.0,2.5,24,ETHUSDT
38,47.37,-0.3186,-11.891,-17.334,-3.657,15.8,10.5,73.7,12,2.5,65,2.0,4.0,6,ETHUSDT
29,48.28,-0.4891,-13.823,-18.512,-4.425,31.0,17.2,51.7,12,2.5,65,2.0,4.0,12,ETHUSDT
28,57.14,-0.3455,-10.086,-19.841,-2.567,50.0,25.0,25.0,12,2.5,65,2.0,4.0,24,ETHUSDT
46,45.65,-0.3302,-14.48,-21.026,-4.629,4.3,43.5,52.2,12,2.5,65,3.0,1.5,6,ETHUSDT
39,35.9,-0.32,-12.215,-16.309,-3.708,10.3,51.3,38.5,12,2.5,65,3.0,1.5,12,ETHUSDT
38,36.84,-0.1626,-6.717,-14.951,-1.541,26.3,63.2,10.5,12,2.5,65,3.0,1.5,24,ETHUSDT
39,46.15,-0.3998,-14.85,-21.118,-5.044,5.1,20.5,74.4,12,2.5,65,3.0,2.5,6,ETHUSDT
32,43.75,-0.4143,-12.988,-16.391,-4.005,12.5,31.2,56.2,12,2.5,65,3.0,2.5,12,ETHUSDT
30,50.0,-0.0696,-2.98,-16.626,-0.532,33.3,43.3,23.3,12,2.5,65,3.0,2.5,24,ETHUSDT
37,48.65,-0.3787,-13.552,-19.915,-4.34,5.4,10.8,83.8,12,2.5,65,3.0,4.0,6,ETHUSDT
27,44.44,-0.5674,-14.767,-17.388,-5.112,14.8,14.8,70.4,12,2.5,65,3.0,4.0,12,ETHUSDT
25,52.0,-0.2409,-6.856,-18.552,-1.58,36.0,28.0,36.0,12,2.5,65,3.0,4.0,24,ETHUSDT
39,53.85,-0.2332,-8.926,-11.301,-4.004,43.6,33.3,23.1,12,2.5,70,1.0,1.5,6,ETHUSDT
36,55.56,-0.1987,-7.145,-9.922,-3.211,55.6,36.1,8.3,12,2.5,70,1.0,1.5,12,ETHUSDT
36,58.33,-0.2117,-7.599,-11.34,-3.281,58.3,41.7,0.0,12,2.5,70,1.0,1.5,24,ETHUSDT
32,53.12,-0.3168,-9.912,-12.261,-4.573,46.9,18.8,34.4,12,2.5,70,1.0,2.5,6,ETHUSDT
29,62.07,-0.3107,-8.951,-11.673,-3.837,62.1,27.6,10.3,12,2.5,70,1.0,2.5,12,ETHUSDT
29,68.97,-0.2562,-7.527,-11.271,-3.023,69.0,31.0,0.0,12,2.5,70,1.0,2.5,24,ETHUSDT
30,56.67,-0.2785,-8.352,-10.742,-3.5,50.0,10.0,40.0,12,2.5,70,1.0,4.0,6,ETHUSDT
26,69.23,-0.2485,-6.683,-9.474,-2.586,69.2,15.4,15.4,12,2.5,70,1.0,4.0,12,ETHUSDT
26,84.62,0.0608,1.153,-9.152,0.644,84.6,15.4,0.0,12,2.5,70,1.0,4.0,24,ETHUSDT
37,43.24,-0.2857,-10.313,-13.938,-4.318,29.7,37.8,32.4,12,2.5,70,1.5,1.5,6,ETHUSDT
33,45.45,-0.2077,-6.934,-10.744,-2.836,42.4,42.4,15.2,12,2.5,70,1.5,1.5,12,ETHUSDT
33,51.52,-0.1245,-4.386,-10.498,-1.587,51.5,48.5,0.0,12,2.5,70,1.5,1.5,24,ETHUSDT
30,43.33,-0.2671,-7.965,-11.685,-3.782,30.0,13.3,56.7,12,2.5,70,1.5,2.5,6,ETHUSDT
27,55.56,-0.1619,-4.667,-9.991,-1.797,51.9,25.9,22.2,12,2.5,70,1.5,2.5,12,ETHUSDT
27,66.67,-0.009,-0.722,-9.24,-0.091,63.0,33.3,3.7,12,2.5,70,1.5,2.5,24,ETHUSDT
29,48.28,-0.133,-4.09,-7.967,-1.73,34.5,6.9,58.6,12,2.5,70,1.5,4.0,6,ETHUSDT
24,62.5,-0.118,-3.297,-7.993,-1.095,58.3,16.7,25.0,12,2.5,70,1.5,4.0,12,ETHUSDT
24,79.17,0.3504,8.207,-7.22,3.282,75.0,16.7,8.3,12,2.5,70,1.5,4.0,24,ETHUSDT
37,43.24,-0.1774,-6.704,-11.788,-2.396,24.3,37.8,37.8,12,2.5,70,2.0,1.5,6,ETHUSDT
32,40.62,-0.162,-5.451,-11.142,-1.917,37.5,46.9,15.6,12,2.5,70,2.0,1.5,12,ETHUSDT
32,46.88,-0.0294,-1.418,-10.428,-0.321,46.9,53.1,0.0,12,2.5,70,2.0,1.5,24,ETHUSDT
30,43.33,-0.144,-4.558,-9.758,-1.826,26.7,13.3,60.0,12,2.5,70,2.0,2.5,6,ETHUSDT
26,50.0,-0.1424,-4.134,-12.983,-1.369,46.2,30.8,23.1,12,2.5,70,2.0,2.5,12,ETHUSDT
26,61.54,0.0741,1.318,-13.432,0.652,57.7,38.5,3.8,12,2.5,70,2.0,2.5,24,ETHUSDT
29,48.28,-0.1176,-3.709,-8.956,-1.42,24.1,6.9,69.0,12,2.5,70,2.0,4.0,6,ETHUSDT
21,57.14,-0.3068,-6.707,-12.756,-2.733,38.1,14.3,47.6,12,2.5,70,2.0,4.0,12,ETHUSDT
21,76.19,0.5676,11.971,-8.745,4.646,71.4,19.0,9.5,12,2.5,70,2.0,4.0,24,ETHUSDT
36,44.44,-0.1697,-6.327,-12.548,-2.117,11.1,38.9,50.0,12,2.5,70,3.0,1.5,6,ETHUSDT
31,38.71,-0.1702,-5.613,-11.679,-1.811,16.1,51.6,32.3,12,2.5,70,3.0,1.5,12,ETHUSDT
31,41.94,0.0649,1.348,-8.605,0.593,32.3,58.1,9.7,12,2.5,70,3.0,1.5,24,ETHUSDT
29,44.83,-0.1379,-4.296,-10.652,-1.607,13.8,13.8,72.4,12,2.5,70,3.0,2.5,6,ETHUSDT
25,48.0,-0.2711,-7.114,-14.525,-2.379,20.0,36.0,44.0,12,2.5,70,3.0,2.5,12,ETHUSDT
25,56.0,0.1677,3.42,-12.582,1.246,40.0,44.0,16.0,12,2.5,70,3.0,2.5,24,ETHUSDT
29,48.28,-0.0791,-2.68,-9.144,-0.887,13.8,6.9,79.3,12,2.5,70,3.0,4.0,6,ETHUSDT
21,52.38,-0.3564,-7.779,-13.223,-2.862,23.8,14.3,61.9,12,2.5,70,3.0,4.0,12,ETHUSDT
21,71.43,0.5867,12.152,-8.287,4.032,42.9,23.8,33.3,12,2.5,70,3.0,4.0,24,ETHUSDT
119,55.46,-0.2004,-21.83,-25.612,-3.402,47.1,32.8,20.2,4,1.0,55,1.0,1.5,6,LINKUSDT
113,57.52,-0.2177,-22.47,-24.992,-3.447,54.0,39.8,6.2,4,1.0,55,1.0,1.5,12,LINKUSDT
111,59.46,-0.1876,-19.491,-22.751,-2.926,58.6,40.5,0.9,4,1.0,55,1.0,1.5,24,LINKUSDT
107,57.94,-0.2603,-25.08,-29.012,-3.691,48.6,17.8,33.6,4,1.0,55,1.0,2.5,6,LINKUSDT
99,63.64,-0.2943,-26.173,-29.783,-3.697,59.6,25.3,15.2,4,1.0,55,1.0,2.5,12,LINKUSDT
94,68.09,-0.2403,-21.184,-24.997,-2.906,67.0,28.7,4.3,4,1.0,55,1.0,2.5,24,LINKUSDT
98,57.14,-0.3345,-28.847,-32.021,-4.121,48.0,8.2,43.9,4,1.0,55,1.0,4.0,6,LINKUSDT
85,65.88,-0.3652,-27.756,-33.156,-3.865,60.0,12.9,27.1,4,1.0,55,1.0,4.0,12,LINKUSDT
75,66.67,-0.4888,-31.853,-35.15,-4.578,65.3,20.0,14.7,4,1.0,55,1.0,4.0,24,LINKUSDT
110,50.0,-0.1783,-18.541,-23.234,-2.697,30.0,34.5,35.5,4,1.0,55,1.5,1.5,6,LINKUSDT
105,53.33,-0.1223,-13.013,-17.98,-1.62,46.7,44.8,8.6,4,1.0,55,1.5,1.5,12,LINKUSDT
101,52.48,-0.1144,-11.905,-18.323,-1.47,50.5,47.5,2.0,4,1.0,55,1.5,1.5,24,LINKUSDT
101,51.49,-0.2939,-26.55,-31.915,-3.772,28.7,19.8,51.5,4,1.0,55,1.5,2.5,6,LINKUSDT
92,57.61,-0.273,-23.388,-29.266,-2.906,51.1,30.4,18.5,4,1.0,55,1.5,2.5,12,LINKUSDT
84,58.33,-0.2735,-21.735,-27.795,-2.777,53.6,35.7,10.7,4,1.0,55,1.5,2.5,24,LINKUSDT
94,51.06,-0.3435,-28.577,-33.623,-3.968,27.7,8.5,63.8,4,1.0,55,1.5,4.0,6,LINKUSDT
79,60.76,-0.334,-24.474,-32.166,-3.165,48.1,13.9,38.0,4,1.0,55,1.5,4.0,12,LINKUSDT
68,61.76,-0.4494,-27.763,-33.357,-3.677,55.9,23.5,20.6,4,1.0,55,1.5,4.0,24,LINKUSDT
105,44.76,-0.1813,-18.189,-24.79,-2.481,21.9,37.1,41.0,4,1.0,55,2.0,1.5,6,LINKUSDT
99,49.49,-0.0692,-7.847,-16.024,-0.809,37.4,48.5,14.1,4,1.0,55,2.0,1.5,12,LINKUSDT
94,46.81,-0.07,-7.641,-17.27,-0.783,43.6,52.1,4.3,4,1.0,55,2.0,1.5,24,LINKUSDT
94,45.74,-0.3496,-28.882,-33.318,-4.26,18.1,20.2,61.7,4,1.0,55,2.0,2.5,6,LINKUSDT
85,50.59,-0.3121,-24.543,-30.137,-3.091,36.5,31.8,31.8,4,1.0,55,2.0,2.5,12,LINKUSDT
74,51.35,-0.2898,-20.665,-28.484,-2.611,45.9,40.5,13.5,4,1.0,55,2.0,2.5,24,LINKUSDT
89,44.94,-0.4625,-34.724,-38.613,-5.025,15.7,10.1,74.2,4,1.0,55,2.0,4.0,6,LINKUSDT
74,55.41,-0.3738,-25.602,-33.629,-3.211,37.8,16.2,45.9,4,1.0,55,2.0,4.0,12,LINKUSDT
62,53.23,-0.6214,-33.458,-39.461,-4.62,43.5,27.4,29.0,4,1.0,55,2.0,4.0,24,LINKUSDT
103,41.75,-0.2601,-24.356,-31.011,-3.42,7.8,39.8,52.4,4,1.0,55,3.0,1.5,6,LINKUSDT
93,46.24,-0.052,-6.194,-17.309,-0.543,17.2,51.6,31.2,4,1.0,55,3.0,1.5,12,LINKUSDT
84,40.48,-0.0937,-9.074,-22.51,-0.903,26.2,57.1,16.7,4,1.0,55,3.0,1.5,24,LINKUSDT
93,44.09,-0.4517,-35.097,-39.074,-5.57,4.3,21.5,74.2,4,1.0,55,3.0,2.5,6,LINKUSDT
83,46.99,-0.3344,-25.638,-31.466,-3.059,16.9,33.7,49.4,4,1.0,55,3.0,2.5,12,LINKUSDT
69,44.93,-0.2658,-18.488,-27.58,-2.073,31.9,44.9,23.2,4,1.0,55,3.0,2.5,24,LINKUSDT
88,44.32,-0.4863,-35.8,-39.773,-5.225,4.5,10.2,85.2,4,1.0,55,3.0,4.0,6,LINKUSDT
72,54.17,-0.307,-21.523,-29.627,-2.442,19.4,16.7,63.9,4,1.0,55,3.0,4.0,12,LINKUSDT
57,49.12,-0.5126,-27.206,-34.895,-3.355,33.3,29.8,36.8,4,1.0,55,3.0,4.0,24,LINKUSDT
92,52.17,-0.2173,-18.634,-20.627,-3.617,50.0,34.8,15.2,4,1.0,60,1.0,1.5,6,LINKUSDT
88,57.95,-0.202,-16.842,-17.526,-3.186,56.8,39.8,3.4,4,1.0,60,1.0,1.5,12,LINKUSDT
87,59.77,-0.1757,-14.753,-16.151,-2.739,59.8,40.2,0.0,4,1.0,60,1.0,1.5,24,LINKUSDT
82,54.88,-0.254,-19.437,-21.898,-3.597,51.2,18.3,30.5,4,1.0,60,1.0,2.5,6,LINKUSDT
78,62.82,-0.2649,-19.427,-23.176,-3.331,61.5,25.6,12.8,4,1.0,60,1.0,2.5,12,LINKUSDT
75,69.33,-0.2235,-16.261,-18.311,-2.681,69.3,29.3,1.3,4,1.0,60,1.0,2.5,24,LINKUSDT
75,54.67,-0.2861,-20.023,-21.673,-3.663,49.3,8.0,42.7,4,1.0,60,1.0,4.0,6,LINKUSDT
67,65.67,-0.2736,-17.648,-21.892,-2.97,62.7,11.9,25.4,4,1.0,60,1.0,4.0,12,LINKUSDT
61,68.85,-0.3711,-21.239,-23.168,-3.623,68.9,16.4,14.8,4,1.0,60,1.0,4.0,24,LINKUSDT
86,44.19,-0.1847,-15.328,-17.536,-2.698,34.9,37.2,27.9,4,1.0,60,1.5,1.5,6,LINKUSDT
82,52.44,-0.0888,-7.825,-10.689,-1.173,48.8,43.9,7.3,4,1.0,60,1.5,1.5,12,LINKUSDT
79,53.16,-0.0574,-5.269,-9.543,-0.738,53.2,45.6,1.3,4,1.0,60,1.5,1.5,24,LINKUSDT
79,46.84,-0.2518,-18.799,-22.674,-3.184,34.2,20.3,45.6,4,1.0,60,1.5,2.5,6,LINKUSDT
73,56.16,-0.2298,-16.435,-20.302,-2.474,50.7,30.1,19.2,4,1.0,60,1.5,2.5,12,LINKUSDT
67,58.21,-0.2245,-15.011,-18.812,-2.275,56.7,35.8,7.5,4,1.0,60,1.5,2.5,24,LINKUSDT
72,45.83,-0.3256,-21.74,-24.483,-3.711,31.9,9.7,58.3,4,1.0,60,1.5,4.0,6,LINKUSDT
62,58.06,-0.3206,-19.111,-23.406,-3.021,46.8,14.5,38.7,4,1.0,60,1.5,4.0,12,LINKUSDT
55,60.0,-0.3742,-19.823,-23.04,-3.118,58.2,21.8,20.0,4,1.0,60,1.5,4.0,24,LINKUSDT
83,40.96,-0.1716,-14.002,-18.219,-2.314,21.7,38.6,39.8,4,1.0,60,2.0,1.5,6,LINKUSDT
78,48.72,-0.018,-2.423,-11.3,-0.21,41.0,46.2,12.8,4,1.0,60,2.0,1.5,12,LINKUSDT
73,46.58,-0.0126,-1.979,-10.971,-0.14,45.2,50.7,4.1,4,1.0,60,2.0,1.5,24,LINKUSDT
74,41.89,-0.3213,-21.909,-24.035,-3.919,17.6,20.3,62.2,4,1.0,60,2.0,2.5,6,LINKUSDT
67,47.76,-0.265,-17.327,-19.589,-2.631,38.8,31.3,29.9,4,1.0,60,2.0,2.5,12,LINKUSDT
60,48.33,-0.317,-18.471,-21.744,-2.846,46.7,41.7,11.7,4,1.0,60,2.0,2.5,24,LINKUSDT
69,40.58,-0.433,-26.715,-27.694,-4.595,17.4,11.6,71.0,4,1.0,60,2.0,4.0,6,LINKUSDT
58,50.0,-0.41,-22.383,-25.949,-3.464,39.7,17.2,43.1,4,1.0,60,2.0,4.0,12,LINKUSDT
51,49.02,-0.5445,-25.573,-28.501,-4.076,47.1,25.5,27.5,4,1.0,60,2.0,4.0,24,LINKUSDT
81,37.04,-0.27,-20.373,-24.16,-3.497,7.4,42.0,50.6,4,1.0,60,3.0,1.5,6,LINKUSDT
72,43.06,-0.0563,-5.13,-12.351,-0.584,16.7,51.4,31.9,4,1.0,60,3.0,1.5,12,LINKUSDT
66,39.39,0.0102,-0.723,-16.533,0.094,28.8,57.6,13.6,4,1.0,60,3.0,1.5,24,LINKUSDT
73,39.73,-0.4356,-27.933,-29.955,-5.353,4.1,21.9,74.0,4,1.0,60,3.0,2.5,6,LINKUSDT
64,43.75,-0.3362,-20.454,-22.774,-3.159,14.1,32.8,53.1,4,1.0,60,3.0,2.5,12,LINKUSDT
56,41.07,-0.328,-18.204,-25.689,-2.549,32.1,46.4,21.4,4,1.0,60,3.0,2.5,24,LINKUSDT
68,39.71,-0.5135,-30.29,-31.221,-5.57,2.9,11.8,85.3,4,1.0,60,3.0,4.0,6,LINKUSDT
56,48.21,-0.3569,-19.453,-23.914,-2.861,14.3,17.9,67.9,4,1.0,60,3.0,4.0,12,LINKUSDT
48,43.75,-0.4336,-20.491,-24.807,-2.834,35.4,27.1,37.5,4,1.0,60,3.0,4.0,24,LINKUSDT
71,50.7,-0.2478,-16.534,-18.377,-4.182,45.1,35.2,19.7,4,1.0,65,1.0,1.5,6,LINKUSDT
70,61.43,-0.1442,-10.062,-12.265,-2.306,58.6,37.1,4.3,4,1.0,65,1.0,1.5,12,LINKUSDT
69,59.42,-0.1845,-12.423,-13.859,-2.871,59.4,40.6,0.0,4,1.0,65,1.0,1.5,24,LINKUSDT
60,61.67,-0.0012,-0.491,-7.889,-0.02,55.0,11.7,33.3,4,1.0,65,1.0,2.5,6,LINKUSDT
58,68.97,-0.0639,-4.211,-9.267,-0.859,67.2,20.7,12.1,4,1.0,65,1.0,2.5,12,LINKUSDT
55,72.73,-0.0975,-5.837,-10.118,-1.22,72.7,25.5,1.8,4,1.0,65,1.0,2.5,24,LINKUSDT
59,62.71,-0.0904,-5.764,-10.41,-1.223,54.2,6.8,39.0,4,1.0,65,1.0,4.0,6,LINKUSDT
51,66.67,-0.1852,-9.657,-13.362,-2.157,64.7,9.8,25.5,4,1.0,65,1.0,4.0,12,LINKUSDT
46,73.91,-0.2052,-9.768,-11.978,-2.087,73.9,15.2,10.9,4,1.0,65,1.0,4.0,24,LINKUSDT
68,47.06,-0.1669,-11.224,-14.039,-2.521,29.4,35.3,35.3,4,1.0,65,1.5,1.5,6,LINKUSDT
67,59.7,0.0239,0.944,-6.822,0.325,49.3,38.8,11.9,4,1.0,65,1.5,1.5,12,LINKUSDT
66,54.55,-0.0336,-2.915,-9.426,-0.43,54.5,45.5,0.0,4,1.0,65,1.5,1.5,24,LINKUSDT
58,55.17,0.0518,2.528,-7.798,0.75,34.5,12.1,53.4,4,1.0,65,1.5,2.5,6,LINKUSDT
55,67.27,0.1091,5.401,-10.683,1.278,56.4,21.8,21.8,4,1.0,65,1.5,2.5,12,LINKUSDT
52,65.38,0.0084,-0.446,-12.071,0.088,63.5,30.8,5.8,4,1.0,65,1.5,2.5,24,LINKUSDT
57,56.14,-0.0295,-2.347,-8.961,-0.364,35.1,7.0,57.9,4,1.0,65,1.5,4.0,6,LINKUSDT
49,65.31,-0.0215,-1.858,-12.166,-0.226,51.0,10.2,38.8,4,1.0,65,1.5,4.0,12,LINKUSDT
43,65.12,-0.101,-5.155,-14.993,-0.928,60.5,14.0,25.6,4,1.0,65,1.5,4.0,24,LINKUSDT
66,40.91,-0.2256,-14.41,-17.656,-3.072,19.7,40.9,39.4,4,1.0,65,2.0,1.5,6,LINKUSDT
65,53.85,0.0536,2.643,-7.941,0.625,41.5,44.6,13.8,4,1.0,65,2.0,1.5,12,LINKUSDT
64,48.44,0.018,0.183,-10.08,0.198,46.9,51.6,1.6,4,1.0,65,2.0,1.5,24,LINKUSDT
55,49.09,-0.0634,-3.973,-9.648,-0.844,18.2,12.7,69.1,4,1.0,65,2.0,2.5,6,LINKUSDT
52,57.69,0.0142,-0.208,-10.243,0.142,44.2,26.9,28.8,4,1.0,65,2.0,2.5,12,LINKUSDT
49,57.14,-0.0562,-3.824,-11.799,-0.497,53.1,38.8,8.2,4,1.0,65,2.0,2.5,24,LINKUSDT
55,50.91,-0.1438,-8.299,-12.206,-1.675,18.2,7.3,74.5,4,1.0,65,2.0,4.0,6,LINKUSDT
46,54.35,-0.2276,-10.859,-16.386,-2.085,37.0,13.0,50.0,4,1.0,65,2.0,4.0,12,LINKUSDT
41,58.54,-0.1879,-8.573,-14.574,-1.464,51.2,19.5,29.3,4,1.0,65,2.0,4.0,24,LINKUSDT
65,40.0,-0.286,-17.52,-22.184,-3.89,6.2,41.5,52.3,4,1.0,65,3.0,1.5,6,LINKUSDT
62,51.61,0.1458,8.329,-6.463,1.522,16.1,45.2,38.7,4,1.0,65,3.0,1.5,12,LINKUSDT
58,39.66,0.0381,0.961,-10.118,0.349,31.0,56.9,12.1,4,1.0,65,3.0,1.5,24,LINKUSDT
54,48.15,-0.1628,-8.899,-14.35,-2.25,3.7,13.0,83.3,4,1.0,65,3.0,2.5,6,LINKUSDT
49,55.1,0.0322,0.567,-10.801,0.303,16.3,26.5,57.1,4,1.0,65,3.0,2.5,12,LINKUSDT
46,50.0,0.052,0.951,-15.134,0.396,39.1,41.3,19.6,4,1.0,65,3.0,2.5,24,LINKUSDT
54,50.0,-0.2337,-12.485,-17.028,-2.794,3.7,7.4,88.9,4,1.0,65,3.0,4.0,6,LINKUSDT
44,52.27,-0.223,-10.371,-16.352,-1.893,15.9,13.6,70.5,4,1.0,65,3.0,4.0,12,LINKUSDT
39,53.85,0.0186,-0.823,-13.735,0.126,38.5,17.9,43.6,4,1.0,65,3.0,4.0,24,LINKUSDT
38,57.89,-0.1456,-5.636,-8.705,-2.372,57.9,34.2,7.9,4,1.0,70,1.0,1.5,6,LINKUSDT
37,59.46,-0.1835,-6.832,-9.862,-2.856,59.5,40.5,0.0,4,1.0,70,1.0,1.5,12,LINKUSDT
37,59.46,-0.1835,-6.832,-9.862,-2.856,59.5,40.5,0.0,4,1.0,70,1.0,1.5,24,LINKUSDT
34,64.71,-0.0263,-1.168,-5.269,-0.395,64.7,11.8,23.5,4,1.0,70,1.0,2.5,6,LINKUSDT
31,67.74,-0.118,-3.919,-9.192,-1.537,67.7,22.6,9.7,4,1.0,70,1.0,2.5,12,LINKUSDT
30,73.33,-0.0457,-1.691,-7.908,-0.589,73.3,23.3,3.3,4,1.0,70,1.0,2.5,24,LINKUSDT
32,62.5,-0.0715,-2.556,-6.398,-1.003,62.5,3.1,34.4,4,1.0,70,1.0,4.0,6,LINKUSDT
27,70.37,-0.1221,-3.597,-9.265,-1.432,70.4,7.4,22.2,4,1.0,70,1.0,4.0,12,LINKUSDT
27,81.48,-0.0114,-0.755,-9.151,-0.12,81.5,14.8,3.7,4,1.0,70,1.0,4.0,24,LINKUSDT
36,55.56,0.103,3.443,-4.984,1.472,47.2,30.6,22.2,4,1.0,70,1.5,1.5,6,LINKUSDT
35,60.0,0.13,4.257,-6.853,1.69,60.0,40.0,0.0,4,1.0,70,1.5,1.5,12,LINKUSDT
35,60.0,0.13,4.257,-6.853,1.69,60.0,40.0,0.0,4,1.0,70,1.5,1.5,24,LINKUSDT
33,60.61,0.1658,5.243,-5.269,2.16,51.5,12.1,36.4,4,1.0,70,1.5,2.5,6,LINKUSDT
30,66.67,0.1837,5.2,-8.742,2.061,66.7,23.3,10.0,4,1.0,70,1.5,2.5,12,LINKUSDT
29,72.41,0.2862,8.173,-7.451,3.183,72.4,24.1,3.4,4,1.0,70,1.5,2.5,24,LINKUSDT
31,58.06,0.1202,3.404,-6.398,1.479,51.6,3.2,45.2,4,1.0,70,1.5,4.0,6,LINKUSDT
26,69.23,0.1546,3.632,-9.265,1.6,65.4,7.7,26.9,4,1.0,70,1.5,4.0,12,LINKUSDT
26,80.77,0.3111,7.83,-8.7,2.944,76.9,15.4,7.7,4,1.0,70,1.5,4.0,24,LINKUSDT
36,52.78,0.1559,5.333,-4.984,1.967,36.1,33.3,30.6,4,1.0,70,2.0,1.5,6,LINKUSDT
34,52.94,0.1355,4.194,-6.394,1.515,44.1,47.1,8.8,4,1.0,70,2.0,1.5,12,LINKUSDT
34,52.94,0.1402,4.35,-6.394,1.553,50.0,47.1,2.9,4,1.0,70,2.0,1.5,24,LINKUSDT
33,57.58,0.2656,8.682,-5.269,3.154,39.4,12.1,48.5,4,1.0,70,2.0,2.5,6,LINKUSDT
29,58.62,0.0947,2.175,-8.291,0.897,48.3,31.0,20.7,4,1.0,70,2.0,2.5,12,LINKUSDT
28,60.71,0.1576,3.889,-7.772,1.466,57.1,32.1,10.7,4,1.0,70,2.0,2.5,24,LINKUSDT
31,54.84,0.2104,6.259,-6.398,2.382,38.7,3.2,58.1,4,1.0,70,2.0,4.0,6,LINKUSDT
25,60.0,-0.0557,-1.996,-9.265,-0.48,44.0,12.0,44.0,4,1.0,70,2.0,4.0,12,LINKUSDT
25,76.0,0.3522,8.391,-8.25,2.799,68.0,20.0,12.0,4,1.0,70,2.0,4.0,24,LINKUSDT
36,50.0,0.1435,4.8,-5.103,1.684,13.9,33.3,52.8,4,1.0,70,3.0,1.5,6,LINKUSDT
33,48.48,0.1781,5.419,-7.147,1.788,18.2,48.5,33.3,4,1.0,70,3.0,1.5,12,LINKUSDT
32,46.88,0.2811,8.608,-7.731,2.512,37.5,53.1,9.4,4,1.0,70,3.0,1.5,24,LINKUSDT
33,54.55,0.2273,7.264,-5.269,2.54,15.2,12.1,72.7,4,1.0,70,3.0,2.5,6,LINKUSDT
28,50.0,-0.1283,-4.153,-9.538,-1.142,14.3,35.7,50.0,4,1.0,70,3.0,2.5,12,LINKUSDT
27,55.56,0.1318,2.748,-10.108,1.005,40.7,40.7,18.5,4,1.0,70,3.0,2.5,24,LINKUSDT
31,51.61,0.1572,4.491,-6.398,1.713,12.9,3.2,83.9,4,1.0,70,3.0,4.0,6,LINKUSDT
25,56.0,-0.0824,-2.829,-9.265,-0.621,20.0,16.0,64.0,4,1.0,70,3.0,4.0,12,LINKUSDT
25,72.0,0.4784,11.518,-7.349,3.193,48.0,24.0,28.0,4,1.0,70,3.0,4.0,24,LINKUSDT
83,55.42,-0.2171,-16.979,-20.176,-3.564,50.6,36.1,13.3,4,1.5,55,1.0,1.5,6,LINKUSDT
81,56.79,-0.2233,-17.067,-21.272,-3.504,55.6,40.7,3.7,4,1.5,55,1.0,1.5,12,LINKUSDT
79,59.49,-0.1827,-13.966,-20.595,-2.843,59.5,40.5,0.0,4,1.5,55,1.0,1.5,24,LINKUSDT
76,60.53,-0.2436,-17.559,-19.924,-3.294,55.3,19.7,25.0,4,1.5,55,1.0,2.5,6,LINKUSDT
73,63.01,-0.3153,-21.281,-23.251,-3.919,60.3,26.0,13.7,4,1.5,55,1.0,2.5,12,LINKUSDT
69,65.22,-0.3408,-21.712,-27.015,-4.008,65.2,31.9,2.9,4,1.5,55,1.0,2.5,24,LINKUSDT
69,59.42,-0.3358,-21.471,-23.113,-3.888,55.1,10.1,34.8,4,1.5,55,1.0,4.0,6,LINKUSDT
65,67.69,-0.3437,-20.925,-27.407,-3.615,63.1,12.3,24.6,4,1.5,55,1.0,4.0,12,LINKUSDT
61,70.49,-0.5009,-27.418,-30.93,-4.501,70.5,23.0,6.6,4,1.5,55,1.0,4.0,24,LINKUSDT
76,46.05,-0.2523,-18.017,-19.136,-3.648,34.2,39.5,26.3,4,1.5,55,1.5,1.5,6,LINKUSDT
74,47.3,-0.2312,-16.418,-17.515,-3.002,45.9,50.0,4.1,4,1.5,55,1.5,1.5,12,LINKUSDT
72,50.0,-0.17,-12.246,-14.534,-2.165,50.0,50.0,0.0,4,1.5,55,1.5,1.5,24,LINKUSDT
71,49.3,-0.3881,-24.843,-27.516,-4.556,36.6,25.4,38.0,4,1.5,55,1.5,2.5,6,LINKUSDT
68,51.47,-0.4431,-26.924,-29.803,-4.596,48.5,35.3,16.2,4,1.5,55,1.5,2.5,12,LINKUSDT
64,51.56,-0.5095,-28.756,-30.705,-5.027,51.6,42.2,6.2,4,1.5,55,1.5,2.5,24,LINKUSDT
64,46.88,-0.4706,-26.842,-28.506,-4.971,35.9,10.9,53.1,4,1.5,55,1.5,4.0,6,LINKUSDT
58,56.9,-0.4089,-22.091,-26.793,-3.883,44.8,13.8,41.4,4,1.5,55,1.5,4.0,12,LINKUSDT
53,56.6,-0.6379,-29.85,-33.054,-5.12,54.7,26.4,18.9,4,1.5,55,1.5,4.0,24,LINKUSDT
73,38.36,-0.316,-21.212,-22.484,-4.248,20.5,42.5,37.0,4,1.5,55,2.0,1.5,6,LINKUSDT
69,42.03,-0.2429,-16.229,-17.61,-2.837,33.3,55.1,11.6,4,1.5,55,2.0,1.5,12,LINKUSDT
67,43.28,-0.162,-11.188,-14.793,-1.792,41.8,56.7,1.5,4,1.5,55,2.0,1.5,24,LINKUSDT
65,40.0,-0.5168,-29.26,-30.292,-5.842,20.0,26.2,53.8,4,1.5,55,2.0,2.5,6,LINKUSDT
61,44.26,-0.5225,-28.195,-29.782,-5.127,31.1,37.7,31.1,4,1.5,55,2.0,2.5,12,LINKUSDT
56,41.07,-0.6794,-32.612,-34.079,-6.075,39.3,50.0,10.7,4,1.5,55,2.0,2.5,24,LINKUSDT
61,37.7,-0.6365,-33.031,-33.067,-6.33,19.7,13.1,67.2,4,1.5,55,2.0,4.0,6,LINKUSDT
54,50.0,-0.5104,-25.156,-29.109,-4.405,33.3,16.7,50.0,4,1.5,55,2.0,4.0,12,LINKUSDT
49,46.94,-0.8061,-33.89,-37.168,-5.866,44.9,30.6,24.5,4,1.5,55,2.0,4.0,24,LINKUSDT
73,34.25,-0.4437,-28.241,-29.995,-6.036,4.1,45.2,50.7,4,1.5,55,3.0,1.5,6,LINKUSDT
67,35.82,-0.2954,-18.878,-22.04,-3.111,16.4,59.7,23.9,4,1.5,55,3.0,1.5,12,LINKUSDT
64,37.5,-0.1134,-8.244,-18.09,-1.055,28.1,62.5,9.4,4,1.5,55,3.0,1.5,24,LINKUSDT
65,36.92,-0.6529,-35.249,-36.194,-7.604,3.1,27.7,69.2,4,1.5,55,3.0,2.5,6,LINKUSDT
59,38.98,-0.6628,-33.258,-34.103,-6.304,11.9,40.7,47.5,4,1.5,55,3.0,2.5,12,LINKUSDT
52,32.69,-0.7097,-32.029,-33.955,-5.524,28.8,55.8,15.4,4,1.5,55,3.0,2.5,24,LINKUSDT
61,36.07,-0.6805,-34.81,-34.845,-6.808,3.3,13.1,83.6,4,1.5,55,3.0,4.0,6,LINKUSDT
52,48.08,-0.4725,-22.994,-27.334,-3.78,17.3,17.3,65.4,4,1.5,55,3.0,4.0,12,LINKUSDT
45,44.44,-0.6519,-26.981,-32.157,-4.191,31.1,33.3,35.6,4,1.5,55,3.0,4.0,24,LINKUSDT
69,52.17,-0.2588,-16.778,-17.386,-4.199,50.7,37.7,11.6,4,1.5,60,1.0,1.5,6,LINKUSDT
67,55.22,-0.2771,-17.387,-17.824,-4.322,53.7,43.3,3.0,4,1.5,60,1.0,1.5,12,LINKUSDT
66,57.58,-0.2306,-14.568,-17.824,-3.566,57.6,42.4,0.0,4,1.5,60,1.0,1.5,24,LINKUSDT
63,58.73,-0.2484,-15.039,-16.791,-3.375,55.6,19.0,25.4,4,1.5,60,1.0,2.5,6,LINKUSDT
61,62.3,-0.2721,-15.905,-17.33,-3.451,60.7,24.6,14.8,4,1.5,60,1.0,2.5,12,LINKUSDT
58,65.52,-0.3214,-17.666,-20.004,-3.809,65.5,31.0,3.4,4,1.5,60,1.0,2.5,24,LINKUSDT
58,58.62,-0.2593,-14.549,-15.617,-3.305,53.4,6.9,39.7,4,1.5,60,1.0,4.0,6,LINKUSDT
56,67.86,-0.1829,-10.452,-15.533,-2.106,64.3,8.9,26.8,4,1.5,60,1.0,4.0,12,LINKUSDT
53,73.58,-0.2953,-15.392,-18.817,-2.88,73.6,17.0,9.4,4,1.5,60,1.0,4.0,24,LINKUSDT
64,42.19,-0.3015,-18.047,-17.749,-4.294,34.4,42.2,23.4,4,1.5,60,1.5,1.5,6,LINKUSDT
63,46.03,-0.2786,-16.676,-15.261,-3.672,42.9,50.8,6.3,4,1.5,60,1.5,1.5,12,LINKUSDT
62,48.39,-0.1959,-12.056,-11.788,-2.516,48.4,50.0,1.6,4,1.5,60,1.5,1.5,24,LINKUSDT
59,49.15,-0.3393,-18.805,-21.651,-4.011,37.3,23.7,39.0,4,1.5,60,1.5,2.5,6,LINKUSDT
57,52.63,-0.3358,-18.199,-20.376,-3.604,47.4,31.6,21.1,4,1.5,60,1.5,2.5,12,LINKUSDT
54,53.7,-0.3777,-19.286,-20.45,-3.789,53.7,38.9,7.4,4,1.5,60,1.5,2.5,24,LINKUSDT
54,48.15,-0.3884,-19.623,-21.409,-4.268,35.2,9.3,55.6,4,1.5,60,1.5,4.0,6,LINKUSDT
51,56.86,-0.2721,-13.802,-17.927,-2.707,45.1,11.8,43.1,4,1.5,60,1.5,4.0,12,LINKUSDT
47,59.57,-0.3793,-17.366,-20.091,-3.22,57.4,21.3,21.3,4,1.5,60,1.5,4.0,24,LINKUSDT
62,38.71,-0.3135,-18.209,-18.427,-4.205,19.4,43.5,37.1,4,1.5,60,2.0,1.5,6,LINKUSDT
60,41.67,-0.2475,-14.49,-16.327,-2.925,35.0,53.3,11.7,4,1.5,60,2.0,1.5,12,LINKUSDT
58,43.1,-0.1454,-8.873,-12.151,-1.621,41.4,55.2,3.4,4,1.5,60,2.0,1.5,24,LINKUSDT
54,42.59,-0.4554,-22.435,-23.47,-5.219,18.5,24.1,57.4,4,1.5,60,2.0,2.5,6,LINKUSDT
51,45.1,-0.3949,-19.032,-19.806,-3.969,33.3,33.3,33.3,4,1.5,60,2.0,2.5,12,LINKUSDT
47,38.3,-0.703,-28.961,-29.236,-6.42,38.3,48.9,12.8,4,1.5,60,2.0,2.5,24,LINKUSDT
51,41.18,-0.541,-24.866,-24.811,-5.483,19.6,11.8,68.6,4,1.5,60,2.0,4.0,6,LINKUSDT
47,48.94,-0.388,-17.62,-20.971,-3.432,36.2,14.9,48.9,4,1.5,60,2.0,4.0,12,LINKUSDT
42,45.24,-0.6987,-26.502,-28.868,-5.328,42.9,26.2,31.0,4,1.5,60,2.0,4.0,24,LINKUSDT
62,33.87,-0.4635,-25.481,-26.029,-6.316,4.8,46.8,48.4,4,1.5,60,3.0,1.5,6,LINKUSDT
58,34.48,-0.3427,-18.794,-19.615,-3.696,15.5,58.6,25.9,4,1.5,60,3.0,1.5,12,LINKUSDT
55,34.55,-0.1939,-11.117,-19.549,-1.841,25.5,63.6,10.9,4,1.5,60,3.0,1.5,24,LINKUSDT
54,38.89,-0.6187,-28.979,-29.268,-7.346,3.7,25.9,70.4,4,1.5,60,3.0,2.5,6,LINKUSDT
49,38.78,-0.623,-27.036,-26.411,-6.237,8.2,36.7,55.1,4,1.5,60,3.0,2.5,12,LINKUSDT
44,31.82,-0.7039,-27.66,-26.683,-5.548,27.3,54.5,18.2,4,1.5,60,3.0,2.5,24,LINKUSDT
51,39.22,-0.6238,-27.954,-27.224,-6.489,3.9,11.8,84.3,4,1.5,60,3.0,4.0,6,LINKUSDT
45,46.67,-0.4402,-18.956,-21.879,-3.718,11.1,15.6,73.3,4,1.5,60,3.0,4.0,12,LINKUSDT
40,42.5,-0.52,-20.181,-22.781,-3.442,32.5,27.5,40.0,4,1.5,60,3.0,4.0,24,LINKUSDT
51,52.94,-0.2346,-11.595,-17.015,-3.855,49.0,37.3,13.7,4,1.5,65,1.0,1.5,6,LINKUSDT
51,60.78,-0.1809,-9.162,-14.224,-2.868,56.9,39.2,3.9,4,1.5,65,1.0,1.5,12,LINKUSDT
50,58.0,-0.22,-10.77,-14.956,-3.406,58.0,42.0,0.0,4,1.5,65,1.0,1.5,24,LINKUSDT
46,63.04,-0.1087,-5.262,-11.914,-1.581,56.5,15.2,28.3,4,1.5,65,1.0,2.5,6,LINKUSDT
45,68.89,-0.0739,-3.713,-10.579,-0.998,66.7,20.0,13.3,4,1.5,65,1.0,2.5,12,LINKUSDT
43,67.44,-0.2347,-10.094,-13.953,-2.864,67.4,27.9,4.7,4,1.5,65,1.0,2.5,24,LINKUSDT
44,65.91,-0.1115,-5.251,-12.375,-1.445,56.8,6.8,36.4,4,1.5,65,1.0,4.0,6,LINKUSDT
43,72.09,-0.0787,-3.885,-10.369,-0.925,69.8,9.3,20.9,4,1.5,65,1.0,4.0,12,LINKUSDT
40,77.5,-0.1543,-6.671,-10.45,-1.561,77.5,15.0,7.5,4,1.5,65,1.0,4.0,24,LINKUSDT
48,45.83,-0.2496,-11.663,-13.813,-3.67,29.2,39.6,31.2,4,1.5,65,1.5,1.5,6,LINKUSDT
48,54.17,-0.1627,-7.969,-11.273,-2.181,43.8,45.8,10.4,4,1.5,65,1.5,1.5,12,LINKUSDT
47,48.94,-0.2019,-9.543,-11.673,-2.572,48.9,51.1,0.0,4,1.5,65,1.5,1.5,24,LINKUSDT
43,55.81,-0.1642,-7.289,-12.223,-2.065,34.9,18.6,46.5,4,1.5,65,1.5,2.5,6,LINKUSDT
42,61.9,-0.0838,-4.056,-10.239,-0.935,52.4,26.2,21.4,4,1.5,65,1.5,2.5,12,LINKUSDT
40,57.5,-0.2896,-11.61,-15.157,-2.891,57.5,37.5,5.0,4,1.5,65,1.5,2.5,24,LINKUSDT
41,58.54,-0.1348,-5.923,-10.93,-1.547,36.6,7.3,56.1,4,1.5,65,1.5,4.0,6,LINKUSDT
39,64.1,-0.0371,-2.09,-8.166,-0.388,51.3,10.3,38.5,4,1.5,65,1.5,4.0,12,LINKUSDT
35,62.86,-0.1662,-6.378,-9.465,-1.529,60.0,14.3,25.7,4,1.5,65,1.5,4.0,24,LINKUSDT
47,40.43,-0.2705,-12.391,-15.776,-3.559,21.3,44.7,34.0,4,1.5,65,2.0,1.5,6,LINKUSDT
47,48.94,-0.1404,-6.975,-12.177,-1.644,36.2,51.1,12.8,4,1.5,65,2.0,1.5,12,LINKUSDT
46,43.48,-0.1584,-7.667,-10.08,-1.755,41.3,56.5,2.2,4,1.5,65,2.0,1.5,24,LINKUSDT
40,47.5,-0.2877,-11.362,-14.951,-3.368,20.0,20.0,60.0,4,1.5,65,2.0,2.5,6,LINKUSDT
39,53.85,-0.1599,-6.731,-12.514,-1.587,38.5,30.8,30.8,4,1.5,65,2.0,2.5,12,LINKUSDT
37,45.95,-0.4696,-16.707,-19.985,-4.168,43.2,45.9,10.8,4,1.5,65,2.0,2.5,24,LINKUSDT
39,51.28,-0.249,-9.82,-13.472,-2.696,20.5,7.7,71.8,4,1.5,65,2.0,4.0,6,LINKUSDT
37,56.76,-0.1307,-5.507,-10.876,-1.19,37.8,13.5,48.6,4,1.5,65,2.0,4.0,12,LINKUSDT
33,54.55,-0.3539,-11.946,-14.781,-2.736,48.5,21.2,30.3,4,1.5,65,2.0,4.0,24,LINKUSDT
47,38.3,-0.3858,-16.987,-18.768,-5.34,4.3,44.7,51.1,4,1.5,65,3.0,1.5,6,LINKUSDT
45,44.44,-0.1502,-7.204,-12.402,-1.608,13.3,53.3,33.3,4,1.5,65,3.0,1.5,12,LINKUSDT
42,33.33,-0.2676,-11.397,-15.041,-2.54,26.2,66.7,7.1,4,1.5,65,3.0,1.5,24,LINKUSDT
40,45.0,-0.4057,-15.429,-17.403,-4.936,5.0,20.0,75.0,4,1.5,65,3.0,2.5,6,LINKUSDT
37,48.65,-0.333,-12.246,-17.4,-3.231,10.8,32.4,56.8,4,1.5,65,3.0,2.5,12,LINKUSDT
34,38.24,-0.4617,-15.505,-19.75,-3.449,35.3,52.9,11.8,4,1.5,65,3.0,2.5,24,LINKUSDT
39,48.72,-0.3547,-13.446,-15.466,-3.949,5.1,7.7,87.2,4,1.5,65,3.0,4.0,6,LINKUSDT
35,54.29,-0.2153,-8.062,-12.443,-1.862,11.4,14.3,74.3,4,1.5,65,3.0,4.0,12,LINKUSDT
30,50.0,-0.2207,-7.563,-9.943,-1.476,36.7,20.0,43.3,4,1.5,65,3.0,4.0,24,LINKUSDT
32,62.5,-0.0671,-2.343,-7.427,-1.087,62.5,34.4,3.1,4,1.5,70,1.0,1.5,6,LINKUSDT
32,62.5,-0.1075,-3.611,-7.513,-1.697,62.5,37.5,0.0,4,1.5,70,1.0,1.5,12,LINKUSDT
32,62.5,-0.1075,-3.611,-7.513,-1.697,62.5,37.5,0.0,4,1.5,70,1.0,1.5,24,LINKUSDT
30,70.0,0.0393,0.924,-5.269,0.573,70.0,13.3,16.7,4,1.5,70,1.0,2.5,6,LINKUSDT
29,72.41,0.058,1.425,-5.269,0.822,72.4,17.2,10.3,4,1.5,70,1.0,2.5,12,LINKUSDT
29,75.86,0.0448,1.006,-5.382,0.601,75.9,20.7,3.4,4,1.5,70,1.0,2.5,24,LINKUSDT
28,71.43,0.0384,0.793,-6.398,0.518,71.4,3.6,25.0,4,1.5,70,1.0,4.0,6,LINKUSDT
27,77.78,0.0952,2.269,-4.536,1.18,77.8,7.4,14.8,4,1.5,70,1.0,4.0,12,LINKUSDT
27,85.19,0.0893,1.993,-7.404,0.96,85.2,14.8,0.0,4,1.5,70,1.0,4.0,24,LINKUSDT
30,56.67,0.0496,1.203,-5.902,0.682,46.7,36.7,16.7,4,1.5,70,1.5,1.5,6,LINKUSDT
30,56.67,0.03,0.569,-8.076,0.386,56.7,43.3,0.0,4,1.5,70,1.5,1.5,12,LINKUSDT
30,56.67,0.03,0.569,-8.076,0.386,56.7,43.3,0.0,4,1.5,70,1.5,1.5,24,LINKUSDT
28,64.29,0.111,2.78,-6.469,1.321,53.6,17.9,28.6,4,1.5,70,1.5,2.5,6,LINKUSDT
27,66.67,0.2045,5.267,-6.238,2.326,66.7,22.2,11.1,4,1.5,70,1.5,2.5,12,LINKUSDT
27,70.37,0.2088,5.352,-7.451,2.273,70.4,25.9,3.7,4,1.5,70,1.5,2.5,24,LINKUSDT
26,65.38,0.1297,3.048,-6.398,1.481,53.8,3.8,42.3,4,1.5,70,1.5,4.0,6,LINKUSDT
25,72.0,0.2924,7.142,-4.944,3.141,68.0,8.0,24.0,4,1.5,70,1.5,4.0,12,LINKUSDT
25,80.0,0.2706,6.421,-8.695,2.524,76.0,16.0,8.0,4,1.5,70,1.5,4.0,24,LINKUSDT
30,53.33,0.063,1.542,-5.902,0.778,33.3,40.0,26.7,4,1.5,70,2.0,1.5,6,LINKUSDT
29,48.28,-0.0201,-1.004,-8.076,-0.224,41.4,51.7,6.9,4,1.5,70,2.0,1.5,12,LINKUSDT
29,48.28,-0.0305,-1.303,-8.209,-0.339,44.8,51.7,3.4,4,1.5,70,2.0,1.5,24,LINKUSDT
28,60.71,0.1929,5.099,-6.008,2.125,39.3,17.9,42.9,4,1.5,70,2.0,2.5,6,LINKUSDT
26,57.69,0.0675,1.239,-7.772,0.645,46.2,30.8,23.1,4,1.5,70,2.0,2.5,12,LINKUSDT
26,57.69,0.0289,0.189,-7.772,0.266,53.8,34.6,11.5,4,1.5,70,2.0,2.5,24,LINKUSDT
26,61.54,0.1987,4.856,-6.398,2.119,38.5,3.8,57.7,4,1.5,70,2.0,4.0,6,LINKUSDT
24,62.5,0.079,1.323,-8.96,0.69,45.8,12.5,41.7,4,1.5,70,2.0,4.0,12,LINKUSDT
24,75.0,0.2909,6.449,-8.245,2.283,66.7,20.8,12.5,4,1.5,70,2.0,4.0,24,LINKUSDT
30,50.0,0.0462,0.981,-6.65,0.533,13.3,40.0,46.7,4,1.5,70,3.0,1.5,6,LINKUSDT
28,42.86,0.0107,-0.211,-8.076,0.107,17.9,53.6,28.6,4,1.5,70,3.0,1.5,12,LINKUSDT
28,42.86,0.0777,1.582,-8.262,0.712,32.1,57.1,10.7,4,1.5,70,3.0,1.5,24,LINKUSDT
28,57.14,0.146,3.686,-6.756,1.531,14.3,17.9,67.9,4,1.5,70,3.0,2.5,6,LINKUSDT
25,48.0,-0.2233,-5.963,-9.538,-2.02,16.0,36.0,48.0,4,1.5,70,3.0,2.5,12,LINKUSDT
24,50.0,-0.0247,-1.386,-10.108,-0.182,41.7,45.8,12.5,4,1.5,70,3.0,2.5,24,LINKUSDT
26,57.69,0.1334,3.069,-6.398,1.383,11.5,3.8,84.6,4,1.5,70,3.0,4.0,6,LINKUSDT
24,58.33,0.023,-0.21,-7.139,0.175,20.8,16.7,62.5,4,1.5,70,3.0,4.0,12,LINKUSDT
24,70.83,0.4866,11.205,-7.344,3.182,50.0,25.0,25.0,4,1.5,70,3.0,4.0,24,LINKUSDT
41,60.98,-0.0666,-2.954,-7.275,-1.12,56.1,31.7,12.2,4,2.5,55,1.0,1.5,6,LINKUSDT
41,63.41,-0.1094,-4.67,-10.521,-1.754,58.5,36.6,4.9,4,2.5,55,1.0,1.5,12,LINKUSDT
40,60.0,-0.17,-6.861,-11.285,-2.652,60.0,40.0,0.0,4,2.5,55,1.0,1.5,24,LINKUSDT
36,69.44,0.0072,-0.069,-9.464,0.102,63.9,16.7,19.4,4,2.5,55,1.0,2.5,6,LINKUSDT
36,72.22,-0.1431,-5.422,-14.0,-1.798,66.7,25.0,8.3,4,2.5,55,1.0,2.5,12,LINKUSDT
34,67.65,-0.2586,-8.827,-15.87,-3.102,67.6,29.4,2.9,4,2.5,55,1.0,2.5,24,LINKUSDT
35,71.43,-0.0188,-1.088,-10.091,-0.229,65.7,8.6,25.7,4,2.5,55,1.0,4.0,6,LINKUSDT
34,73.53,-0.1792,-6.379,-13.935,-2.03,67.6,8.8,23.5,4,2.5,55,1.0,4.0,12,LINKUSDT
32,75.0,-0.1436,-4.998,-12.805,-1.527,75.0,12.5,12.5,4,2.5,55,1.0,4.0,24,LINKUSDT
38,57.89,-0.015,-0.909,-6.716,-0.215,39.5,36.8,23.7,4,2.5,55,1.5,1.5,6,LINKUSDT
38,57.89,0.0333,0.859,-5.614,0.434,55.3,42.1,2.6,4,2.5,55,1.5,1.5,12,LINKUSDT
37,54.05,-0.0484,-2.181,-5.956,-0.618,54.1,45.9,0.0,4,2.5,55,1.5,1.5,24,LINKUSDT
33,66.67,0.0569,1.462,-7.798,0.681,45.5,21.2,33.3,4,2.5,55,1.5,2.5,6,LINKUSDT
33,66.67,-0.0407,-1.88,-10.825,-0.427,60.6,30.3,9.1,4,2.5,55,1.5,2.5,12,LINKUSDT
31,61.29,-0.1704,-5.687,-12.879,-1.709,61.3,35.5,3.2,4,2.5,55,1.5,2.5,24,LINKUSDT
33,66.67,0.0573,1.397,-8.556,0.632,45.5,9.1,45.5,4,2.5,55,1.5,4.0,6,LINKUSDT
32,68.75,-0.0006,-0.606,-10.758,-0.006,59.4,9.4,31.2,4,2.5,55,1.5,4.0,12,LINKUSDT
30,70.0,0.044,0.668,-9.47,0.406,70.0,13.3,16.7,4,2.5,55,1.5,4.0,24,LINKUSDT
38,52.63,-0.0635,-2.793,-8.11,-0.817,26.3,42.1,31.6,4,2.5,55,2.0,1.5,6,LINKUSDT
38,52.63,0.0889,2.872,-6.582,1.001,44.7,47.4,7.9,4,2.5,55,2.0,1.5,12,LINKUSDT
37,48.65,0.0327,0.646,-5.42,0.357,48.6,51.4,0.0,4,2.5,55,2.0,1.5,24,LINKUSDT
33,60.61,0.0749,2.018,-9.097,0.847,30.3,21.2,48.5,4,2.5,55,2.0,2.5,6,LINKUSDT
33,60.61,0.0199,-0.036,-13.15,0.186,48.5,33.3,18.2,4,2.5,55,2.0,2.5,12,LINKUSDT
31,51.61,-0.251,-8.177,-17.212,-2.201,51.6,41.9,6.5,4,2.5,55,2.0,2.5,24,LINKUSDT
33,60.61,0.0753,1.952,-10.338,0.792,30.3,9.1,60.6,4,2.5,55,2.0,4.0,6,LINKUSDT
32,62.5,0.0283,0.119,-14.424,0.245,50.0,12.5,37.5,4,2.5,55,2.0,4.0,12,LINKUSDT
30,60.0,-0.1059,-4.047,-15.162,-0.808,60.0,20.0,20.0,4,2.5,55,2.0,4.0,24,LINKUSDT
37,51.35,-0.1794,-6.813,-10.268,-2.295,8.1,43.2,48.6,4,2.5,55,3.0,1.5,6,LINKUSDT
37,43.24,-0.0393,-2.092,-9.525,-0.397,18.9,54.1,27.0,4,2.5,55,3.0,1.5,12,LINKUSDT
36,38.89,-0.0442,-2.351,-8.776,-0.403,33.3,61.1,5.6,4,2.5,55,3.0,1.5,24,LINKUSDT
32,59.38,-0.0379,-1.676,-10.445,-0.421,9.4,21.9,68.8,4,2.5,55,3.0,2.5,6,LINKUSDT
32,50.0,-0.2578,-8.607,-18.149,-2.296,15.6,37.5,46.9,4,2.5,55,3.0,2.5,12,LINKUSDT
29,37.93,-0.7136,-19.485,-23.452,-5.473,31.0,58.6,10.3,4,2.5,55,3.0,2.5,24,LINKUSDT
32,59.38,-0.0183,-1.136,-11.125,-0.188,9.4,9.4,81.2,4,2.5,55,3.0,4.0,6,LINKUSDT
31,54.84,-0.1792,-6.294,-17.436,-1.399,19.4,16.1,64.5,4,2.5,55,3.0,4.0,12,LINKUSDT
27,48.15,-0.5002,-13.625,-18.583,-3.354,33.3,25.9,40.7,4,2.5,55,3.0,4.0,24,LINKUSDT
39,61.54,-0.0402,-1.799,-5.861,-0.682,56.4,30.8,12.8,4,2.5,60,1.0,1.5,6,LINKUSDT
39,64.1,-0.1074,-4.366,-9.002,-1.737,59.0,35.9,5.1,4,2.5,60,1.0,1.5,12,LINKUSDT
38,60.53,-0.1568,-6.059,-9.779,-2.452,60.5,39.5,0.0,4,2.5,60,1.0,1.5,24,LINKUSDT
34,73.53,0.1678,5.603,-6.529,2.664,67.6,11.8,20.6,4,2.5,60,1.0,2.5,6,LINKUSDT
34,73.53,-0.0135,-0.807,-9.611,-0.181,70.6,20.6,8.8,4,2.5,60,1.0,2.5,12,LINKUSDT
32,71.88,-0.1079,-3.756,-11.2,-1.356,71.9,25.0,3.1,4,2.5,60,1.0,2.5,24,LINKUSDT
34,76.47,0.244,8.365,-5.964,3.859,70.6,2.9,26.5,4,2.5,60,1.0,4.0,6,LINKUSDT
33,75.76,0.09,2.681,-8.518,1.24,72.7,3.0,24.2,4,2.5,60,1.0,4.0,12,LINKUSDT
31,80.65,0.1475,4.309,-9.202,1.887,80.6,6.5,12.9,4,2.5,60,1.0,4.0,24,LINKUSDT
36,55.56,-0.0244,-1.188,-6.006,-0.351,38.9,36.1,25.0,4,2.5,60,1.5,1.5,6,LINKUSDT
36,58.33,0.0089,-0.056,-6.375,0.118,52.8,41.7,5.6,4,2.5,60,1.5,1.5,12,LINKUSDT
35,54.29,-0.0414,-1.825,-5.271,-0.53,54.3,45.7,0.0,4,2.5,60,1.5,1.5,24,LINKUSDT
31,64.52,0.0759,1.994,-7.798,0.932,45.2,19.4,35.5,4,2.5,60,1.5,2.5,6,LINKUSDT
31,64.52,-0.045,-1.877,-9.637,-0.481,58.1,29.0,12.9,4,2.5,60,1.5,2.5,12,LINKUSDT
29,62.07,-0.1359,-4.372,-11.664,-1.372,62.1,34.5,3.4,4,2.5,60,1.5,2.5,24,LINKUSDT
31,67.74,0.1456,4.193,-8.031,1.739,45.2,6.5,48.4,4,2.5,60,1.5,4.0,6,LINKUSDT
30,66.67,0.0904,2.247,-8.153,0.963,60.0,6.7,33.3,4,2.5,60,1.5,4.0,12,LINKUSDT
28,71.43,0.1486,3.67,-9.202,1.438,71.4,10.7,17.9,4,2.5,60,1.5,4.0,24,LINKUSDT
36,52.78,0.0078,-0.109,-5.573,0.101,27.8,38.9,33.3,4,2.5,60,2.0,1.5,6,LINKUSDT
36,55.56,0.1628,5.489,-5.191,1.843,47.2,44.4,8.3,4,2.5,60,2.0,1.5,12,LINKUSDT
35,51.43,0.13,4.094,-4.804,1.42,51.4,48.6,0.0,4,2.5,60,2.0,1.5,24,LINKUSDT
31,61.29,0.1509,4.332,-7.798,1.728,32.3,19.4,48.4,4,2.5,60,2.0,2.5,6,LINKUSDT
31,61.29,0.0853,2.011,-10.568,0.797,51.6,32.3,16.1,4,2.5,60,2.0,2.5,12,LINKUSDT
29,55.17,-0.0841,-3.07,-12.607,-0.746,55.2,37.9,6.9,4,2.5,60,2.0,2.5,24,LINKUSDT
31,64.52,0.2206,6.582,-8.031,2.47,32.3,6.5,61.3,4,2.5,60,2.0,4.0,6,LINKUSDT
30,63.33,0.175,4.661,-10.501,1.566,53.3,10.0,36.7,4,2.5,60,2.0,4.0,12,LINKUSDT
28,64.29,0.1844,4.485,-10.909,1.51,64.3,14.3,21.4,4,2.5,60,2.0,4.0,24,LINKUSDT
35,51.43,-0.1127,-4.24,-7.791,-1.447,8.6,40.0,51.4,4,2.5,60,3.0,1.5,6,LINKUSDT
35,45.71,0.0293,0.399,-7.679,0.295,20.0,51.4,28.6,4,2.5,60,3.0,1.5,12,LINKUSDT
34,41.18,0.0514,0.994,-6.644,0.463,35.3,58.8,5.9,4,2.5,60,3.0,1.5,24,LINKUSDT
30,60.0,0.0187,0.131,-8.697,0.211,10.0,20.0,70.0,4,2.5,60,3.0,2.5,6,LINKUSDT
30,50.0,-0.2088,-6.735,-15.716,-1.846,16.7,36.7,46.7,4,2.5,60,3.0,2.5,12,LINKUSDT
27,40.74,-0.5687,-15.007,-19.263,-4.308,33.3,55.6,11.1,4,2.5,60,3.0,2.5,24,LINKUSDT
30,63.33,0.1112,2.918,-8.031,1.221,10.0,6.7,83.3,4,2.5,60,3.0,4.0,6,LINKUSDT
29,55.17,-0.0417,-2.043,-13.651,-0.33,20.7,13.8,65.5,4,2.5,60,3.0,4.0,12,LINKUSDT
25,52.0,-0.2066,-5.945,-14.595,-1.431,36.0,20.0,44.0,4,2.5,60,3.0,4.0,24,LINKUSDT
33,60.61,-0.0469,-1.738,-4.927,-0.803,54.5,30.3,15.2,4,2.5,65,1.0,1.5,6,LINKUSDT
33,63.64,-0.1263,-4.307,-7.47,-2.043,57.6,36.4,6.1,4,2.5,65,1.0,1.5,12,LINKUSDT
32,59.38,-0.1856,-6.001,-8.218,-2.888,59.4,40.6,0.0,4,2.5,65,1.0,1.5,24,LINKUSDT
29,72.41,0.1561,4.405,-5.269,2.474,65.5,13.8,20.7,4,2.5,65,1.0,2.5,6,LINKUSDT
29,72.41,-0.0383,-1.401,-7.551,-0.511,69.0,20.7,10.3,4,2.5,65,1.0,2.5,12,LINKUSDT
27,70.37,-0.1519,-4.332,-9.505,-1.889,70.4,25.9,3.7,4,2.5,65,1.0,2.5,24,LINKUSDT
29,75.86,0.2454,7.136,-4.17,3.872,69.0,3.4,27.6,4,2.5,65,1.0,4.0,6,LINKUSDT
28,75.0,0.1012,2.611,-5.507,1.44,71.4,3.6,25.0,4,2.5,65,1.0,4.0,12,LINKUSDT
26,80.77,0.1306,3.125,-7.214,1.615,80.8,7.7,11.5,4,2.5,65,1.0,4.0,24,LINKUSDT
31,58.06,0.0475,1.222,-6.515,0.705,38.7,32.3,29.0,4,2.5,65,1.5,1.5,6,LINKUSDT
31,61.29,0.0862,2.381,-6.515,1.152,54.8,38.7,6.5,4,2.5,65,1.5,1.5,12,LINKUSDT
30,56.67,0.03,0.569,-6.515,0.386,56.7,43.3,0.0,4,2.5,65,1.5,1.5,24,LINKUSDT
27,66.67,0.1937,5.043,-5.269,2.476,48.1,18.5,33.3,4,2.5,65,1.5,2.5,6,LINKUSDT
27,66.67,0.0826,1.829,-5.743,0.902,63.0,25.9,11.1,4,2.5,65,1.5,2.5,12,LINKUSDT
25,64.0,-0.0505,-1.686,-7.857,-0.518,64.0,32.0,4.0,4,2.5,65,1.5,2.5,24,LINKUSDT
27,70.37,0.3292,8.988,-4.17,4.495,48.1,3.7,48.1,4,2.5,65,1.5,4.0,6,LINKUSDT
26,69.23,0.3213,8.345,-4.567,3.893,65.4,3.8,30.8,4,2.5,65,1.5,4.0,12,LINKUSDT
24,75.0,0.3255,7.666,-7.214,3.37,75.0,8.3,16.7,4,2.5,65,1.5,4.0,24,LINKUSDT
31,54.84,0.0982,2.745,-6.515,1.277,32.3,35.5,32.3,4,2.5,65,2.0,1.5,6,LINKUSDT
31,58.06,0.2326,7.004,-6.515,2.657,48.4,41.9,9.7,4,2.5,65,2.0,1.5,12,LINKUSDT
30,53.33,0.1967,5.588,-6.515,2.152,53.3,46.7,0.0,4,2.5,65,2.0,1.5,24,LINKUSDT
27,62.96,0.2804,7.469,-5.269,3.301,37.0,18.5,44.4,4,2.5,65,2.0,2.5,6,LINKUSDT
27,62.96,0.2137,5.344,-5.594,2.015,55.6,29.6,14.8,4,2.5,65,2.0,2.5,12,LINKUSDT
25,60.0,0.0895,1.67,-7.747,0.795,60.0,36.0,4.0,4,2.5,65,2.0,2.5,24,LINKUSDT
27,66.67,0.4159,11.505,-4.17,5.202,37.0,3.7,59.3,4,2.5,65,2.0,4.0,6,LINKUSDT
26,65.38,0.3997,10.358,-4.665,3.844,57.7,7.7,34.6,4,2.5,65,2.0,4.0,12,LINKUSDT
24,70.83,0.4505,10.709,-7.214,3.82,70.8,12.5,16.7,4,2.5,65,2.0,4.0,24,LINKUSDT
30,53.33,-0.0394,-1.503,-6.515,-0.503,10.0,36.7,53.3,4,2.5,65,3.0,1.5,6,LINKUSDT
30,46.67,0.0125,-0.131,-6.515,0.13,16.7,50.0,33.3,4,2.5,65,3.0,1.5,12,LINKUSDT
29,41.38,0.0379,0.461,-6.515,0.344,34.5,58.6,6.9,4,2.5,65,3.0,1.5,24,LINKUSDT
26,61.54,0.1494,3.578,-5.269,1.702,11.5,19.2,69.2,4,2.5,65,3.0,2.5,6,LINKUSDT
26,50.0,-0.1591,-4.624,-11.028,-1.425,15.4,34.6,50.0,4,2.5,65,3.0,2.5,12,LINKUSDT
24,45.83,-0.3686,-9.22,-14.772,-2.714,37.5,54.2,8.3,4,2.5,65,3.0,2.5,24,LINKUSDT
26,65.38,0.3138,8.127,-4.17,3.754,11.5,3.8,84.6,4,2.5,65,3.0,4.0,6,LINKUSDT
25,56.0,0.1173,2.285,-8.166,0.97,20.0,12.0,68.0,4,2.5,65,3.0,4.0,12,LINKUSDT
22,59.09,0.1052,1.482,-8.928,0.728,40.9,18.2,40.9,4,2.5,65,3.0,4.0,24,LINKUSDT
24,62.5,-0.0497,-1.348,-4.927,-0.813,62.5,33.3,4.2,4,2.5,70,1.0,1.5,6,LINKUSDT
24,62.5,-0.1075,-2.721,-4.986,-1.697,62.5,37.5,0.0,4,2.5,70,1.0,1.5,12,LINKUSDT
24,62.5,-0.1075,-2.721,-4.986,-1.697,62.5,37.5,0.0,4,2.5,70,1.0,1.5,24,LINKUSDT
22,72.73,0.1837,3.952,-5.269,2.901,72.7,13.6,13.6,4,2.5,70,1.0,2.5,6,LINKUSDT
22,72.73,-0.006,-0.367,-5.269,-0.078,72.7,22.7,4.5,4,2.5,70,1.0,2.5,12,LINKUSDT
22,77.27,0.0345,0.522,-5.269,0.45,77.3,22.7,0.0,4,2.5,70,1.0,2.5,24,LINKUSDT
22,77.27,0.2637,5.769,-4.17,3.908,77.3,4.5,18.2,4,2.5,70,1.0,4.0,6,LINKUSDT
21,76.19,0.1315,2.577,-4.17,1.772,76.2,4.8,19.0,4,2.5,70,1.0,4.0,12,LINKUSDT
21,85.71,0.2507,5.143,-4.17,3.18,85.7,9.5,4.8,4,2.5,70,1.0,4.0,24,LINKUSDT
23,60.87,0.11,2.342,-6.515,1.541,47.8,34.8,17.4,4,2.5,70,1.5,1.5,6,LINKUSDT
23,60.87,0.1561,3.397,-6.515,2.037,60.9,39.1,0.0,4,2.5,70,1.5,1.5,12,LINKUSDT
23,60.87,0.1561,3.397,-6.515,2.037,60.9,39.1,0.0,4,2.5,70,1.5,1.5,24,LINKUSDT
21,66.67,0.2594,5.325,-5.269,3.209,57.1,19.0,23.8,4,2.5,70,1.5,2.5,6,LINKUSDT
21,66.67,0.1209,2.223,-5.269,1.291,66.7,28.6,4.8,4,2.5,70,1.5,2.5,12,LINKUSDT
21,71.43,0.1871,3.646,-5.269,1.979,71.4,28.6,0.0,4,2.5,70,1.5,2.5,24,LINKUSDT
21,71.43,0.3941,8.357,-4.17,5.064,57.1,4.8,38.1,4,2.5,70,1.5,4.0,6,LINKUSDT
20,70.0,0.3805,7.6,-4.17,4.438,70.0,5.0,25.0,4,2.5,70,1.5,4.0,12,LINKUSDT
20,80.0,0.4756,9.594,-4.17,5.051,80.0,10.0,10.0,4,2.5,70,1.5,4.0,24,LINKUSDT
23,56.52,0.0623,1.179,-6.515,0.791,30.4,39.1,30.4,4,2.5,70,2.0,1.5,6,LINKUSDT
22,50.0,0.0276,0.288,-6.515,0.309,40.9,50.0,9.1,4,2.5,70,2.0,1.5,12,LINKUSDT
22,50.0,0.0139,-0.016,-6.515,0.155,45.5,50.0,4.5,4,2.5,70,2.0,1.5,24,LINKUSDT
21,61.9,0.2972,6.123,-5.269,3.427,38.1,19.0,42.9,4,2.5,70,2.0,2.5,6,LINKUSDT
20,55.0,-0.1222,-2.858,-9.43,-1.1,45.0,40.0,15.0,4,2.5,70,2.0,2.5,12,LINKUSDT
20,60.0,-0.0427,-1.319,-9.43,-0.377,55.0,40.0,5.0,4,2.5,70,2.0,2.5,24,LINKUSDT
21,66.67,0.432,9.178,-4.17,5.156,38.1,4.8,57.1,4,2.5,70,2.0,4.0,6,LINKUSDT
19,57.89,0.078,1.043,-7.734,0.693,47.4,10.5,42.1,4,2.5,70,2.0,4.0,12,LINKUSDT
19,73.68,0.433,8.017,-5.375,3.634,68.4,15.8,15.8,4,2.5,70,2.0,4.0,24,LINKUSDT
23,56.52,0.0889,1.756,-6.515,1.043,13.0,39.1,47.8,4,2.5,70,3.0,1.5,6,LINKUSDT
22,40.91,-0.0515,-1.517,-6.515,-0.518,18.2,54.5,27.3,4,2.5,70,3.0,1.5,12,LINKUSDT
22,40.91,0.0593,0.81,-6.515,0.531,36.4,59.1,4.5,4,2.5,70,3.0,1.5,24,LINKUSDT
21,61.9,0.2877,5.878,-5.269,3.14,14.3,19.0,66.7,4,2.5,70,3.0,2.5,6,LINKUSDT
20,45.0,-0.4269,-8.64,-9.787,-3.738,15.0,45.0,40.0,4,2.5,70,3.0,2.5,12,LINKUSDT
20,50.0,-0.1729,-4.052,-10.108,-1.272,40.0,50.0,10.0,4,2.5,70,3.0,2.5,24,LINKUSDT
21,66.67,0.4518,9.594,-4.17,5.076,14.3,4.8,81.0,4,2.5,70,3.0,4.0,6,LINKUSDT
19,52.63,-0.1141,-2.717,-7.139,-0.882,21.1,15.8,63.2,4,2.5,70,3.0,4.0,12,LINKUSDT
19,68.42,0.5129,9.371,-4.17,3.465,52.6,21.1,26.3,4,2.5,70,3.0,4.0,24,LINKUSDT
133,51.88,-0.2873,-32.399,-36.919,-4.771,45.1,36.8,18.0,6,1.0,55,1.0,1.5,6,LINKUSDT
127,53.54,-0.3119,-33.388,-36.084,-4.895,50.4,43.3,6.3,6,1.0,55,1.0,1.5,12,LINKUSDT
126,56.35,-0.2711,-29.652,-33.056,-4.198,54.8,43.7,1.6,6,1.0,55,1.0,1.5,24,LINKUSDT
110,57.27,-0.2724,-26.685,-31.671,-3.812,50.0,18.2,31.8,6,1.0,55,1.0,2.5,6,LINKUSDT
105,62.86,-0.2992,-27.877,-32.529,-3.785,59.0,24.8,16.2,6,1.0,55,1.0,2.5,12,LINKUSDT
97,67.01,-0.2674,-23.809,-28.092,-3.241,64.9,28.9,6.2,6,1.0,55,1.0,2.5,24,LINKUSDT
103,57.28,-0.3589,-31.898,-36.003,-4.229,51.5,8.7,39.8,6,1.0,55,1.0,4.0,6,LINKUSDT
90,62.22,-0.4486,-34.284,-40.029,-4.722,56.7,14.4,28.9,6,1.0,55,1.0,4.0,12,LINKUSDT
80,68.75,-0.4979,-34.105,-38.321,-4.567,66.2,22.5,11.2,6,1.0,55,1.0,4.0,24,LINKUSDT
118,45.76,-0.2639,-27.481,-32.831,-3.99,28.0,37.3,34.7,6,1.0,55,1.5,1.5,6,LINKUSDT
115,47.83,-0.2142,-22.755,-28.123,-2.881,41.7,46.1,12.2,6,1.0,55,1.5,1.5,12,LINKUSDT
109,49.54,-0.183,-19.058,-25.94,-2.378,46.8,48.6,4.6,6,1.0,55,1.5,1.5,24,LINKUSDT
102,48.04,-0.3596,-31.564,-37.567,-4.542,28.4,21.6,50.0,6,1.0,55,1.5,2.5,6,LINKUSDT
96,52.08,-0.3274,-28.107,-35.354,-3.535,47.9,30.2,21.9,6,1.0,55,1.5,2.5,12,LINKUSDT
85,55.29,-0.3305,-25.65,-32.307,-3.385,51.8,36.5,11.8,6,1.0,55,1.5,2.5,24,LINKUSDT
97,49.48,-0.4522,-36.584,-41.759,-4.829,29.9,11.3,58.8,6,1.0,55,1.5,4.0,6,LINKUSDT
84,54.76,-0.4194,-30.974,-39.621,-3.943,45.2,16.7,38.1,6,1.0,55,1.5,4.0,12,LINKUSDT
72,61.11,-0.4749,-30.48,-37.535,-3.818,56.9,26.4,16.7,6,1.0,55,1.5,4.0,24,LINKUSDT
114,42.11,-0.2264,-23.626,-31.331,-3.098,21.9,38.6,39.5,6,1.0,55,2.0,1.5,6,LINKUSDT
111,45.95,-0.1505,-16.557,-25.046,-1.826,32.4,47.7,19.8,6,1.0,55,2.0,1.5,12,LINKUSDT
104,47.12,-0.0517,-6.641,-17.983,-0.582,43.3,51.0,5.8,6,1.0,55,2.0,1.5,24,LINKUSDT
100,45.0,-0.3273,-28.877,-35.325,-3.902,20.0,21.0,59.0,6,1.0,55,2.0,2.5,6,LINKUSDT
91,48.35,-0.289,-24.414,-31.842,-2.904,35.2,30.8,34.1,6,1.0,55,2.0,2.5,12,LINKUSDT
80,52.5,-0.1935,-15.873,-25.527,-1.754,48.8,38.8,12.5,6,1.0,55,2.0,2.5,24,LINKUSDT
94,45.74,-0.482,-37.535,-43.355,-4.972,18.1,11.7,70.2,6,1.0,55,2.0,4.0,6,LINKUSDT
79,50.63,-0.4372,-30.584,-39.689,-3.856,32.9,17.7,49.4,6,1.0,55,2.0,4.0,12,LINKUSDT
66,53.03,-0.5369,-31.471,-39.874,-3.959,47.0,28.8,24.2,6,1.0,55,2.0,4.0,24,LINKUSDT
110,40.0,-0.2614,-25.878,-32.766,-3.446,6.4,39.1,54.5,6,1.0,55,3.0,1.5,6,LINKUSDT
102,45.1,-0.0578,-7.268,-19.779,-0.613,17.6,49.0,33.3,6,1.0,55,3.0,1.5,12,LINKUSDT
92,42.39,0.0495,2.677,-15.025,0.462,30.4,55.4,14.1,6,1.0,55,3.0,1.5,24,LINKUSDT
95,43.16,-0.4428,-35.191,-40.528,-5.322,4.2,22.1,73.7,6,1.0,55,3.0,2.5,6,LINKUSDT
85,43.53,-0.3867,-29.339,-37.305,-3.6,15.3,34.1,50.6,6,1.0,55,3.0,2.5,12,LINKUSDT
70,45.71,-0.1909,-14.349,-27.615,-1.485,31.4,44.3,24.3,6,1.0,55,3.0,2.5,24,LINKUSDT
92,45.65,-0.5048,-38.266,-43.386,-5.097,4.3,12.0,83.7,6,1.0,55,3.0,4.0,6,LINKUSDT
76,50.0,-0.3476,-24.923,-35.185,-2.774,19.7,18.4,61.8,6,1.0,55,3.0,4.0,12,LINKUSDT
61,50.82,-0.3751,-22.591,-34.558,-2.432,34.4,31.1,34.4,6,1.0,55,3.0,4.0,24,LINKUSDT
101,47.52,-0.3165,-27.89,-30.235,-5.242,45.5,37.6,16.8,6,1.0,60,1.0,1.5,6,LINKUSDT
96,52.08,-0.344,-28.683,-29.27,-5.391,50.0,44.8,5.2,6,1.0,60,1.0,1.5,12,LINKUSDT
95,53.68,-0.3279,-27.345,-28.536,-5.025,53.7,46.3,0.0,6,1.0,60,1.0,1.5,24,LINKUSDT
85,51.76,-0.3598,-27.001,-29.679,-4.948,47.1,21.2,31.8,6,1.0,60,1.0,2.5,6,LINKUSDT
82,58.54,-0.4175,-29.763,-32.085,-5.081,57.3,29.3,13.4,6,1.0,60,1.0,2.5,12,LINKUSDT
74,63.51,-0.4021,-26.534,-28.333,-4.664,63.5,33.8,2.7,6,1.0,60,1.0,2.5,24,LINKUSDT
79,49.37,-0.4464,-30.482,-32.476,-5.383,44.3,10.1,45.6,6,1.0,60,1.0,4.0,6,LINKUSDT
69,59.42,-0.447,-27.444,-30.992,-4.7,56.5,14.5,29.0,6,1.0,60,1.0,4.0,12,LINKUSDT
60,66.67,-0.5538,-29.295,-31.027,-5.065,66.7,21.7,11.7,6,1.0,60,1.0,4.0,24,LINKUSDT
92,40.22,-0.2945,-24.345,-26.318,-4.381,30.4,39.1,30.4,6,1.0,60,1.5,1.5,6,LINKUSDT
89,47.19,-0.2288,-19.182,-20.243,-3.063,42.7,47.2,10.1,6,1.0,60,1.5,1.5,12,LINKUSDT
85,48.24,-0.2137,-17.406,-19.56,-2.749,47.1,50.6,2.4,6,1.0,60,1.5,1.5,24,LINKUSDT
81,43.21,-0.3812,-27.313,-30.972,-4.753,30.9,23.5,45.7,6,1.0,60,1.5,2.5,6,LINKUSDT
77,51.95,-0.3553,-24.924,-28.827,-3.779,48.1,32.5,19.5,6,1.0,60,1.5,2.5,12,LINKUSDT
67,53.73,-0.3825,-23.583,-26.649,-3.855,52.2,38.8,9.0,6,1.0,60,1.5,2.5,24,LINKUSDT
74,41.89,-0.4906,-31.32,-33.91,-5.297,31.1,12.2,56.8,6,1.0,60,1.5,4.0,6,LINKUSDT
65,53.85,-0.4216,-25.067,-29.977,-3.929,44.6,16.9,38.5,6,1.0,60,1.5,4.0,12,LINKUSDT
54,57.41,-0.5702,-27.709,-30.61,-4.574,55.6,25.9,18.5,6,1.0,60,1.5,4.0,24,LINKUSDT
89,35.96,-0.2914,-23.532,-26.034,-4.009,20.2,40.4,39.3,6,1.0,60,2.0,1.5,6,LINKUSDT
85,44.71,-0.1761,-14.835,-16.912,-2.115,34.1,49.4,16.5,6,1.0,60,2.0,1.5,12,LINKUSDT
81,44.44,-0.1167,-10.098,-13.81,-1.3,42.0,54.3,3.7,6,1.0,60,2.0,1.5,24,LINKUSDT
79,39.24,-0.4129,-28.591,-31.097,-5.02,16.5,22.8,60.8,6,1.0,60,2.0,2.5,6,LINKUSDT
71,46.48,-0.3865,-25.029,-27.681,-3.863,33.8,33.8,32.4,6,1.0,60,2.0,2.5,12,LINKUSDT
61,45.9,-0.4008,-22.794,-25.832,-3.631,44.3,42.6,13.1,6,1.0,60,2.0,2.5,24,LINKUSDT
73,38.36,-0.503,-31.648,-33.107,-5.265,17.8,12.3,69.9,6,1.0,60,2.0,4.0,6,LINKUSDT
61,47.54,-0.4965,-27.267,-31.181,-4.352,32.8,18.0,49.2,6,1.0,60,2.0,4.0,12,LINKUSDT
50,48.0,-0.6596,-29.391,-32.169,-4.865,46.0,28.0,26.0,6,1.0,60,2.0,4.0,24,LINKUSDT
87,33.33,-0.3551,-27.242,-29.932,-4.829,4.6,41.4,54.0,6,1.0,60,3.0,1.5,6,LINKUSDT
80,41.25,-0.1264,-10.775,-15.542,-1.346,16.2,51.2,32.5,6,1.0,60,3.0,1.5,12,LINKUSDT
75,40.0,-0.0081,-2.142,-14.023,-0.075,28.0,58.7,13.3,6,1.0,60,3.0,1.5,24,LINKUSDT
76,38.16,-0.5028,-32.456,-34.35,-6.168,3.9,23.7,72.4,6,1.0,60,3.0,2.5,6,LINKUSDT
67,41.79,-0.4106,-25.139,-27.322,-3.87,13.4,34.3,52.2,6,1.0,60,3.0,2.5,12,LINKUSDT
56,39.29,-0.3437,-18.913,-26.43,-2.68,32.1,46.4,21.4,6,1.0,60,3.0,2.5,24,LINKUSDT
71,38.03,-0.5812,-34.67,-35.542,-6.142,2.8,12.7,84.5,6,1.0,60,3.0,4.0,6,LINKUSDT
58,44.83,-0.4406,-23.831,-28.049,-3.6,13.8,19.0,67.2,6,1.0,60,3.0,4.0,12,LINKUSDT
47,42.55,-0.5223,-23.399,-27.557,-3.404,34.0,29.8,36.2,6,1.0,60,3.0,4.0,24,LINKUSDT
74,50.0,-0.2481,-17.178,-20.137,-4.232,43.2,35.1,21.6,6,1.0,65,1.0,1.5,6,LINKUSDT
73,58.9,-0.1878,-13.282,-15.406,-3.0,56.2,38.4,5.5,6,1.0,65,1.0,1.5,12,LINKUSDT
72,56.94,-0.2464,-16.738,-18.103,-3.803,56.9,43.1,0.0,6,1.0,65,1.0,1.5,24,LINKUSDT
63,60.32,-0.0784,-5.314,-12.514,-1.176,54.0,15.9,30.2,6,1.0,65,1.0,2.5,6,LINKUSDT
61,67.21,-0.1365,-8.604,-13.074,-1.778,65.6,23.0,11.5,6,1.0,65,1.0,2.5,12,LINKUSDT
57,70.18,-0.1878,-10.798,-15.555,-2.281,70.2,28.1,1.8,6,1.0,65,1.0,2.5,24,LINKUSDT
63,60.32,-0.1917,-12.063,-16.09,-2.369,52.4,9.5,38.1,6,1.0,65,1.0,4.0,6,LINKUSDT
55,65.45,-0.2638,-14.263,-17.779,-2.886,63.6,12.7,23.6,6,1.0,65,1.0,4.0,12,LINKUSDT
48,72.92,-0.2662,-12.813,-14.948,-2.634,72.9,16.7,10.4,6,1.0,65,1.0,4.0,24,LINKUSDT
69,44.93,-0.2085,-13.894,-16.663,-3.142,30.4,36.2,33.3,6,1.0,65,1.5,1.5,6,LINKUSDT
68,55.88,-0.0403,-3.373,-9.4,-0.542,48.5,41.2,10.3,6,1.0,65,1.5,1.5,12,LINKUSDT
67,52.24,-0.1028,-7.363,-10.614,-1.311,52.2,47.8,0.0,6,1.0,65,1.5,1.5,24,LINKUSDT
60,53.33,0.0044,-0.336,-9.915,0.06,38.3,15.0,46.7,6,1.0,65,1.5,2.5,6,LINKUSDT
57,63.16,0.0154,0.052,-10.019,0.173,56.1,24.6,19.3,6,1.0,65,1.5,2.5,12,LINKUSDT
54,62.96,-0.0908,-5.691,-15.205,-0.926,61.1,33.3,5.6,6,1.0,65,1.5,2.5,24,LINKUSDT
59,54.24,-0.0678,-4.698,-11.153,-0.786,40.7,8.5,50.8,6,1.0,65,1.5,4.0,6,LINKUSDT
51,62.75,-0.0984,-5.81,-11.88,-0.975,52.9,11.8,35.3,6,1.0,65,1.5,4.0,12,LINKUSDT
43,65.12,-0.0972,-4.995,-11.348,-0.895,60.5,14.0,25.6,6,1.0,65,1.5,4.0,24,LINKUSDT
67,41.79,-0.1676,-11.233,-14.95,-2.256,22.4,38.8,38.8,6,1.0,65,2.0,1.5,6,LINKUSDT
66,53.03,0.0519,2.585,-7.838,0.61,40.9,43.9,15.2,6,1.0,65,2.0,1.5,12,LINKUSDT
64,46.88,-0.039,-3.387,-7.838,-0.432,43.8,51.6,4.7,6,1.0,65,2.0,1.5,24,LINKUSDT
57,49.12,0.0208,0.536,-7.798,0.264,24.6,14.0,61.4,6,1.0,65,2.0,2.5,6,LINKUSDT
53,58.49,0.0736,2.988,-9.128,0.743,45.3,26.4,28.3,6,1.0,65,2.0,2.5,12,LINKUSDT
49,55.1,-0.1306,-7.25,-13.384,-1.17,49.0,38.8,12.2,6,1.0,65,2.0,2.5,24,LINKUSDT
57,50.88,-0.029,-2.43,-8.398,-0.331,24.6,7.0,68.4,6,1.0,65,2.0,4.0,6,LINKUSDT
48,58.33,-0.0457,-3.219,-10.687,-0.414,41.7,12.5,45.8,6,1.0,65,2.0,4.0,12,LINKUSDT
40,57.5,-0.139,-6.465,-10.146,-1.13,50.0,15.0,35.0,6,1.0,65,2.0,4.0,24,LINKUSDT
66,37.88,-0.2824,-17.552,-21.35,-3.888,4.5,39.4,56.1,6,1.0,65,3.0,1.5,6,LINKUSDT
63,49.21,0.0688,3.368,-9.998,0.728,15.9,46.0,38.1,6,1.0,65,3.0,1.5,12,LINKUSDT
60,41.67,0.0866,3.964,-10.094,0.79,31.7,56.7,11.7,6,1.0,65,3.0,1.5,24,LINKUSDT
56,44.64,-0.1539,-8.793,-13.039,-2.052,3.6,14.3,82.1,6,1.0,65,3.0,2.5,6,LINKUSDT
51,54.9,0.0072,-0.672,-12.163,0.068,15.7,27.5,56.9,6,1.0,65,3.0,2.5,12,LINKUSDT
45,51.11,0.0583,1.192,-15.434,0.44,37.8,42.2,20.0,6,1.0,65,3.0,2.5,24,LINKUSDT
56,46.43,-0.1905,-10.788,-14.897,-2.26,3.6,7.1,89.3,6,1.0,65,3.0,4.0,6,LINKUSDT
46,56.52,-0.0622,-3.968,-12.78,-0.526,17.4,13.0,69.6,6,1.0,65,3.0,4.0,12,LINKUSDT
39,53.85,0.0403,0.054,-12.585,0.277,38.5,17.9,43.6,6,1.0,65,3.0,4.0,24,LINKUSDT
43,60.47,-0.0937,-4.226,-8.682,-1.549,58.1,32.6,9.3,6,1.0,70,1.0,1.5,6,LINKUSDT
41,60.98,-0.1456,-6.088,-9.89,-2.281,61.0,39.0,0.0,6,1.0,70,1.0,1.5,12,LINKUSDT
41,60.98,-0.1456,-6.088,-9.89,-2.281,61.0,39.0,0.0,6,1.0,70,1.0,1.5,24,LINKUSDT
37,67.57,0.0513,1.624,-5.269,0.791,67.6,10.8,21.6,6,1.0,70,1.0,2.5,6,LINKUSDT
33,72.73,0.0455,1.196,-5.927,0.635,72.7,18.2,9.1,6,1.0,70,1.0,2.5,12,LINKUSDT
33,75.76,0.0339,0.777,-7.144,0.451,75.8,21.2,3.0,6,1.0,70,1.0,2.5,24,LINKUSDT
35,68.57,0.0513,1.493,-6.398,0.738,68.6,2.9,28.6,6,1.0,70,1.0,4.0,6,LINKUSDT
28,75.0,0.0091,-0.1,-6.747,0.11,75.0,7.1,17.9,6,1.0,70,1.0,4.0,12,LINKUSDT
28,82.14,0.0187,0.069,-9.151,0.2,82.1,14.3,3.6,6,1.0,70,1.0,4.0,24,LINKUSDT
40,60.0,0.1694,6.622,-6.158,2.419,50.0,30.0,20.0,6,1.0,70,1.5,1.5,6,LINKUSDT
38,60.53,0.1458,5.261,-5.737,1.899,60.5,39.5,0.0,6,1.0,70,1.5,1.5,12,LINKUSDT
38,60.53,0.1458,5.261,-5.737,1.899,60.5,39.5,0.0,6,1.0,70,1.5,1.5,24,LINKUSDT
35,62.86,0.241,8.392,-5.269,3.188,54.3,11.4,34.3,6,1.0,70,1.5,2.5,6,LINKUSDT
31,70.97,0.3498,10.98,-5.269,4.143,71.0,19.4,9.7,6,1.0,70,1.5,2.5,12,LINKUSDT
31,74.19,0.3535,11.069,-6.22,4.018,74.2,22.6,3.2,6,1.0,70,1.5,2.5,24,LINKUSDT
34,61.76,0.1774,5.789,-6.398,2.219,52.9,2.9,44.1,6,1.0,70,1.5,4.0,6,LINKUSDT
27,74.07,0.3175,8.46,-6.284,3.389,70.4,7.4,22.2,6,1.0,70,1.5,4.0,12,LINKUSDT
27,81.48,0.3489,9.264,-8.7,3.349,77.8,14.8,7.4,6,1.0,70,1.5,4.0,24,LINKUSDT
40,57.5,0.2362,9.397,-6.158,2.981,37.5,32.5,30.0,6,1.0,70,2.0,1.5,6,LINKUSDT
37,54.05,0.1539,5.29,-4.927,1.73,45.9,45.9,8.1,6,1.0,70,2.0,1.5,12,LINKUSDT
37,54.05,0.1826,6.397,-4.927,2.023,51.4,45.9,2.7,6,1.0,70,2.0,1.5,24,LINKUSDT
35,60.0,0.3429,12.233,-5.269,4.134,40.0,11.4,48.6,6,1.0,70,2.0,2.5,6,LINKUSDT
30,63.33,0.257,7.397,-7.772,2.536,50.0,26.7,23.3,6,1.0,70,2.0,2.5,12,LINKUSDT
30,63.33,0.2691,7.727,-7.772,2.535,60.0,30.0,10.0,6,1.0,70,2.0,2.5,24,LINKUSDT
34,58.82,0.2676,9.0,-6.398,3.086,38.2,2.9,58.8,6,1.0,70,2.0,4.0,6,LINKUSDT
26,65.38,0.1075,2.196,-8.96,0.945,46.2,11.5,42.3,6,1.0,70,2.0,4.0,12,LINKUSDT
26,76.92,0.409,10.375,-8.25,3.291,69.2,19.2,11.5,6,1.0,70,2.0,4.0,24,LINKUSDT
39,53.85,0.1856,6.955,-6.158,2.19,12.8,33.3,53.8,6,1.0,70,3.0,1.5,6,LINKUSDT
36,50.0,0.2003,6.776,-5.828,2.012,16.7,47.2,36.1,6,1.0,70,3.0,1.5,12,LINKUSDT
35,45.71,0.2424,7.983,-7.053,2.164,37.1,54.3,8.6,6,1.0,70,3.0,1.5,24,LINKUSDT
34,55.88,0.262,8.778,-5.269,2.968,14.7,11.8,73.5,6,1.0,70,3.0,2.5,6,LINKUSDT
29,55.17,-0.0409,-1.774,-9.538,-0.383,13.8,31.0,55.2,6,1.0,70,3.0,2.5,12,LINKUSDT
29,55.17,0.1282,2.834,-10.108,0.971,41.4,41.4,17.2,6,1.0,70,3.0,2.5,24,LINKUSDT
33,54.55,0.1703,5.259,-6.398,1.889,12.1,3.0,84.8,6,1.0,70,3.0,4.0,6,LINKUSDT
26,61.54,0.0317,0.028,-7.139,0.246,19.2,15.4,65.4,6,1.0,70,3.0,4.0,12,LINKUSDT
26,73.08,0.5689,14.674,-7.349,3.822,50.0,23.1,26.9,6,1.0,70,3.0,4.0,24,LINKUSDT
104,54.81,-0.2275,-21.649,-26.799,-3.732,51.0,35.6,13.5,6,1.5,55,1.0,1.5,6,LINKUSDT
98,54.08,-0.2957,-25.747,-27.074,-4.593,53.1,43.9,3.1,6,1.5,55,1.0,1.5,12,LINKUSDT
97,55.67,-0.2782,-24.256,-27.675,-4.28,55.7,44.3,0.0,6,1.5,55,1.0,1.5,24,LINKUSDT
91,61.54,-0.1844,-16.205,-19.279,-2.544,58.2,17.6,24.2,6,1.5,55,1.0,2.5,6,LINKUSDT
84,63.1,-0.3101,-23.733,-26.254,-3.853,60.7,26.2,13.1,6,1.5,55,1.0,2.5,12,LINKUSDT
79,63.29,-0.3813,-26.827,-29.206,-4.491,63.3,31.6,5.1,6,1.5,55,1.0,2.5,24,LINKUSDT
81,61.73,-0.2262,-17.621,-20.798,-2.72,59.3,8.6,32.1,6,1.5,55,1.0,4.0,6,LINKUSDT
72,68.06,-0.319,-21.513,-25.556,-3.346,65.3,13.9,20.8,6,1.5,55,1.0,4.0,12,LINKUSDT
66,69.7,-0.4472,-26.652,-29.807,-4.177,69.7,19.7,10.6,6,1.5,55,1.0,4.0,24,LINKUSDT
93,51.61,-0.1752,-15.719,-20.517,-2.566,31.2,36.6,32.3,6,1.5,55,1.5,1.5,6,LINKUSDT
89,48.31,-0.2057,-17.514,-19.665,-2.733,43.8,47.2,9.0,6,1.5,55,1.5,1.5,12,LINKUSDT
87,48.28,-0.1897,-16.036,-19.299,-2.444,48.3,49.4,2.3,6,1.5,55,1.5,1.5,24,LINKUSDT
81,54.32,-0.2516,-19.273,-23.166,-3.074,32.1,21.0,46.9,6,1.5,55,1.5,2.5,6,LINKUSDT
75,54.67,-0.3242,-22.572,-26.598,-3.436,49.3,32.0,18.7,6,1.5,55,1.5,2.5,12,LINKUSDT
70,52.86,-0.4044,-25.654,-29.574,-4.061,52.9,38.6,8.6,6,1.5,55,1.5,2.5,24,LINKUSDT
75,54.67,-0.2793,-19.871,-22.721,-3.045,33.3,10.7,56.0,6,1.5,55,1.5,4.0,6,LINKUSDT
67,64.18,-0.1928,-13.357,-19.654,-1.816,53.7,14.9,31.3,6,1.5,55,1.5,4.0,12,LINKUSDT
61,62.3,-0.3323,-19.688,-24.433,-2.779,60.7,21.3,18.0,6,1.5,55,1.5,4.0,24,LINKUSDT
88,45.45,-0.1841,-15.735,-22.383,-2.456,22.7,38.6,38.6,6,1.5,55,2.0,1.5,6,LINKUSDT
83,44.58,-0.1831,-15.022,-18.137,-2.188,32.5,50.6,16.9,6,1.5,55,2.0,1.5,12,LINKUSDT
81,43.21,-0.129,-10.991,-16.265,-1.44,42.0,54.3,3.7,6,1.5,55,2.0,1.5,24,LINKUSDT
77,46.75,-0.3049,-21.775,-25.497,-3.546,20.8,20.8,58.4,6,1.5,55,2.0,2.5,6,LINKUSDT
69,47.83,-0.4164,-25.985,-28.921,-4.125,31.9,34.8,33.3,6,1.5,55,2.0,2.5,12,LINKUSDT
63,46.03,-0.4415,-25.428,-29.65,-3.929,44.4,44.4,11.1,6,1.5,55,2.0,2.5,24,LINKUSDT
71,46.48,-0.3765,-24.334,-26.309,-4.116,16.9,9.9,73.2,6,1.5,55,2.0,4.0,6,LINKUSDT
61,57.38,-0.2935,-17.63,-23.382,-2.578,34.4,16.4,49.2,6,1.5,55,2.0,4.0,12,LINKUSDT
54,51.85,-0.5516,-27.146,-32.066,-4.117,46.3,25.9,27.8,6,1.5,55,2.0,4.0,24,LINKUSDT
85,44.71,-0.2166,-17.568,-21.887,-2.854,7.1,37.6,55.3,6,1.5,55,3.0,1.5,6,LINKUSDT
78,42.31,-0.0463,-4.823,-12.451,-0.478,17.9,51.3,30.8,6,1.5,55,3.0,1.5,12,LINKUSDT
73,39.73,0.0551,2.455,-11.173,0.502,32.9,57.5,9.6,6,1.5,55,3.0,1.5,24,LINKUSDT
75,46.67,-0.321,-22.237,-25.544,-3.693,8.0,20.0,72.0,6,1.5,55,3.0,2.5,6,LINKUSDT
65,43.08,-0.4382,-25.909,-28.98,-3.982,16.9,36.9,46.2,6,1.5,55,3.0,2.5,12,LINKUSDT
56,41.07,-0.3889,-20.979,-27.387,-2.997,32.1,48.2,19.6,6,1.5,55,3.0,2.5,24,LINKUSDT
69,44.93,-0.4111,-25.529,-27.617,-4.537,5.8,8.7,85.5,6,1.5,55,3.0,4.0,6,LINKUSDT
58,53.45,-0.2311,-14.022,-21.1,-1.839,20.7,17.2,62.1,6,1.5,55,3.0,4.0,12,LINKUSDT
48,47.92,-0.4871,-22.493,-29.665,-3.209,33.3,29.2,37.5,6,1.5,55,3.0,4.0,24,LINKUSDT
84,52.38,-0.2561,-19.84,-20.405,-4.198,50.0,36.9,13.1,6,1.5,60,1.0,1.5,6,LINKUSDT
80,55.0,-0.2847,-20.879,-19.535,-4.428,53.8,43.8,2.5,6,1.5,60,1.0,1.5,12,LINKUSDT
79,56.96,-0.2459,-18.179,-17.925,-3.796,57.0,43.0,0.0,6,1.5,60,1.0,1.5,24,LINKUSDT
74,62.16,-0.1373,-10.289,-16.434,-1.936,59.5,16.2,24.3,6,1.5,60,1.0,2.5,6,LINKUSDT
69,62.32,-0.2698,-17.664,-22.956,-3.424,60.9,24.6,14.5,6,1.5,60,1.0,2.5,12,LINKUSDT
65,66.15,-0.2769,-17.179,-21.016,-3.34,66.2,29.2,4.6,6,1.5,60,1.0,2.5,24,LINKUSDT
66,62.12,-0.1193,-8.194,-9.516,-1.609,57.6,6.1,36.4,6,1.5,60,1.0,4.0,6,LINKUSDT
59,67.8,-0.1216,-7.643,-13.471,-1.447,66.1,8.5,25.4,6,1.5,60,1.0,4.0,12,LINKUSDT
53,73.58,-0.1676,-9.291,-15.141,-1.795,73.6,11.3,15.1,6,1.5,60,1.0,4.0,24,LINKUSDT
74,47.3,-0.2128,-15.138,-16.001,-3.069,33.8,39.2,27.0,6,1.5,60,1.5,1.5,6,LINKUSDT
71,47.89,-0.218,-14.986,-14.454,-2.896,43.7,47.9,8.5,6,1.5,60,1.5,1.5,12,LINKUSDT
69,49.28,-0.1715,-11.852,-12.465,-2.201,49.3,49.3,1.4,6,1.5,60,1.5,1.5,24,LINKUSDT
66,54.55,-0.163,-10.938,-15.439,-1.99,37.9,19.7,42.4,6,1.5,60,1.5,2.5,6,LINKUSDT
61,54.1,-0.262,-15.598,-19.555,-2.843,49.2,29.5,21.3,6,1.5,60,1.5,2.5,12,LINKUSDT
55,54.55,-0.3528,-18.49,-20.72,-3.544,54.5,38.2,7.3,6,1.5,60,1.5,2.5,24,LINKUSDT
60,53.33,-0.2005,-12.092,-14.045,-2.299,36.7,8.3,55.0,6,1.5,60,1.5,4.0,6,LINKUSDT
53,60.38,-0.1388,-7.991,-12.394,-1.401,49.1,11.3,39.6,6,1.5,60,1.5,4.0,12,LINKUSDT
45,62.22,-0.2116,-10.028,-13.384,-1.903,60.0,15.6,24.4,6,1.5,60,1.5,4.0,24,LINKUSDT
72,41.67,-0.2427,-16.664,-18.475,-3.248,20.8,41.7,37.5,6,1.5,60,2.0,1.5,6,LINKUSDT
68,44.12,-0.1751,-12.024,-12.565,-2.06,35.3,51.5,13.2,6,1.5,60,2.0,1.5,12,LINKUSDT
66,43.94,-0.1181,-8.4,-9.927,-1.312,42.4,54.5,3.0,6,1.5,60,2.0,1.5,24,LINKUSDT
63,47.62,-0.2218,-13.78,-16.706,-2.609,20.6,19.0,60.3,6,1.5,60,2.0,2.5,6,LINKUSDT
56,48.21,-0.2944,-16.099,-18.703,-2.93,35.7,32.1,32.1,6,1.5,60,2.0,2.5,12,LINKUSDT
51,47.06,-0.3815,-18.678,-20.493,-3.396,47.1,43.1,9.8,6,1.5,60,2.0,2.5,24,LINKUSDT
58,46.55,-0.2321,-13.311,-13.248,-2.674,19.0,6.9,74.1,6,1.5,60,2.0,4.0,6,LINKUSDT
49,55.1,-0.1654,-8.74,-12.451,-1.546,34.7,12.2,53.1,6,1.5,60,2.0,4.0,12,LINKUSDT
42,52.38,-0.271,-11.825,-17.488,-2.194,50.0,16.7,33.3,6,1.5,60,2.0,4.0,24,LINKUSDT
70,41.43,-0.2793,-18.378,-18.978,-3.705,5.7,41.4,52.9,6,1.5,60,3.0,1.5,6,LINKUSDT
64,40.62,-0.1098,-7.783,-12.415,-1.146,15.6,53.1,31.2,6,1.5,60,3.0,1.5,12,LINKUSDT
60,38.33,-0.0231,-2.633,-11.798,-0.212,30.0,60.0,10.0,6,1.5,60,3.0,1.5,24,LINKUSDT
62,46.77,-0.2905,-17.194,-20.439,-3.41,6.5,19.4,74.2,6,1.5,60,3.0,2.5,6,LINKUSDT
53,41.51,-0.4538,-22.289,-21.755,-4.25,13.2,35.8,50.9,6,1.5,60,3.0,2.5,12,LINKUSDT
46,36.96,-0.5327,-22.855,-23.965,-4.161,30.4,50.0,19.6,6,1.5,60,3.0,2.5,24,LINKUSDT
57,45.61,-0.3421,-18.355,-17.527,-4.072,3.5,7.0,89.5,6,1.5,60,3.0,4.0,6,LINKUSDT
47,48.94,-0.2985,-14.145,-17.241,-2.539,12.8,14.9,72.3,6,1.5,60,3.0,4.0,12,LINKUSDT
38,39.47,-0.5875,-21.161,-23.264,-4.18,28.9,21.1,50.0,6,1.5,60,3.0,4.0,24,LINKUSDT
65,52.31,-0.2385,-14.744,-18.07,-3.989,47.7,35.4,16.9,6,1.5,65,1.0,1.5,6,LINKUSDT
64,59.38,-0.21,-13.002,-13.739,-3.301,56.2,40.6,3.1,6,1.5,65,1.0,1.5,12,LINKUSDT
63,57.14,-0.2414,-14.542,-14.33,-3.728,57.1,42.9,0.0,6,1.5,65,1.0,1.5,24,LINKUSDT
55,63.64,-0.0652,-3.966,-9.368,-0.966,58.2,14.5,27.3,6,1.5,65,1.0,2.5,6,LINKUSDT
52,67.31,-0.1542,-8.237,-12.001,-1.995,65.4,23.1,11.5,6,1.5,65,1.0,2.5,12,LINKUSDT
50,66.0,-0.2957,-14.318,-16.417,-3.536,66.0,30.0,4.0,6,1.5,65,1.0,2.5,24,LINKUSDT
52,63.46,-0.1132,-6.223,-12.697,-1.521,55.8,5.8,38.5,6,1.5,65,1.0,4.0,6,LINKUSDT
45,68.89,-0.1389,-6.628,-9.961,-1.635,66.7,8.9,24.4,6,1.5,65,1.0,4.0,12,LINKUSDT
41,73.17,-0.2325,-9.773,-11.41,-2.365,73.2,14.6,12.2,6,1.5,65,1.0,4.0,24,LINKUSDT
59,49.15,-0.1661,-9.798,-12.946,-2.431,32.2,37.3,30.5,6,1.5,65,1.5,1.5,6,LINKUSDT
58,56.9,-0.0753,-4.839,-7.527,-1.01,46.6,43.1,10.3,6,1.5,65,1.5,1.5,12,LINKUSDT
57,52.63,-0.0911,-5.667,-8.766,-1.161,52.6,47.4,0.0,6,1.5,65,1.5,1.5,24,LINKUSDT
51,58.82,0.0128,0.093,-7.675,0.165,39.2,15.7,45.1,6,1.5,65,1.5,2.5,6,LINKUSDT
48,64.58,-0.0128,-1.304,-8.942,-0.144,54.2,25.0,20.8,6,1.5,65,1.5,2.5,12,LINKUSDT
46,60.87,-0.1653,-8.095,-12.879,-1.669,60.9,34.8,4.3,6,1.5,65,1.5,2.5,24,LINKUSDT
49,57.14,-0.0723,-4.097,-10.247,-0.863,38.8,6.1,55.1,6,1.5,65,1.5,4.0,6,LINKUSDT
42,66.67,-0.0187,-1.477,-7.481,-0.197,50.0,9.5,40.5,6,1.5,65,1.5,4.0,12,LINKUSDT
37,64.86,-0.0508,-2.591,-8.434,-0.487,62.2,10.8,27.0,6,1.5,65,1.5,4.0,24,LINKUSDT
57,45.61,-0.1257,-7.489,-11.406,-1.638,24.6,40.4,35.1,6,1.5,65,2.0,1.5,6,LINKUSDT
56,53.57,0.001,-0.686,-6.726,0.011,39.3,46.4,14.3,6,1.5,65,2.0,1.5,12,LINKUSDT
54,48.15,-0.0063,-1.14,-6.515,-0.069,44.4,51.9,3.7,6,1.5,65,2.0,1.5,24,LINKUSDT
47,53.19,-0.0013,-0.652,-7.106,-0.016,25.5,14.9,59.6,6,1.5,65,2.0,2.5,6,LINKUSDT
44,59.09,0.0151,-0.131,-8.962,0.152,43.2,27.3,29.5,6,1.5,65,2.0,2.5,12,LINKUSDT
41,53.66,-0.2109,-9.176,-13.573,-1.86,48.8,41.5,9.8,6,1.5,65,2.0,2.5,24,LINKUSDT
46,52.17,-0.0833,-4.336,-8.211,-0.992,21.7,4.3,73.9,6,1.5,65,2.0,4.0,6,LINKUSDT
39,61.54,0.0076,-0.483,-7.182,0.073,38.5,10.3,51.3,6,1.5,65,2.0,4.0,12,LINKUSDT
34,58.82,-0.0756,-3.452,-8.278,-0.617,52.9,14.7,32.4,6,1.5,65,2.0,4.0,24,LINKUSDT
56,41.07,-0.304,-16.118,-17.917,-4.248,3.6,41.1,55.4,6,1.5,65,3.0,1.5,6,LINKUSDT
53,49.06,0.0088,-0.386,-6.515,0.094,13.2,49.1,37.7,6,1.5,65,3.0,1.5,12,LINKUSDT
49,36.73,-0.0884,-5.224,-9.598,-0.819,28.6,61.2,10.2,6,1.5,65,3.0,1.5,24,LINKUSDT
47,48.94,-0.1544,-7.518,-10.149,-1.929,6.4,14.9,78.7,6,1.5,65,3.0,2.5,6,LINKUSDT
42,52.38,-0.2153,-9.418,-14.739,-2.064,11.9,31.0,57.1,6,1.5,65,3.0,2.5,12,LINKUSDT
39,46.15,-0.2079,-8.913,-14.219,-1.588,33.3,46.2,20.5,6,1.5,65,3.0,2.5,24,LINKUSDT
46,47.83,-0.2511,-11.393,-13.461,-3.18,4.3,4.3,91.3,6,1.5,65,3.0,4.0,6,LINKUSDT
38,57.89,-0.1406,-6.078,-10.553,-1.225,10.5,13.2,76.3,6,1.5,65,3.0,4.0,12,LINKUSDT
33,51.52,-0.1018,-4.481,-11.122,-0.716,33.3,15.2,51.5,6,1.5,65,3.0,4.0,24,LINKUSDT
40,60.0,-0.1216,-5.02,-9.03,-1.96,60.0,35.0,5.0,6,1.5,70,1.0,1.5,6,LINKUSDT
39,58.97,-0.1956,-7.628,-11.368,-3.04,59.0,41.0,0.0,6,1.5,70,1.0,1.5,12,LINKUSDT
39,58.97,-0.1956,-7.628,-11.368,-3.04,59.0,41.0,0.0,6,1.5,70,1.0,1.5,24,LINKUSDT
34,67.65,0.018,0.334,-5.269,0.27,67.6,11.8,20.6,6,1.5,70,1.0,2.5,6,LINKUSDT
31,70.97,-0.0051,-0.463,-6.701,-0.069,71.0,19.4,9.7,6,1.5,70,1.0,2.5,12,LINKUSDT
31,74.19,-0.0175,-0.875,-7.908,-0.228,74.2,22.6,3.2,6,1.5,70,1.0,2.5,24,LINKUSDT
32,68.75,0.0159,0.204,-6.398,0.222,68.8,3.1,28.1,6,1.5,70,1.0,4.0,6,LINKUSDT
28,75.0,0.0091,-0.1,-6.747,0.11,75.0,7.1,17.9,6,1.5,70,1.0,4.0,12,LINKUSDT
28,82.14,0.0187,0.069,-9.151,0.2,82.1,14.3,3.6,6,1.5,70,1.0,4.0,24,LINKUSDT
37,59.46,0.147,5.216,-6.515,2.044,51.4,32.4,16.2,6,1.5,70,1.5,1.5,6,LINKUSDT
36,58.33,0.08,2.515,-8.195,1.033,58.3,41.7,0.0,6,1.5,70,1.5,1.5,12,LINKUSDT
36,58.33,0.08,2.515,-8.195,1.033,58.3,41.7,0.0,6,1.5,70,1.5,1.5,24,LINKUSDT
32,62.5,0.1922,5.962,-5.269,2.479,53.1,12.5,34.4,6,1.5,70,1.5,2.5,6,LINKUSDT
29,68.97,0.2822,8.086,-6.238,3.275,69.0,20.7,10.3,6,1.5,70,1.5,2.5,12,LINKUSDT
29,72.41,0.2862,8.173,-7.451,3.183,72.4,24.1,3.4,6,1.5,70,1.5,2.5,24,LINKUSDT
31,61.29,0.1209,3.417,-6.398,1.472,51.6,3.2,45.2,6,1.5,70,1.5,4.0,6,LINKUSDT
27,74.07,0.3175,8.46,-6.284,3.389,70.4,7.4,22.2,6,1.5,70,1.5,4.0,12,LINKUSDT
27,81.48,0.3489,9.264,-8.7,3.349,77.8,14.8,7.4,6,1.5,70,1.5,4.0,24,LINKUSDT
37,56.76,0.2,7.198,-6.515,2.472,37.8,35.1,27.0,6,1.5,70,2.0,1.5,6,LINKUSDT
35,51.43,0.0702,1.967,-6.515,0.787,42.9,48.6,8.6,6,1.5,70,2.0,1.5,12,LINKUSDT
35,51.43,0.0884,2.607,-6.515,0.979,48.6,48.6,2.9,6,1.5,70,2.0,1.5,24,LINKUSDT
32,59.38,0.2657,8.413,-5.269,3.162,37.5,12.5,50.0,6,1.5,70,2.0,2.5,6,LINKUSDT
28,60.71,0.1598,4.007,-7.772,1.557,46.4,28.6,25.0,6,1.5,70,2.0,2.5,12,LINKUSDT
28,60.71,0.1576,3.889,-7.772,1.466,57.1,32.1,10.7,6,1.5,70,2.0,2.5,24,LINKUSDT
31,58.06,0.1806,5.29,-6.398,2.054,35.5,3.2,61.3,6,1.5,70,2.0,4.0,6,LINKUSDT
26,65.38,0.1237,2.626,-8.96,1.086,46.2,11.5,42.3,6,1.5,70,2.0,4.0,12,LINKUSDT
26,76.92,0.409,10.375,-8.25,3.291,69.2,19.2,11.5,6,1.5,70,2.0,4.0,24,LINKUSDT
37,54.05,0.1897,6.723,-6.515,2.188,13.5,35.1,51.4,6,1.5,70,3.0,1.5,6,LINKUSDT
34,47.06,0.1442,4.371,-6.515,1.435,17.6,50.0,32.4,6,1.5,70,3.0,1.5,12,LINKUSDT
33,45.45,0.222,6.794,-6.515,1.99,36.4,54.5,9.1,6,1.5,70,3.0,1.5,24,LINKUSDT
32,56.25,0.195,5.959,-5.269,2.23,12.5,12.5,75.0,6,1.5,70,3.0,2.5,6,LINKUSDT
27,51.85,-0.1293,-3.988,-9.538,-1.2,14.8,33.3,51.9,6,1.5,70,3.0,2.5,12,LINKUSDT
27,55.56,0.1318,2.748,-10.108,1.005,40.7,40.7,18.5,6,1.5,70,3.0,2.5,24,LINKUSDT
31,54.84,0.0952,2.53,-6.398,1.068,9.7,3.2,87.1,6,1.5,70,3.0,4.0,6,LINKUSDT
26,61.54,0.0479,0.449,-7.139,0.371,19.2,15.4,65.4,6,1.5,70,3.0,4.0,12,LINKUSDT
26,73.08,0.5689,14.674,-7.349,3.822,50.0,23.1,26.9,6,1.5,70,3.0,4.0,24,LINKUSDT
50,58.0,-0.1552,-7.793,-11.689,-2.531,54.0,36.0,10.0,6,2.5,55,1.0,1.5,6,LINKUSDT
50,60.0,-0.1903,-9.422,-14.25,-2.997,56.0,40.0,4.0,6,2.5,55,1.0,1.5,12,LINKUSDT
49,57.14,-0.2414,-11.505,-14.982,-3.728,57.1,42.9,0.0,6,2.5,55,1.0,1.5,24,LINKUSDT
45,71.11,0.0654,2.607,-7.805,0.98,64.4,15.6,20.0,6,2.5,55,1.0,2.5,6,LINKUSDT
45,73.33,-0.0509,-2.738,-12.287,-0.667,68.9,22.2,8.9,6,2.5,55,1.0,2.5,12,LINKUSDT
43,69.77,-0.1431,-6.447,-14.384,-1.794,69.8,25.6,4.7,6,2.5,55,1.0,2.5,24,LINKUSDT
41,73.17,0.0178,0.242,-9.632,0.222,65.9,7.3,26.8,6,2.5,55,1.0,4.0,6,LINKUSDT
38,73.68,-0.1352,-5.529,-13.153,-1.541,68.4,10.5,21.1,6,2.5,55,1.0,4.0,12,LINKUSDT
36,77.78,-0.0636,-2.831,-10.815,-0.683,77.8,13.9,8.3,6,2.5,55,1.0,4.0,24,LINKUSDT
43,58.14,0.0194,0.462,-5.614,0.281,39.5,34.9,25.6,6,2.5,55,1.5,1.5,6,LINKUSDT
43,60.47,0.0996,3.903,-6.201,1.315,55.8,39.5,4.7,6,2.5,55,1.5,1.5,12,LINKUSDT
42,57.14,0.0443,1.406,-6.541,0.57,57.1,42.9,0.0,6,2.5,55,1.5,1.5,24,LINKUSDT
39,66.67,0.1227,4.452,-6.572,1.594,41.0,17.9,41.0,6,2.5,55,1.5,2.5,6,LINKUSDT
39,69.23,0.1126,3.874,-9.95,1.243,61.5,25.6,12.8,6,2.5,55,1.5,2.5,12,LINKUSDT
37,64.86,0.0234,0.249,-12.218,0.246,64.9,29.7,5.4,6,2.5,55,1.5,2.5,24,LINKUSDT
37,64.86,-0.0261,-1.561,-11.368,-0.277,43.2,10.8,45.9,6,2.5,55,1.5,4.0,6,LINKUSDT
34,70.59,0.0032,-0.52,-11.734,0.032,55.9,11.8,32.4,6,2.5,55,1.5,4.0,12,LINKUSDT
32,71.88,0.1349,3.69,-9.242,1.252,71.9,15.6,12.5,6,2.5,55,1.5,4.0,24,LINKUSDT
41,58.54,0.1238,4.73,-5.397,1.593,31.7,36.6,31.7,6,2.5,55,2.0,1.5,6,LINKUSDT
41,58.54,0.2884,11.885,-4.927,3.285,48.8,41.5,9.8,6,2.5,55,2.0,1.5,12,LINKUSDT
40,55.0,0.255,10.056,-4.927,2.798,55.0,45.0,0.0,6,2.5,55,2.0,1.5,24,LINKUSDT
36,66.67,0.2717,9.772,-6.111,3.31,33.3,16.7,50.0,6,2.5,55,2.0,2.5,6,LINKUSDT
36,66.67,0.2806,9.843,-8.291,2.724,52.8,27.8,19.4,6,2.5,55,2.0,2.5,12,LINKUSDT
34,58.82,0.1288,3.7,-10.635,1.18,58.8,32.4,8.8,6,2.5,55,2.0,2.5,24,LINKUSDT
34,64.71,0.1381,4.207,-10.301,1.45,32.4,8.8,58.8,6,2.5,55,2.0,4.0,6,LINKUSDT
31,67.74,0.1369,3.578,-11.425,1.217,48.4,12.9,38.7,6,2.5,55,2.0,4.0,12,LINKUSDT
29,65.52,0.2527,6.734,-7.605,2.065,65.5,17.2,17.2,6,2.5,55,2.0,4.0,24,LINKUSDT
39,58.97,0.1117,3.951,-4.927,1.357,12.8,35.9,51.3,6,2.5,55,3.0,1.5,6,LINKUSDT
38,52.63,0.3173,12.013,-4.927,3.161,21.1,44.7,34.2,6,2.5,55,3.0,1.5,12,LINKUSDT
37,48.65,0.3761,13.919,-4.927,3.323,40.5,51.4,8.1,6,2.5,55,3.0,1.5,24,LINKUSDT
35,65.71,0.2062,6.958,-5.728,2.373,14.3,17.1,68.6,6,2.5,55,3.0,2.5,6,LINKUSDT
34,55.88,-0.0211,-1.462,-14.67,-0.191,14.7,32.4,52.9,6,2.5,55,3.0,2.5,12,LINKUSDT
31,45.16,-0.2642,-8.785,-19.667,-1.994,35.5,48.4,16.1,6,2.5,55,3.0,2.5,24,LINKUSDT
33,63.64,0.0528,1.165,-10.301,0.539,12.1,9.1,78.8,6,2.5,55,3.0,4.0,6,LINKUSDT
30,60.0,-0.0771,-3.134,-13.777,-0.615,16.7,16.7,66.7,6,2.5,55,3.0,4.0,12,LINKUSDT
27,55.56,0.0307,-0.231,-10.46,0.21,40.7,22.2,37.0,6,2.5,55,3.0,4.0,24,LINKUSDT
47,57.45,-0.158,-7.463,-10.637,-2.581,53.2,36.2,10.6,6,2.5,60,1.0,1.5,6,LINKUSDT
47,59.57,-0.2138,-9.882,-13.578,-3.377,55.3,40.4,4.3,6,2.5,60,1.0,1.5,12,LINKUSDT
46,56.52,-0.257,-11.477,-13.645,-3.961,56.5,43.5,0.0,6,2.5,60,1.0,1.5,24,LINKUSDT
41,73.17,0.1642,6.653,-5.644,2.669,65.9,12.2,22.0,6,2.5,60,1.0,2.5,6,LINKUSDT
41,73.17,0.018,0.336,-8.569,0.247,70.7,19.5,9.8,6,2.5,60,1.0,2.5,12,LINKUSDT
39,71.79,-0.0634,-2.863,-10.375,-0.821,71.8,23.1,5.1,6,2.5,60,1.0,2.5,24,LINKUSDT
37,72.97,0.0846,2.809,-7.462,1.17,64.9,5.4,29.7,6,2.5,60,1.0,4.0,6,LINKUSDT
34,73.53,0.0421,1.076,-7.686,0.556,70.6,5.9,23.5,6,2.5,60,1.0,4.0,12,LINKUSDT
32,81.25,0.1372,4.075,-7.13,1.687,81.2,9.4,9.4,6,2.5,60,1.0,4.0,24,LINKUSDT
42,54.76,0.0032,-0.238,-5.614,0.047,40.5,35.7,23.8,6,2.5,60,1.5,1.5,6,LINKUSDT
42,59.52,0.0397,1.241,-7.389,0.528,52.4,40.5,7.1,6,2.5,60,1.5,1.5,12,LINKUSDT
41,56.1,0.0129,0.075,-6.541,0.166,56.1,43.9,0.0,6,2.5,60,1.5,1.5,24,LINKUSDT
37,64.86,0.1767,6.338,-6.572,2.347,43.2,16.2,40.5,6,2.5,60,1.5,2.5,6,LINKUSDT
37,67.57,0.1173,3.877,-7.536,1.323,59.5,24.3,16.2,6,2.5,60,1.5,2.5,12,LINKUSDT
35,65.71,0.063,1.647,-9.81,0.669,65.7,28.6,5.7,6,2.5,60,1.5,2.5,24,LINKUSDT
35,65.71,0.0838,2.444,-10.321,0.938,45.7,8.6,45.7,6,2.5,60,1.5,4.0,6,LINKUSDT
32,68.75,0.0888,2.335,-7.949,0.938,56.2,9.4,34.4,6,2.5,60,1.5,4.0,12,LINKUSDT
30,73.33,0.2385,6.782,-7.762,2.326,73.3,13.3,13.3,6,2.5,60,1.5,4.0,24,LINKUSDT
40,55.0,0.1094,4.002,-5.397,1.391,32.5,37.5,30.0,6,2.5,60,2.0,1.5,6,LINKUSDT
40,57.5,0.242,9.527,-5.068,2.74,50.0,42.5,7.5,6,2.5,60,2.0,1.5,12,LINKUSDT
39,53.85,0.2146,8.079,-4.927,2.35,53.8,46.2,0.0,6,2.5,60,2.0,1.5,24,LINKUSDT
34,64.71,0.3392,11.755,-6.111,4.223,35.3,14.7,50.0,6,2.5,60,2.0,2.5,6,LINKUSDT
34,64.71,0.3095,10.359,-6.214,3.03,55.9,26.5,17.6,6,2.5,60,2.0,2.5,12,LINKUSDT
32,59.38,0.1631,4.63,-9.025,1.505,59.4,31.2,9.4,6,2.5,60,2.0,2.5,24,LINKUSDT
32,65.62,0.2685,8.447,-10.301,3.0,34.4,6.2,59.4,6,2.5,60,2.0,4.0,6,LINKUSDT
29,65.52,0.2421,6.602,-8.31,2.246,51.7,10.3,37.9,6,2.5,60,2.0,4.0,12,LINKUSDT
27,66.67,0.3581,9.377,-7.075,3.046,66.7,14.8,18.5,6,2.5,60,2.0,4.0,24,LINKUSDT
38,55.26,0.0963,3.227,-4.927,1.155,13.2,36.8,50.0,6,2.5,60,3.0,1.5,6,LINKUSDT
37,51.35,0.268,9.653,-4.927,2.647,21.6,45.9,32.4,6,2.5,60,3.0,1.5,12,LINKUSDT
36,47.22,0.3079,10.783,-4.927,2.733,38.9,52.8,8.3,6,2.5,60,3.0,1.5,24,LINKUSDT
33,63.64,0.2718,8.89,-5.728,3.175,15.2,15.2,69.7,6,2.5,60,3.0,2.5,6,LINKUSDT
32,53.12,-0.0093,-0.999,-13.586,-0.085,15.6,31.2,53.1,6,2.5,60,3.0,2.5,12,LINKUSDT
29,44.83,-0.2879,-8.862,-19.667,-2.189,34.5,48.3,17.2,6,2.5,60,3.0,2.5,24,LINKUSDT
31,64.52,0.182,5.281,-10.301,1.96,12.9,6.5,80.6,6,2.5,60,3.0,4.0,6,LINKUSDT
28,57.14,0.0166,-0.307,-10.768,0.136,17.9,14.3,67.9,6,2.5,60,3.0,4.0,12,LINKUSDT
25,56.0,0.0868,1.245,-9.991,0.609,40.0,20.0,40.0,6,2.5,60,3.0,4.0,24,LINKUSDT
42,57.14,-0.1566,-6.637,-9.84,-2.573,52.4,35.7,11.9,6,2.5,65,1.0,1.5,6,LINKUSDT
42,59.52,-0.219,-9.078,-12.807,-3.465,54.8,40.5,4.8,6,2.5,65,1.0,1.5,12,LINKUSDT
41,56.1,-0.2676,-10.687,-13.512,-4.12,56.1,43.9,0.0,6,2.5,65,1.0,1.5,24,LINKUSDT
34,70.59,0.0728,2.232,-6.448,1.117,61.8,14.7,23.5,6,2.5,65,1.0,2.5,6,LINKUSDT
34,70.59,-0.1165,-4.25,-10.223,-1.496,67.6,23.5,8.8,6,2.5,65,1.0,2.5,12,LINKUSDT
32,68.75,-0.2173,-7.097,-12.121,-2.638,68.8,28.1,3.1,6,2.5,65,1.0,2.5,24,LINKUSDT
32,68.75,-0.0353,-1.462,-9.828,-0.465,59.4,6.2,34.4,6,2.5,65,1.0,4.0,6,LINKUSDT
29,68.97,-0.0937,-3.016,-8.562,-1.172,65.5,6.9,27.6,6,2.5,65,1.0,4.0,12,LINKUSDT
27,77.78,0.0089,-0.138,-8.345,0.103,77.8,11.1,11.1,6,2.5,65,1.0,4.0,24,LINKUSDT
38,57.89,0.061,1.999,-5.956,0.876,42.1,34.2,23.7,6,2.5,65,1.5,1.5,6,LINKUSDT
38,60.53,0.0785,2.62,-5.956,1.041,55.3,39.5,5.3,6,2.5,65,1.5,1.5,12,LINKUSDT
37,56.76,0.0327,0.803,-6.297,0.42,56.8,43.2,0.0,6,2.5,65,1.5,1.5,24,LINKUSDT
32,68.75,0.2551,8.136,-5.269,3.404,46.9,15.6,37.5,6,2.5,65,1.5,2.5,6,LINKUSDT
32,68.75,0.1525,4.489,-5.983,1.68,65.6,25.0,9.4,6,2.5,65,1.5,2.5,12,LINKUSDT
30,66.67,0.0463,0.882,-8.092,0.482,66.7,30.0,3.3,6,2.5,65,1.5,2.5,24,LINKUSDT
31,67.74,0.1686,4.926,-7.749,1.984,48.4,6.5,45.2,6,2.5,65,1.5,4.0,6,LINKUSDT
28,67.86,0.1643,4.257,-5.375,1.808,60.7,7.1,32.1,6,2.5,65,1.5,4.0,12,LINKUSDT
26,73.08,0.2821,7.099,-5.981,2.864,73.1,11.5,15.4,6,2.5,65,1.5,4.0,24,LINKUSDT
37,56.76,0.1833,6.569,-6.272,2.336,35.1,35.1,29.7,6,2.5,65,2.0,1.5,6,LINKUSDT
37,59.46,0.3024,11.243,-6.272,3.447,51.4,40.5,8.1,6,2.5,65,2.0,1.5,12,LINKUSDT
36,55.56,0.2744,9.772,-6.272,3.015,55.6,44.4,0.0,6,2.5,65,2.0,1.5,24,LINKUSDT
31,67.74,0.4117,13.203,-5.269,5.341,35.5,12.9,51.6,6,2.5,65,2.0,2.5,6,LINKUSDT
31,67.74,0.4222,13.27,-5.269,4.102,61.3,25.8,12.9,6,2.5,65,2.0,2.5,12,LINKUSDT
29,65.52,0.3296,9.319,-6.945,3.02,65.5,31.0,3.4,6,2.5,65,2.0,2.5,24,LINKUSDT
30,66.67,0.3497,10.644,-6.398,4.337,33.3,3.3,63.3,6,2.5,65,2.0,4.0,6,LINKUSDT
27,66.67,0.4003,10.815,-4.32,3.919,55.6,7.4,37.0,6,2.5,65,2.0,4.0,12,LINKUSDT
25,72.0,0.6002,15.485,-5.238,5.421,72.0,12.0,16.0,6,2.5,65,2.0,4.0,24,LINKUSDT
36,55.56,0.104,3.348,-5.568,1.256,13.9,36.1,50.0,6,2.5,65,3.0,1.5,6,LINKUSDT
35,51.43,0.2086,6.913,-6.843,2.129,17.1,45.7,37.1,6,2.5,65,3.0,1.5,12,LINKUSDT
34,47.06,0.2919,9.564,-5.52,2.599,38.2,52.9,8.8,6,2.5,65,3.0,1.5,24,LINKUSDT
30,66.67,0.3477,10.553,-5.269,4.164,16.7,13.3,70.0,6,2.5,65,3.0,2.5,6,LINKUSDT
29,55.17,0.0402,0.507,-11.934,0.36,17.2,31.0,51.7,6,2.5,65,3.0,2.5,12,LINKUSDT
26,50.0,-0.1543,-4.778,-17.048,-1.132,38.5,50.0,11.5,6,2.5,65,3.0,2.5,24,LINKUSDT
29,65.52,0.268,7.658,-6.398,3.157,13.8,3.4,82.8,6,2.5,65,3.0,4.0,6,LINKUSDT
26,57.69,0.1211,2.506,-8.166,1.021,19.2,11.5,69.2,6,2.5,65,3.0,4.0,12,LINKUSDT
23,60.87,0.3264,6.899,-8.166,2.334,43.5,17.4,39.1,6,2.5,65,3.0,4.0,24,LINKUSDT
31,64.52,-0.0123,-0.59,-5.739,-0.203,64.5,32.3,3.2,6,2.5,70,1.0,1.5,6,LINKUSDT
31,64.52,-0.0571,-1.974,-5.739,-0.912,64.5,35.5,0.0,6,2.5,70,1.0,1.5,12,LINKUSDT
31,64.52,-0.0571,-1.974,-5.739,-0.912,64.5,35.5,0.0,6,2.5,70,1.0,1.5,24,LINKUSDT
27,77.78,0.3034,8.338,-5.269,5.173,77.8,11.1,11.1,6,2.5,70,1.0,2.5,6,LINKUSDT
27,77.78,0.1488,3.837,-5.269,2.1,77.8,18.5,3.7,6,2.5,70,1.0,2.5,12,LINKUSDT
27,81.48,0.1819,4.763,-5.269,2.555,81.5,18.5,0.0,6,2.5,70,1.0,2.5,24,LINKUSDT
25,76.0,0.2055,5.032,-6.398,2.965,76.0,4.0,20.0,6,2.5,70,1.0,4.0,6,LINKUSDT
23,78.26,0.1922,4.287,-4.17,2.682,78.3,4.3,17.4,6,2.5,70,1.0,4.0,12,LINKUSDT
23,86.96,0.3011,6.896,-4.17,3.971,87.0,8.7,4.3,6,2.5,70,1.0,4.0,24,LINKUSDT
28,67.86,0.3469,9.914,-4.927,5.011,57.1,28.6,14.3,6,2.5,70,1.5,1.5,6,LINKUSDT
28,67.86,0.3657,10.458,-4.927,4.987,67.9,32.1,0.0,6,2.5,70,1.5,1.5,12,LINKUSDT
28,67.86,0.3657,10.458,-4.927,4.987,67.9,32.1,0.0,6,2.5,70,1.5,1.5,24,LINKUSDT
25,76.0,0.5647,14.865,-5.269,8.14,64.0,12.0,24.0,6,2.5,70,1.5,2.5,6,LINKUSDT
25,76.0,0.4743,12.199,-5.269,5.68,76.0,20.0,4.0,6,2.5,70,1.5,2.5,12,LINKUSDT
25,80.0,0.53,13.761,-5.269,6.329,80.0,20.0,0.0,6,2.5,70,1.5,2.5,24,LINKUSDT
24,75.0,0.4747,11.73,-6.398,6.013,62.5,4.2,33.3,6,2.5,70,1.5,4.0,6,LINKUSDT
22,77.27,0.5108,11.555,-4.17,6.209,72.7,4.5,22.7,6,2.5,70,1.5,4.0,12,LINKUSDT
22,86.36,0.7089,16.463,-4.17,8.262,86.4,9.1,4.5,6,2.5,70,1.5,4.0,24,LINKUSDT
28,64.29,0.397,11.373,-4.927,4.978,42.9,32.1,25.0,6,2.5,70,2.0,1.5,6,LINKUSDT
27,59.26,0.3614,9.806,-4.927,4.083,51.9,40.7,7.4,6,2.5,70,2.0,1.5,12,LINKUSDT
27,59.26,0.3502,9.474,-4.927,3.943,55.6,40.7,3.7,6,2.5,70,2.0,1.5,24,LINKUSDT
25,72.0,0.6765,18.036,-5.269,8.729,48.0,12.0,40.0,6,2.5,70,2.0,2.5,6,LINKUSDT
24,66.67,0.3907,9.28,-7.772,3.726,58.3,29.2,12.5,6,2.5,70,2.0,2.5,12,LINKUSDT
24,70.83,0.4569,11.011,-7.772,4.306,66.7,29.2,4.2,6,2.5,70,2.0,2.5,24,LINKUSDT
24,70.83,0.5703,14.251,-6.398,6.623,45.8,4.2,50.0,6,2.5,70,2.0,4.0,6,LINKUSDT
21,66.67,0.2909,5.793,-8.96,2.644,52.4,9.5,38.1,6,2.5,70,2.0,4.0,12,LINKUSDT
21,80.95,0.7529,16.495,-5.375,6.735,76.2,14.3,9.5,6,2.5,70,2.0,4.0,24,LINKUSDT
28,64.29,0.4775,13.815,-4.927,5.39,17.9,32.1,50.0,6,2.5,70,3.0,1.5,6,LINKUSDT
26,53.85,0.5159,13.73,-3.774,4.941,26.9,42.3,30.8,6,2.5,70,3.0,1.5,12,LINKUSDT
26,53.85,0.627,16.929,-4.927,5.496,46.2,46.2,7.7,6,2.5,70,3.0,1.5,24,LINKUSDT
25,72.0,0.7316,19.587,-5.269,8.507,20.0,12.0,68.0,6,2.5,70,3.0,2.5,6,LINKUSDT
23,56.52,0.2094,4.304,-9.538,1.755,26.1,34.8,39.1,6,2.5,70,3.0,2.5,12,LINKUSDT
22,59.09,0.3126,6.329,-10.108,2.316,45.5,40.9,13.6,6,2.5,70,3.0,2.5,24,LINKUSDT
24,70.83,0.6116,15.33,-6.398,6.635,16.7,4.2,79.2,6,2.5,70,3.0,4.0,6,LINKUSDT
21,61.9,0.3244,6.299,-7.139,2.418,33.3,14.3,52.4,6,2.5,70,3.0,4.0,12,LINKUSDT
21,76.19,0.968,21.464,-4.17,6.766,61.9,19.0,19.0,6,2.5,70,3.0,4.0,24,LINKUSDT
163,56.44,-0.1496,-22.435,-27.331,-2.58,49.1,30.7,20.2,12,1.0,55,1.0,1.5,6,LINKUSDT
153,59.48,-0.1413,-20.329,-25.71,-2.272,58.8,35.9,5.2,12,1.0,55,1.0,1.5,12,LINKUSDT
151,62.25,-0.1203,-17.542,-24.02,-1.903,60.9,37.7,1.3,12,1.0,55,1.0,1.5,24,LINKUSDT
140,60.71,-0.1122,-15.475,-21.181,-1.723,51.4,12.9,35.7,12,1.0,55,1.0,2.5,6,LINKUSDT
121,66.12,-0.1453,-17.221,-22.561,-1.906,65.3,22.3,12.4,12,1.0,55,1.0,2.5,12,LINKUSDT
112,71.43,-0.1221,-13.914,-20.913,-1.54,69.6,25.0,5.4,12,1.0,55,1.0,2.5,24,LINKUSDT
135,60.74,-0.1517,-19.652,-25.076,-2.047,52.6,5.9,41.5,12,1.0,55,1.0,4.0,6,LINKUSDT
109,66.97,-0.2355,-23.952,-30.6,-2.593,65.1,11.9,22.9,12,1.0,55,1.0,4.0,12,LINKUSDT
96,72.92,-0.283,-25.221,-30.331,-2.779,70.8,17.7,11.5,12,1.0,55,1.0,4.0,24,LINKUSDT
142,48.59,-0.151,-20.178,-24.267,-2.342,29.6,31.7,38.7,12,1.0,55,1.5,1.5,6,LINKUSDT
124,52.42,-0.1206,-14.956,-19.229,-1.633,43.5,42.7,13.7,12,1.0,55,1.5,1.5,12,LINKUSDT
120,52.5,-0.0952,-11.977,-17.795,-1.227,50.8,46.7,2.5,12,1.0,55,1.5,1.5,24,LINKUSDT
129,51.94,-0.1621,-19.928,-26.367,-2.194,30.2,15.5,54.3,12,1.0,55,1.5,2.5,6,LINKUSDT
105,57.14,-0.192,-19.597,-26.74,-2.093,50.5,28.6,21.0,12,1.0,55,1.5,2.5,12,LINKUSDT
93,60.22,-0.1741,-16.331,-23.774,-1.785,58.1,33.3,8.6,12,1.0,55,1.5,2.5,24,LINKUSDT
124,53.23,-0.2132,-24.533,-31.493,-2.489,32.3,8.9,58.9,12,1.0,55,1.5,4.0,6,LINKUSDT
93,60.22,-0.1992,-18.447,-29.209,-1.928,50.5,14.0,35.5,12,1.0,55,1.5,4.0,12,LINKUSDT
79,63.29,-0.3279,-24.498,-31.258,-2.71,60.8,22.8,16.5,12,1.0,55,1.5,4.0,24,LINKUSDT
137,45.26,-0.1159,-15.73,-21.749,-1.655,20.4,32.1,47.4,12,1.0,55,2.0,1.5,6,LINKUSDT
113,46.9,-0.1069,-12.652,-21.712,-1.278,35.4,46.9,17.7,12,1.0,55,2.0,1.5,12,LINKUSDT
108,46.3,-0.0651,-8.239,-16.518,-0.73,42.6,51.9,5.6,12,1.0,55,2.0,1.5,24,LINKUSDT
126,48.41,-0.1495,-18.337,-24.444,-1.919,19.0,15.1,65.9,12,1.0,55,2.0,2.5,6,LINKUSDT
94,48.94,-0.2899,-25.192,-33.564,-2.897,36.2,31.9,31.9,12,1.0,55,2.0,2.5,12,LINKUSDT
84,57.14,-0.0499,-5.876,-18.937,-0.455,51.2,35.7,13.1,12,1.0,55,2.0,2.5,24,LINKUSDT
119,47.9,-0.2638,-28.241,-34.13,-2.963,19.3,9.2,71.4,12,1.0,55,2.0,4.0,6,LINKUSDT
82,48.78,-0.4137,-30.092,-40.18,-3.797,31.7,14.6,53.7,12,1.0,55,2.0,4.0,12,LINKUSDT
69,56.52,-0.3863,-25.175,-34.351,-2.888,49.3,26.1,24.6,12,1.0,55,2.0,4.0,24,LINKUSDT
133,44.36,-0.1258,-16.496,-21.657,-1.725,5.3,32.3,62.4,12,1.0,55,3.0,1.5,6,LINKUSDT
98,43.88,-0.068,-7.888,-15.787,-0.728,14.3,49.0,36.7,12,1.0,55,3.0,1.5,12,LINKUSDT
94,42.55,0.0557,3.348,-15.123,0.522,29.8,55.3,14.9,12,1.0,55,3.0,1.5,24,LINKUSDT
123,47.15,-0.209,-23.764,-28.2,-2.648,4.1,15.4,80.5,12,1.0,55,3.0,2.5,6,LINKUSDT
86,44.19,-0.3951,-30.091,-36.965,-3.75,10.5,34.9,54.7,12,1.0,55,3.0,2.5,12,LINKUSDT
75,49.33,-0.0357,-4.862,-21.149,-0.275,34.7,41.3,24.0,12,1.0,55,3.0,2.5,24,LINKUSDT
118,46.61,-0.2849,-29.856,-33.946,-3.144,4.2,9.3,86.4,12,1.0,55,3.0,4.0,6,LINKUSDT
78,47.44,-0.4188,-29.33,-37.343,-3.572,11.5,15.4,73.1,12,1.0,55,3.0,4.0,12,LINKUSDT
64,51.56,-0.3499,-22.299,-32.419,-2.273,35.9,29.7,34.4,12,1.0,55,3.0,4.0,24,LINKUSDT
132,56.82,-0.1257,-15.987,-20.126,-2.172,50.8,30.3,18.9,12,1.0,60,1.0,1.5,6,LINKUSDT
119,59.66,-0.1373,-15.795,-18.011,-2.208,58.8,36.1,5.0,12,1.0,60,1.0,1.5,12,LINKUSDT
117,62.39,-0.1102,-12.856,-16.815,-1.738,62.4,37.6,0.0,12,1.0,60,1.0,1.5,24,LINKUSDT
115,60.87,-0.1348,-15.19,-20.302,-1.997,53.0,15.7,31.3,12,1.0,60,1.0,2.5,6,LINKUSDT
101,65.35,-0.1872,-18.174,-22.176,-2.408,64.4,23.8,11.9,12,1.0,60,1.0,2.5,12,LINKUSDT
94,71.28,-0.14,-13.327,-19.23,-1.73,71.3,26.6,2.1,12,1.0,60,1.0,2.5,24,LINKUSDT
104,59.62,-0.1704,-17.11,-21.46,-2.34,50.0,5.8,44.2,12,1.0,60,1.0,4.0,6,LINKUSDT
84,65.48,-0.2262,-18.312,-23.581,-2.574,63.1,10.7,26.2,12,1.0,60,1.0,4.0,12,LINKUSDT
73,72.6,-0.2874,-20.082,-23.674,-2.828,72.6,16.4,11.0,12,1.0,60,1.0,4.0,24,LINKUSDT
114,48.25,-0.1481,-16.302,-18.462,-2.256,31.6,33.3,35.1,12,1.0,60,1.5,1.5,6,LINKUSDT
100,51.0,-0.1075,-11.095,-14.244,-1.451,46.0,42.0,12.0,12,1.0,60,1.5,1.5,12,LINKUSDT
96,52.08,-0.1049,-10.536,-13.587,-1.353,50.0,46.9,3.1,12,1.0,60,1.5,1.5,24,LINKUSDT
106,52.83,-0.1489,-15.561,-20.465,-1.971,33.0,17.0,50.0,12,1.0,60,1.5,2.5,6,LINKUSDT
88,56.82,-0.1793,-15.767,-21.196,-1.953,52.3,28.4,19.3,12,1.0,60,1.5,2.5,12,LINKUSDT
76,57.89,-0.2109,-15.938,-21.945,-2.178,55.3,34.2,10.5,12,1.0,60,1.5,2.5,24,LINKUSDT
95,49.47,-0.2636,-23.082,-27.011,-3.238,29.5,7.4,63.2,12,1.0,60,1.5,4.0,6,LINKUSDT
74,58.11,-0.2211,-16.315,-24.422,-2.169,48.6,13.5,37.8,12,1.0,60,1.5,4.0,12,LINKUSDT
61,62.3,-0.3439,-20.267,-24.471,-2.87,59.0,21.3,19.7,12,1.0,60,1.5,4.0,24,LINKUSDT
111,45.05,-0.125,-13.848,-18.081,-1.76,19.8,34.2,45.9,12,1.0,60,2.0,1.5,6,LINKUSDT
94,44.68,-0.1319,-12.717,-17.648,-1.584,35.1,46.8,18.1,12,1.0,60,2.0,1.5,12,LINKUSDT
88,44.32,-0.1347,-12.291,-15.961,-1.525,39.8,53.4,6.8,12,1.0,60,2.0,1.5,24,LINKUSDT
104,49.04,-0.1353,-14.173,-18.524,-1.706,19.2,16.3,64.4,12,1.0,60,2.0,2.5,6,LINKUSDT
82,50.0,-0.231,-18.567,-23.637,-2.258,39.0,31.7,29.3,12,1.0,60,2.0,2.5,12,LINKUSDT
68,52.94,-0.1418,-10.53,-19.627,-1.304,48.5,36.8,14.7,12,1.0,60,2.0,2.5,24,LINKUSDT
94,47.87,-0.2471,-21.729,-24.316,-2.918,17.0,7.4,75.5,12,1.0,60,2.0,4.0,6,LINKUSDT
68,48.53,-0.3432,-22.026,-29.547,-3.145,35.3,13.2,51.5,12,1.0,60,2.0,4.0,12,LINKUSDT
56,55.36,-0.334,-18.56,-24.552,-2.54,50.0,23.2,26.8,12,1.0,60,2.0,4.0,24,LINKUSDT
105,42.86,-0.2177,-21.187,-22.17,-3.136,2.9,34.3,62.9,12,1.0,60,3.0,1.5,6,LINKUSDT
81,41.98,-0.0954,-8.591,-12.489,-1.035,13.6,48.1,38.3,12,1.0,60,3.0,1.5,12,LINKUSDT
77,42.86,0.0599,3.069,-10.648,0.562,28.6,55.8,15.6,12,1.0,60,3.0,1.5,24,LINKUSDT
101,46.53,-0.2532,-23.453,-24.054,-3.26,3.0,16.8,80.2,12,1.0,60,3.0,2.5,6,LINKUSDT
74,43.24,-0.386,-26.002,-28.766,-3.682,9.5,33.8,56.8,12,1.0,60,3.0,2.5,12,LINKUSDT
62,45.16,-0.1073,-8.176,-20.002,-0.834,35.5,41.9,22.6,12,1.0,60,3.0,2.5,24,LINKUSDT
93,45.16,-0.3386,-27.896,-27.38,-4.131,1.1,7.5,91.4,12,1.0,60,3.0,4.0,6,LINKUSDT
64,46.88,-0.4207,-24.854,-29.614,-3.629,9.4,14.1,76.6,12,1.0,60,3.0,4.0,12,LINKUSDT
50,48.0,-0.3568,-18.107,-22.595,-2.364,34.0,26.0,40.0,12,1.0,60,3.0,4.0,24,LINKUSDT
87,56.32,-0.1456,-12.39,-14.325,-2.476,49.4,32.2,18.4,12,1.0,65,1.0,1.5,6,LINKUSDT
83,62.65,-0.1048,-8.863,-11.095,-1.705,59.0,34.9,6.0,12,1.0,65,1.0,1.5,12,LINKUSDT
81,60.49,-0.1577,-12.531,-13.966,-2.464,60.5,39.5,0.0,12,1.0,65,1.0,1.5,24,LINKUSDT
73,61.64,-0.0996,-7.554,-10.726,-1.515,50.7,15.1,34.2,12,1.0,65,1.0,2.5,6,LINKUSDT
64,68.75,-0.0644,-4.653,-8.564,-0.876,65.6,20.3,14.1,12,1.0,65,1.0,2.5,12,LINKUSDT
60,73.33,-0.0785,-5.271,-11.592,-0.988,73.3,25.0,1.7,12,1.0,65,1.0,2.5,24,LINKUSDT
72,62.5,-0.1597,-11.57,-14.615,-2.082,51.4,6.9,41.7,12,1.0,65,1.0,4.0,6,LINKUSDT
59,69.49,-0.1796,-10.852,-16.603,-2.009,66.1,11.9,22.0,12,1.0,65,1.0,4.0,12,LINKUSDT
50,76.0,-0.1928,-10.042,-13.684,-1.93,76.0,16.0,8.0,12,1.0,65,1.0,4.0,24,LINKUSDT
76,47.37,-0.1466,-11.085,-14.504,-2.242,30.3,32.9,36.8,12,1.0,65,1.5,1.5,6,LINKUSDT
71,54.93,-0.0987,-7.428,-11.09,-1.339,45.1,42.3,12.7,12,1.0,65,1.5,1.5,12,LINKUSDT
69,49.28,-0.1917,-13.083,-15.35,-2.442,49.3,50.7,0.0,12,1.0,65,1.5,1.5,24,LINKUSDT
69,55.07,-0.0127,-1.503,-8.941,-0.179,34.8,13.0,52.2,12,1.0,65,1.5,2.5,6,LINKUSDT
60,65.0,0.0435,1.791,-9.694,0.501,55.0,23.3,21.7,12,1.0,65,1.5,2.5,12,LINKUSDT
55,63.64,-0.0649,-4.437,-14.077,-0.665,61.8,32.7,5.5,12,1.0,65,1.5,2.5,24,LINKUSDT
65,53.85,-0.1278,-8.741,-14.732,-1.538,35.4,7.7,56.9,12,1.0,65,1.5,4.0,6,LINKUSDT
54,64.81,-0.0608,-4.172,-11.922,-0.616,51.9,11.1,37.0,12,1.0,65,1.5,4.0,12,LINKUSDT
44,63.64,-0.1956,-9.196,-15.073,-1.743,59.1,15.9,25.0,12,1.0,65,1.5,4.0,24,LINKUSDT
74,44.59,-0.1104,-8.5,-12.923,-1.522,20.3,35.1,44.6,12,1.0,65,2.0,1.5,6,LINKUSDT
69,52.17,-0.0012,-0.98,-9.167,-0.015,39.1,44.9,15.9,12,1.0,65,2.0,1.5,12,LINKUSDT
66,45.45,-0.1093,-7.862,-11.373,-1.217,40.9,54.5,4.5,12,1.0,65,2.0,1.5,24,LINKUSDT
66,51.52,-0.0079,-1.196,-8.138,-0.105,19.7,12.1,68.2,12,1.0,65,2.0,2.5,6,LINKUSDT
56,58.93,0.047,1.681,-10.079,0.485,42.9,25.0,32.1,12,1.0,65,2.0,2.5,12,LINKUSDT
50,58.0,-0.049,-3.526,-11.799,-0.439,50.0,38.0,12.0,12,1.0,65,2.0,2.5,24,LINKUSDT
63,50.79,-0.112,-7.572,-13.126,-1.342,19.0,6.3,74.6,12,1.0,65,2.0,4.0,6,LINKUSDT
50,56.0,-0.1692,-9.114,-14.749,-1.557,38.0,12.0,50.0,12,1.0,65,2.0,4.0,12,LINKUSDT
41,58.54,-0.1918,-8.682,-14.654,-1.519,48.8,17.1,34.1,12,1.0,65,2.0,4.0,24,LINKUSDT
73,41.1,-0.2359,-16.4,-20.25,-3.324,4.1,37.0,58.9,12,1.0,65,3.0,1.5,6,LINKUSDT
65,49.23,0.0741,3.845,-9.899,0.789,13.8,44.6,41.5,12,1.0,65,3.0,1.5,12,LINKUSDT
62,40.32,0.009,-0.74,-11.595,0.084,29.0,58.1,12.9,12,1.0,65,3.0,1.5,24,LINKUSDT
65,49.23,-0.1544,-10.116,-14.88,-2.142,3.1,12.3,84.6,12,1.0,65,3.0,2.5,6,LINKUSDT
54,57.41,0.0901,3.915,-10.803,0.884,13.0,24.1,63.0,12,1.0,65,3.0,2.5,12,LINKUSDT
47,51.06,0.0902,2.825,-15.373,0.693,38.3,40.4,21.3,12,1.0,65,3.0,2.5,24,LINKUSDT
62,48.39,-0.246,-14.808,-18.731,-3.029,3.2,6.5,90.3,12,1.0,65,3.0,4.0,6,LINKUSDT
49,55.1,-0.1153,-6.638,-12.868,-0.993,14.3,12.2,73.5,12,1.0,65,3.0,4.0,12,LINKUSDT
40,55.0,0.0429,0.164,-13.816,0.295,37.5,17.5,45.0,12,1.0,65,3.0,4.0,24,LINKUSDT
47,61.7,-0.085,-4.216,-7.331,-1.419,57.4,31.9,10.6,12,1.0,70,1.0,1.5,6,LINKUSDT
45,60.0,-0.139,-6.376,-9.421,-2.206,60.0,37.8,2.2,12,1.0,70,1.0,1.5,12,LINKUSDT
45,62.22,-0.1144,-5.338,-8.417,-1.804,62.2,37.8,0.0,12,1.0,70,1.0,1.5,24,LINKUSDT
41,65.85,-0.0234,-1.285,-7.279,-0.353,63.4,12.2,24.4,12,1.0,70,1.0,2.5,6,LINKUSDT
36,69.44,-0.017,-0.962,-8.691,-0.234,69.4,19.4,11.1,12,1.0,70,1.0,2.5,12,LINKUSDT
35,77.14,0.0794,2.457,-7.144,1.079,77.1,20.0,2.9,12,1.0,70,1.0,2.5,24,LINKUSDT
40,65.0,-0.049,-2.306,-6.398,-0.691,62.5,2.5,35.0,12,1.0,70,1.0,4.0,6,LINKUSDT
31,70.97,-0.0349,-1.449,-9.515,-0.431,71.0,6.5,22.6,12,1.0,70,1.0,4.0,12,LINKUSDT
30,83.33,0.0728,1.737,-9.151,0.802,83.3,13.3,3.3,12,1.0,70,1.0,4.0,24,LINKUSDT
42,61.9,0.194,8.085,-6.158,2.813,50.0,28.6,21.4,12,1.0,70,1.5,1.5,6,LINKUSDT
40,60.0,0.1649,6.367,-5.997,2.183,60.0,37.5,2.5,12,1.0,70,1.5,1.5,12,LINKUSDT
40,62.5,0.205,8.079,-5.614,2.697,62.5,37.5,0.0,12,1.0,70,1.5,1.5,24,LINKUSDT
39,64.1,0.1914,7.282,-6.819,2.471,53.8,12.8,33.3,12,1.0,70,1.5,2.5,6,LINKUSDT
34,67.65,0.2714,9.152,-7.783,3.171,67.6,20.6,11.8,12,1.0,70,1.5,2.5,12,LINKUSDT
33,75.76,0.4127,14.043,-6.22,4.79,75.8,21.2,3.0,12,1.0,70,1.5,2.5,24,LINKUSDT
39,64.1,0.1527,5.621,-6.577,1.863,53.8,2.6,43.6,12,1.0,70,1.5,4.0,6,LINKUSDT
30,70.0,0.2578,7.525,-9.515,2.802,66.7,6.7,26.7,12,1.0,70,1.5,4.0,12,LINKUSDT
29,82.76,0.4165,12.19,-8.7,4.109,79.3,13.8,6.9,12,1.0,70,1.5,4.0,24,LINKUSDT
42,59.52,0.2431,10.228,-6.158,3.138,35.7,31.0,33.3,12,1.0,70,2.0,1.5,6,LINKUSDT
39,51.28,0.1146,4.006,-5.484,1.315,43.6,43.6,12.8,12,1.0,70,2.0,1.5,12,LINKUSDT
39,53.85,0.1639,5.989,-6.151,1.827,48.7,46.2,5.1,12,1.0,70,2.0,1.5,24,LINKUSDT
39,61.54,0.2654,10.338,-6.36,3.173,35.9,12.8,51.3,12,1.0,70,2.0,2.5,6,LINKUSDT
33,57.58,0.1157,3.255,-8.646,1.149,45.5,27.3,27.3,12,1.0,70,2.0,2.5,12,LINKUSDT
32,65.62,0.3017,9.435,-7.52,2.923,56.2,28.1,15.6,12,1.0,70,2.0,2.5,24,LINKUSDT
39,61.54,0.2267,8.629,-6.398,2.578,35.9,2.6,61.5,12,1.0,70,2.0,4.0,6,LINKUSDT
29,58.62,-0.011,-0.961,-9.822,-0.101,41.4,10.3,48.3,12,1.0,70,2.0,4.0,12,LINKUSDT
28,78.57,0.4363,12.125,-8.25,3.633,64.3,17.9,17.9,12,1.0,70,2.0,4.0,24,LINKUSDT
41,56.1,0.1759,6.935,-6.158,2.147,12.2,31.7,56.1,12,1.0,70,3.0,1.5,6,LINKUSDT
38,47.37,0.1265,4.256,-7.172,1.316,15.8,44.7,39.5,12,1.0,70,3.0,1.5,12,LINKUSDT
37,45.95,0.2196,7.569,-8.076,1.986,35.1,54.1,10.8,12,1.0,70,3.0,1.5,24,LINKUSDT
38,57.89,0.1986,7.246,-6.987,2.244,13.2,13.2,73.7,12,1.0,70,3.0,2.5,6,LINKUSDT
33,51.52,-0.0715,-2.983,-8.834,-0.679,12.1,30.3,57.6,12,1.0,70,3.0,2.5,12,LINKUSDT
32,59.38,0.2541,7.422,-8.589,1.978,40.6,37.5,21.9,12,1.0,70,3.0,2.5,24,LINKUSDT
38,57.89,0.1296,4.449,-6.795,1.435,10.5,2.6,86.8,12,1.0,70,3.0,4.0,6,LINKUSDT
29,55.17,0.0005,-0.838,-9.515,0.004,20.7,13.8,65.5,12,1.0,70,3.0,4.0,12,LINKUSDT
28,75.0,0.5848,16.493,-7.349,4.071,46.4,21.4,32.1,12,1.0,70,3.0,4.0,24,LINKUSDT
129,55.04,-0.1644,-19.77,-23.322,-2.818,49.6,31.0,19.4,12,1.5,55,1.0,1.5,6,LINKUSDT
121,58.68,-0.1726,-19.565,-22.255,-2.767,57.0,37.2,5.8,12,1.5,55,1.0,1.5,12,LINKUSDT
120,61.67,-0.1319,-15.401,-20.593,-2.076,60.8,38.3,0.8,12,1.5,55,1.0,1.5,24,LINKUSDT
111,58.56,-0.1426,-15.394,-19.124,-2.18,51.4,12.6,36.0,12,1.5,55,1.0,2.5,6,LINKUSDT
99,64.65,-0.2172,-20.257,-23.527,-2.788,62.6,24.2,13.1,12,1.5,55,1.0,2.5,12,LINKUSDT
95,70.53,-0.1504,-14.303,-21.246,-1.87,69.5,26.3,4.2,12,1.5,55,1.0,2.5,24,LINKUSDT
106,59.43,-0.2259,-22.236,-25.665,-2.928,50.9,6.6,42.5,12,1.5,55,1.0,4.0,6,LINKUSDT
85,65.88,-0.3066,-24.0,-30.067,-3.336,63.5,11.8,24.7,12,1.5,55,1.0,4.0,12,LINKUSDT
79,74.68,-0.2466,-18.941,-24.306,-2.45,72.2,16.5,11.4,12,1.5,55,1.0,4.0,24,LINKUSDT
115,48.7,-0.1617,-17.711,-21.773,-2.506,28.7,32.2,39.1,12,1.5,55,1.5,1.5,6,LINKUSDT
102,51.96,-0.1499,-15.046,-18.922,-2.048,41.2,43.1,15.7,12,1.5,55,1.5,1.5,12,LINKUSDT
101,53.47,-0.0801,-8.802,-14.322,-1.029,51.5,46.5,2.0,12,1.5,55,1.5,1.5,24,LINKUSDT
102,50.98,-0.2085,-20.005,-25.404,-2.82,27.5,15.7,56.9,12,1.5,55,1.5,2.5,6,LINKUSDT
85,56.47,-0.2738,-21.83,-26.867,-2.981,45.9,30.6,23.5,12,1.5,55,1.5,2.5,12,LINKUSDT
80,60.0,-0.1766,-14.4,-20.477,-1.806,58.8,33.8,7.5,12,1.5,55,1.5,2.5,24,LINKUSDT
98,53.06,-0.2885,-25.689,-30.77,-3.323,28.6,9.2,62.2,12,1.5,55,1.5,4.0,6,LINKUSDT
74,62.16,-0.1916,-14.458,-24.178,-1.879,50.0,12.2,37.8,12,1.5,55,1.5,4.0,12,LINKUSDT
69,66.67,-0.167,-12.418,-21.497,-1.441,63.8,18.8,17.4,12,1.5,55,1.5,4.0,24,LINKUSDT
113,46.02,-0.1423,-15.725,-20.532,-2.032,18.6,33.6,47.8,12,1.5,55,2.0,1.5,6,LINKUSDT
95,45.26,-0.1775,-16.52,-23.333,-2.149,32.6,48.4,18.9,12,1.5,55,2.0,1.5,12,LINKUSDT
93,46.24,-0.0803,-8.446,-16.883,-0.899,41.9,52.7,5.4,12,1.5,55,2.0,1.5,24,LINKUSDT
100,48.0,-0.191,-18.313,-21.488,-2.459,17.0,15.0,68.0,12,1.5,55,2.0,2.5,6,LINKUSDT
78,51.28,-0.2888,-21.347,-26.224,-2.866,35.9,33.3,30.8,12,1.5,55,2.0,2.5,12,LINKUSDT
74,55.41,-0.1181,-9.891,-17.477,-1.064,50.0,37.8,12.2,12,1.5,55,2.0,2.5,24,LINKUSDT
95,48.42,-0.2864,-24.891,-28.518,-3.233,17.9,8.4,73.7,12,1.5,55,2.0,4.0,6,LINKUSDT
66,54.55,-0.2718,-17.702,-24.28,-2.437,37.9,13.6,48.5,12,1.5,55,2.0,4.0,12,LINKUSDT
60,58.33,-0.3246,-19.268,-25.503,-2.487,48.3,23.3,28.3,12,1.5,55,2.0,4.0,24,LINKUSDT
108,47.22,-0.1928,-19.557,-25.445,-2.821,2.8,33.3,63.9,12,1.5,55,3.0,1.5,6,LINKUSDT
83,43.37,-0.0981,-8.979,-16.4,-1.073,13.3,48.2,38.6,12,1.5,55,3.0,1.5,12,LINKUSDT
78,43.59,0.0922,5.752,-10.573,0.868,29.5,53.8,16.7,12,1.5,55,3.0,1.5,24,LINKUSDT
95,48.42,-0.2679,-23.305,-25.911,-3.457,2.1,15.8,82.1,12,1.5,55,3.0,2.5,6,LINKUSDT
71,45.07,-0.4323,-27.526,-30.704,-4.122,9.9,36.6,53.5,12,1.5,55,3.0,2.5,12,LINKUSDT
63,44.44,-0.208,-13.965,-20.941,-1.61,33.3,44.4,22.2,12,1.5,55,3.0,2.5,24,LINKUSDT
91,48.35,-0.3304,-26.998,-30.001,-3.682,2.2,8.8,89.0,12,1.5,55,3.0,4.0,6,LINKUSDT
61,50.82,-0.4204,-23.843,-28.458,-3.598,9.8,14.8,75.4,12,1.5,55,3.0,4.0,12,LINKUSDT
53,49.06,-0.3751,-19.823,-26.554,-2.515,34.0,26.4,39.6,12,1.5,55,3.0,4.0,24,LINKUSDT
112,55.36,-0.1601,-17.026,-20.385,-2.705,51.8,32.1,16.1,12,1.5,60,1.0,1.5,6,LINKUSDT
103,59.22,-0.1765,-17.257,-18.686,-2.814,57.3,37.9,4.9,12,1.5,60,1.0,1.5,12,LINKUSDT
102,61.76,-0.1259,-12.721,-17.423,-1.98,61.8,38.2,0.0,12,1.5,60,1.0,1.5,24,LINKUSDT
97,58.76,-0.1682,-15.771,-20.126,-2.469,53.6,15.5,30.9,12,1.5,60,1.0,2.5,6,LINKUSDT
85,64.71,-0.2383,-19.146,-21.819,-3.032,62.4,24.7,12.9,12,1.5,60,1.0,2.5,12,LINKUSDT
82,70.73,-0.1538,-12.736,-18.687,-1.897,70.7,26.8,2.4,12,1.5,60,1.0,2.5,24,LINKUSDT
89,59.55,-0.2321,-19.462,-22.416,-3.043,50.6,6.7,42.7,12,1.5,60,1.0,4.0,6,LINKUSDT
69,65.22,-0.2792,-18.357,-24.252,-3.178,62.3,10.1,27.5,12,1.5,60,1.0,4.0,12,LINKUSDT
64,75.0,-0.2103,-13.602,-17.956,-2.148,73.4,14.1,12.5,12,1.5,60,1.0,4.0,24,LINKUSDT
98,48.98,-0.1582,-15.052,-19.245,-2.379,31.6,34.7,33.7,12,1.5,60,1.5,1.5,6,LINKUSDT
87,51.72,-0.1377,-12.055,-15.062,-1.872,43.7,42.5,13.8,12,1.5,60,1.5,1.5,12,LINKUSDT
85,52.94,-0.0712,-6.754,-11.233,-0.917,51.8,45.9,2.4,12,1.5,60,1.5,1.5,24,LINKUSDT
89,52.81,-0.1889,-16.309,-21.999,-2.454,31.5,18.0,50.6,12,1.5,60,1.5,2.5,6,LINKUSDT
75,56.0,-0.2667,-19.095,-23.302,-2.916,48.0,29.3,22.7,12,1.5,60,1.5,2.5,12,LINKUSDT
67,56.72,-0.2194,-14.688,-20.857,-2.258,56.7,34.3,9.0,12,1.5,60,1.5,2.5,24,LINKUSDT
80,51.25,-0.3504,-25.302,-29.455,-4.085,27.5,8.8,63.7,12,1.5,60,1.5,4.0,6,LINKUSDT
62,58.06,-0.3014,-18.051,-26.397,-2.959,46.8,12.9,40.3,12,1.5,60,1.5,4.0,12,LINKUSDT
56,66.07,-0.1703,-10.362,-17.429,-1.47,64.3,17.9,17.9,12,1.5,60,1.5,4.0,24,LINKUSDT
96,45.83,-0.1331,-12.813,-18.768,-1.828,20.8,36.5,42.7,12,1.5,60,2.0,1.5,6,LINKUSDT
84,45.24,-0.1714,-14.322,-20.171,-2.076,33.3,47.6,19.0,12,1.5,60,2.0,1.5,12,LINKUSDT
81,45.68,-0.0693,-6.559,-14.984,-0.777,42.0,51.9,6.2,12,1.5,60,2.0,1.5,24,LINKUSDT
87,48.28,-0.1799,-15.389,-20.089,-2.222,19.5,17.2,63.2,12,1.5,60,2.0,2.5,6,LINKUSDT
69,50.72,-0.2892,-19.144,-22.769,-2.896,34.8,31.9,33.3,12,1.5,60,2.0,2.5,12,LINKUSDT
61,49.18,-0.25,-15.319,-20.363,-2.268,47.5,39.3,13.1,12,1.5,60,2.0,2.5,24,LINKUSDT
78,48.72,-0.3295,-23.535,-26.389,-3.79,16.7,7.7,75.6,12,1.5,60,2.0,4.0,6,LINKUSDT
56,50.0,-0.3915,-20.732,-25.732,-3.544,35.7,14.3,50.0,12,1.5,60,2.0,4.0,12,LINKUSDT
50,56.0,-0.3223,-16.241,-21.295,-2.467,50.0,22.0,28.0,12,1.5,60,2.0,4.0,24,LINKUSDT
89,46.07,-0.2169,-18.227,-23.748,-3.106,3.4,36.0,60.7,12,1.5,60,3.0,1.5,6,LINKUSDT
71,42.25,-0.1087,-8.435,-15.233,-1.181,14.1,47.9,38.0,12,1.5,60,3.0,1.5,12,LINKUSDT
68,44.12,0.1408,8.47,-10.648,1.303,30.9,54.4,14.7,12,1.5,60,3.0,1.5,24,LINKUSDT
82,47.56,-0.3078,-23.068,-25.226,-3.884,2.4,18.3,79.3,12,1.5,60,3.0,2.5,6,LINKUSDT
62,43.55,-0.4277,-24.252,-26.399,-4.158,9.7,33.9,56.5,12,1.5,60,3.0,2.5,12,LINKUSDT
55,40.0,-0.2796,-15.7,-22.269,-2.162,34.5,45.5,20.0,12,1.5,60,3.0,2.5,24,LINKUSDT
75,46.67,-0.4495,-29.36,-30.304,-5.395,0.0,8.0,92.0,12,1.5,60,3.0,4.0,6,LINKUSDT
53,45.28,-0.5348,-25.742,-29.854,-4.576,11.3,15.1,73.6,12,1.5,60,3.0,4.0,12,LINKUSDT
45,46.67,-0.3375,-15.731,-20.62,-2.228,35.6,24.4,40.0,12,1.5,60,3.0,4.0,24,LINKUSDT
82,54.88,-0.1532,-12.269,-14.79,-2.619,50.0,31.7,18.3,12,1.5,65,1.0,1.5,6,LINKUSDT
78,61.54,-0.1354,-10.517,-12.709,-2.19,57.7,35.9,6.4,12,1.5,65,1.0,1.5,12,LINKUSDT
77,61.04,-0.144,-11.018,-12.956,-2.257,61.0,39.0,0.0,12,1.5,65,1.0,1.5,24,LINKUSDT
68,60.29,-0.1032,-7.279,-10.46,-1.582,51.5,14.7,33.8,12,1.5,65,1.0,2.5,6,LINKUSDT
61,67.21,-0.1118,-7.183,-10.99,-1.497,63.9,21.3,14.8,12,1.5,65,1.0,2.5,12,LINKUSDT
58,72.41,-0.1099,-6.824,-11.592,-1.368,72.4,25.9,1.7,12,1.5,65,1.0,2.5,24,LINKUSDT
67,61.19,-0.2246,-14.673,-17.601,-2.796,50.7,9.0,40.3,12,1.5,65,1.0,4.0,6,LINKUSDT
55,67.27,-0.2231,-12.267,-17.245,-2.523,63.6,10.9,25.5,12,1.5,65,1.0,4.0,12,LINKUSDT
47,74.47,-0.2096,-10.155,-13.143,-2.13,74.5,14.9,10.6,12,1.5,65,1.0,4.0,24,LINKUSDT
73,46.58,-0.1474,-10.725,-13.678,-2.236,31.5,32.9,35.6,12,1.5,65,1.5,1.5,6,LINKUSDT
68,54.41,-0.1207,-8.503,-12.058,-1.638,44.1,42.6,13.2,12,1.5,65,1.5,1.5,12,LINKUSDT
67,50.75,-0.1476,-10.106,-13.575,-1.88,50.7,49.3,0.0,12,1.5,65,1.5,1.5,24,LINKUSDT
65,53.85,-0.0733,-5.279,-10.321,-0.987,35.4,15.4,49.2,12,1.5,65,1.5,2.5,6,LINKUSDT
57,63.16,-0.0279,-2.369,-9.694,-0.318,52.6,24.6,22.8,12,1.5,65,1.5,2.5,12,LINKUSDT
53,62.26,-0.1133,-6.719,-14.077,-1.15,62.3,34.0,3.8,12,1.5,65,1.5,2.5,24,LINKUSDT
62,53.23,-0.2345,-14.333,-18.892,-2.631,35.5,9.7,54.8,12,1.5,65,1.5,4.0,6,LINKUSDT
51,64.71,-0.0545,-3.618,-12.18,-0.557,52.9,9.8,37.3,12,1.5,65,1.5,4.0,12,LINKUSDT
42,66.67,-0.0244,-1.879,-11.348,-0.23,64.3,11.9,23.8,12,1.5,65,1.5,4.0,24,LINKUSDT
71,43.66,-0.0997,-7.493,-11.472,-1.35,22.5,35.2,42.3,12,1.5,65,2.0,1.5,6,LINKUSDT
66,51.52,-0.0346,-3.089,-8.626,-0.41,37.9,45.5,16.7,12,1.5,65,2.0,1.5,12,LINKUSDT
64,46.88,-0.0605,-4.705,-10.196,-0.672,42.2,53.1,4.7,12,1.5,65,2.0,1.5,24,LINKUSDT
62,50.0,-0.0679,-4.795,-8.879,-0.863,21.0,14.5,64.5,12,1.5,65,2.0,2.5,6,LINKUSDT
53,58.49,0.005,-0.657,-10.079,0.051,41.5,26.4,32.1,12,1.5,65,2.0,2.5,12,LINKUSDT
48,56.25,-0.1121,-6.293,-11.799,-0.996,50.0,39.6,10.4,12,1.5,65,2.0,2.5,24,LINKUSDT
60,50.0,-0.2181,-13.062,-16.791,-2.426,20.0,8.3,71.7,12,1.5,65,2.0,4.0,6,LINKUSDT
47,55.32,-0.1697,-8.595,-14.262,-1.576,38.3,10.6,51.1,12,1.5,65,2.0,4.0,12,LINKUSDT
39,61.54,-0.0311,-2.233,-9.889,-0.259,51.3,12.8,35.9,12,1.5,65,2.0,4.0,24,LINKUSDT
69,42.03,-0.1933,-13.101,-18.448,-2.602,5.8,37.7,56.5,12,1.5,65,3.0,1.5,6,LINKUSDT
62,46.77,0.007,-0.541,-10.012,0.075,14.5,45.2,40.3,12,1.5,65,3.0,1.5,12,LINKUSDT
60,41.67,0.0661,2.729,-11.595,0.611,30.0,56.7,13.3,12,1.5,65,3.0,1.5,24,LINKUSDT
60,50.0,-0.194,-11.567,-15.64,-2.542,3.3,15.0,81.7,12,1.5,65,3.0,2.5,6,LINKUSDT
51,52.94,-0.0788,-4.83,-11.181,-0.788,11.8,25.5,62.7,12,1.5,65,3.0,2.5,12,LINKUSDT
45,48.89,0.0083,-1.029,-15.373,0.064,37.8,42.2,20.0,12,1.5,65,3.0,2.5,24,LINKUSDT
58,50.0,-0.3208,-17.707,-21.497,-3.602,3.4,8.6,87.9,12,1.5,65,3.0,4.0,6,LINKUSDT
46,50.0,-0.2322,-11.118,-17.049,-2.043,15.2,10.9,73.9,12,1.5,65,3.0,4.0,12,LINKUSDT
38,57.89,0.1535,4.593,-9.466,1.108,36.8,13.2,50.0,12,1.5,65,3.0,4.0,24,LINKUSDT
46,60.87,-0.0878,-4.255,-7.369,-1.449,58.7,32.6,8.7,12,1.5,70,1.0,1.5,6,LINKUSDT
44,61.36,-0.1359,-6.117,-9.17,-2.133,61.4,38.6,0.0,12,1.5,70,1.0,1.5,12,LINKUSDT
44,61.36,-0.1359,-6.117,-9.17,-2.133,61.4,38.6,0.0,12,1.5,70,1.0,1.5,24,LINKUSDT
39,66.67,0.0428,1.381,-5.269,0.666,66.7,10.3,23.1,12,1.5,70,1.0,2.5,6,LINKUSDT
34,73.53,0.0686,2.036,-5.927,0.966,73.5,17.6,8.8,12,1.5,70,1.0,2.5,12,LINKUSDT
34,76.47,0.0573,1.614,-7.144,0.771,76.5,20.6,2.9,12,1.5,70,1.0,2.5,24,LINKUSDT
38,65.79,0.0291,0.786,-6.398,0.429,65.8,2.6,31.6,12,1.5,70,1.0,4.0,6,LINKUSDT
30,76.67,0.0639,1.565,-6.747,0.792,76.7,6.7,16.7,12,1.5,70,1.0,4.0,12,LINKUSDT
29,82.76,0.0467,0.899,-9.151,0.507,82.8,13.8,3.4,12,1.5,70,1.0,4.0,24,LINKUSDT
41,60.98,0.1977,8.04,-6.158,2.833,51.2,29.3,19.5,12,1.5,70,1.5,1.5,6,LINKUSDT
39,61.54,0.1762,6.66,-5.737,2.306,61.5,38.5,0.0,12,1.5,70,1.5,1.5,12,LINKUSDT
39,61.54,0.1762,6.66,-5.737,2.306,61.5,38.5,0.0,12,1.5,70,1.5,1.5,24,LINKUSDT
37,64.86,0.2728,10.18,-5.269,3.614,56.8,10.8,32.4,12,1.5,70,1.5,2.5,6,LINKUSDT
32,71.88,0.3804,12.456,-5.269,4.552,71.9,18.8,9.4,12,1.5,70,1.5,2.5,12,LINKUSDT
32,75.0,0.384,12.547,-6.22,4.411,75.0,21.9,3.1,12,1.5,70,1.5,2.5,24,LINKUSDT
37,64.86,0.2438,8.964,-6.398,3.08,56.8,2.7,40.5,12,1.5,70,1.5,4.0,6,LINKUSDT
29,75.86,0.3873,11.364,-6.284,4.238,72.4,6.9,20.7,12,1.5,70,1.5,4.0,12,LINKUSDT
28,82.14,0.3839,10.717,-8.7,3.736,78.6,14.3,7.1,12,1.5,70,1.5,4.0,24,LINKUSDT
41,58.54,0.248,10.182,-6.158,3.164,36.6,31.7,31.7,12,1.5,70,2.0,1.5,6,LINKUSDT
38,52.63,0.1249,4.293,-5.484,1.415,44.7,44.7,10.5,12,1.5,70,2.0,1.5,12,LINKUSDT
38,52.63,0.1338,4.62,-6.151,1.481,50.0,47.4,2.6,12,1.5,70,2.0,1.5,24,LINKUSDT
37,62.16,0.3508,13.319,-5.269,4.281,37.8,10.8,51.4,12,1.5,70,2.0,2.5,6,LINKUSDT
31,61.29,0.2182,6.38,-8.646,2.175,48.4,25.8,25.8,12,1.5,70,2.0,2.5,12,LINKUSDT
31,64.52,0.2692,8.022,-7.52,2.578,58.1,29.0,12.9,12,1.5,70,2.0,2.5,24,LINKUSDT
37,62.16,0.3218,12.068,-6.398,3.768,37.8,2.7,59.5,12,1.5,70,2.0,4.0,6,LINKUSDT
28,64.29,0.1314,3.081,-9.822,1.179,46.4,10.7,42.9,12,1.5,70,2.0,4.0,12,LINKUSDT
27,77.78,0.404,10.677,-8.25,3.313,66.7,18.5,14.8,12,1.5,70,2.0,4.0,24,LINKUSDT
40,55.0,0.1989,7.723,-6.158,2.374,12.5,32.5,55.0,12,1.5,70,3.0,1.5,6,LINKUSDT
37,48.65,0.1693,5.765,-6.277,1.716,16.2,45.9,37.8,12,1.5,70,3.0,1.5,12,LINKUSDT
36,44.44,0.1893,6.179,-8.076,1.695,36.1,55.6,8.3,12,1.5,70,3.0,1.5,24,LINKUSDT
36,58.33,0.2746,9.831,-5.269,3.155,13.9,11.1,75.0,12,1.5,70,3.0,2.5,6,LINKUSDT
31,54.84,-0.0126,-1.011,-8.834,-0.12,12.9,29.0,58.1,12,1.5,70,3.0,2.5,12,LINKUSDT
31,58.06,0.2201,6.034,-8.589,1.692,41.9,38.7,19.4,12,1.5,70,3.0,2.5,24,LINKUSDT
36,58.33,0.214,7.45,-6.398,2.433,11.1,2.8,86.1,12,1.5,70,3.0,4.0,6,LINKUSDT
28,60.71,0.0966,1.885,-8.018,0.758,21.4,14.3,64.3,12,1.5,70,3.0,4.0,12,LINKUSDT
27,74.07,0.558,14.989,-7.349,3.819,48.1,22.2,29.6,12,1.5,70,3.0,4.0,24,LINKUSDT
91,53.85,-0.2364,-19.869,-22.475,-3.908,48.4,37.4,14.3,12,2.5,55,1.0,1.5,6,LINKUSDT
86,56.98,-0.2376,-19.018,-20.345,-3.752,54.7,40.7,4.7,12,2.5,55,1.0,1.5,12,LINKUSDT
85,57.65,-0.2288,-18.23,-20.232,-3.539,57.6,42.4,0.0,12,2.5,55,1.0,1.5,24,LINKUSDT
74,62.16,-0.1545,-11.394,-14.598,-2.228,54.1,16.2,29.7,12,2.5,55,1.0,2.5,6,LINKUSDT
69,66.67,-0.1452,-10.217,-13.185,-1.896,65.2,23.2,11.6,12,2.5,55,1.0,2.5,12,LINKUSDT
68,72.06,-0.0736,-5.607,-9.586,-0.946,72.1,23.5,4.4,12,2.5,55,1.0,2.5,24,LINKUSDT
69,62.32,-0.2161,-14.585,-17.674,-2.682,53.6,8.7,37.7,12,2.5,55,1.0,4.0,6,LINKUSDT
61,72.13,-0.1265,-8.299,-15.653,-1.391,70.5,13.1,16.4,12,2.5,55,1.0,4.0,12,LINKUSDT
60,80.0,-0.1037,-7.074,-15.529,-1.039,80.0,16.7,3.3,12,2.5,55,1.0,4.0,24,LINKUSDT
78,46.15,-0.2692,-19.489,-21.602,-3.984,28.2,41.0,30.8,12,2.5,55,1.5,1.5,6,LINKUSDT
74,50.0,-0.2092,-15.012,-17.228,-2.784,43.2,47.3,9.5,12,2.5,55,1.5,1.5,12,LINKUSDT
73,47.95,-0.2316,-16.266,-19.52,-2.953,47.9,52.1,0.0,12,2.5,55,1.5,1.5,24,LINKUSDT
66,54.55,-0.2564,-16.24,-20.853,-3.204,30.3,21.2,48.5,12,2.5,55,1.5,2.5,6,LINKUSDT
60,56.67,-0.2292,-13.667,-18.156,-2.503,48.3,30.0,21.7,12,2.5,55,1.5,2.5,12,LINKUSDT
59,59.32,-0.1729,-10.639,-16.402,-1.768,59.3,33.9,6.8,12,2.5,55,1.5,2.5,24,LINKUSDT
60,55.0,-0.2941,-16.968,-21.616,-3.235,33.3,10.0,56.7,12,2.5,55,1.5,4.0,6,LINKUSDT
50,66.0,-0.0864,-5.162,-14.006,-0.841,52.0,14.0,34.0,12,2.5,55,1.5,4.0,12,LINKUSDT
48,68.75,-0.1353,-7.428,-16.041,-1.157,66.7,18.8,14.6,12,2.5,55,1.5,4.0,24,LINKUSDT
75,42.67,-0.2537,-17.948,-20.485,-3.475,18.7,42.7,38.7,12,2.5,55,2.0,1.5,6,LINKUSDT
69,43.48,-0.2343,-15.696,-21.022,-2.787,33.3,52.2,14.5,12,2.5,55,2.0,1.5,12,LINKUSDT
68,41.18,-0.2132,-14.368,-20.151,-2.376,41.2,57.4,1.5,12,2.5,55,2.0,1.5,24,LINKUSDT
63,50.79,-0.2572,-15.664,-18.209,-3.076,19.0,20.6,60.3,12,2.5,55,2.0,2.5,6,LINKUSDT
55,50.91,-0.2158,-12.122,-17.582,-2.125,38.2,32.7,29.1,12,2.5,55,2.0,2.5,12,LINKUSDT
54,51.85,-0.1774,-10.266,-15.346,-1.585,51.9,38.9,9.3,12,2.5,55,2.0,2.5,24,LINKUSDT
57,52.63,-0.3047,-16.693,-19.998,-3.362,17.5,8.8,73.7,12,2.5,55,2.0,4.0,6,LINKUSDT
44,59.09,-0.0631,-3.711,-13.773,-0.568,40.9,13.6,45.5,12,2.5,55,2.0,4.0,12,LINKUSDT
42,61.9,-0.0938,-5.138,-13.696,-0.716,59.5,19.0,21.4,12,2.5,55,2.0,4.0,24,LINKUSDT
73,45.21,-0.2346,-16.383,-20.723,-3.136,5.5,41.1,53.4,12,2.5,55,3.0,1.5,6,LINKUSDT
59,42.37,-0.0871,-5.939,-12.944,-0.91,15.3,50.8,33.9,12,2.5,55,3.0,1.5,12,LINKUSDT
57,36.84,-0.1348,-8.498,-16.199,-1.254,29.8,61.4,8.8,12,2.5,55,3.0,1.5,24,LINKUSDT
62,53.23,-0.2844,-16.858,-18.957,-3.385,3.2,21.0,75.8,12,2.5,55,3.0,2.5,6,LINKUSDT
49,46.94,-0.3189,-15.332,-19.851,-3.038,10.2,34.7,55.1,12,2.5,55,3.0,2.5,12,LINKUSDT
47,40.43,-0.3411,-16.07,-20.836,-2.619,34.0,46.8,19.1,12,2.5,55,3.0,2.5,24,LINKUSDT
57,52.63,-0.2744,-15.262,-18.012,-2.971,3.5,8.8,87.7,12,2.5,55,3.0,4.0,6,LINKUSDT
41,56.1,-0.1715,-7.803,-16.053,-1.431,14.6,14.6,70.7,12,2.5,55,3.0,4.0,12,LINKUSDT
37,54.05,-0.1126,-5.582,-13.287,-0.74,40.5,21.6,37.8,12,2.5,55,3.0,4.0,24,LINKUSDT
86,54.65,-0.2244,-18.046,-19.712,-3.693,50.0,37.2,12.8,12,2.5,60,1.0,1.5,6,LINKUSDT
81,56.79,-0.2418,-18.295,-17.636,-3.821,54.3,40.7,4.9,12,2.5,60,1.0,1.5,12,LINKUSDT
80,57.5,-0.2325,-17.5,-16.789,-3.594,57.5,42.5,0.0,12,2.5,60,1.0,1.5,24,LINKUSDT
70,62.86,-0.133,-9.452,-12.285,-1.934,55.7,15.7,28.6,12,2.5,60,1.0,2.5,6,LINKUSDT
65,66.15,-0.1514,-10.014,-11.538,-1.981,64.6,23.1,12.3,12,2.5,60,1.0,2.5,12,LINKUSDT
64,71.88,-0.0754,-5.393,-8.873,-0.97,71.9,23.4,4.7,12,2.5,60,1.0,2.5,24,LINKUSDT
64,64.06,-0.1116,-7.487,-9.395,-1.525,54.7,6.2,39.1,12,2.5,60,1.0,4.0,6,LINKUSDT
58,74.14,-0.0055,-1.076,-8.166,-0.065,72.4,10.3,17.2,12,2.5,60,1.0,4.0,12,LINKUSDT
57,82.46,0.0491,1.933,-8.499,0.539,82.5,12.3,5.3,12,2.5,60,1.0,4.0,24,LINKUSDT
72,45.83,-0.2999,-19.923,-21.031,-4.47,26.4,41.7,31.9,12,2.5,60,1.5,1.5,6,LINKUSDT
68,48.53,-0.2568,-16.625,-16.368,-3.436,41.2,48.5,10.3,12,2.5,60,1.5,1.5,12,LINKUSDT
67,46.27,-0.2819,-17.856,-17.557,-3.601,46.3,53.7,0.0,12,2.5,60,1.5,1.5,24,LINKUSDT
62,54.84,-0.2626,-15.651,-19.281,-3.315,29.0,21.0,50.0,12,2.5,60,1.5,2.5,6,LINKUSDT
56,55.36,-0.2691,-14.746,-17.015,-2.949,46.4,30.4,23.2,12,2.5,60,1.5,2.5,12,LINKUSDT
55,58.18,-0.2095,-11.755,-15.236,-2.137,58.2,34.5,7.3,12,2.5,60,1.5,2.5,24,LINKUSDT
54,53.7,-0.3461,-17.697,-20.192,-3.984,27.8,9.3,63.0,12,2.5,60,1.5,4.0,6,LINKUSDT
46,65.22,-0.0924,-4.986,-11.556,-0.918,50.0,13.0,37.0,12,2.5,60,1.5,4.0,12,LINKUSDT
44,68.18,-0.1093,-5.695,-12.179,-0.963,65.9,15.9,18.2,12,2.5,60,1.5,4.0,24,LINKUSDT
69,42.03,-0.295,-18.976,-20.69,-4.085,17.4,43.5,39.1,12,2.5,60,2.0,1.5,6,LINKUSDT
64,42.19,-0.2862,-17.425,-19.785,-3.449,31.2,53.1,15.6,12,2.5,60,2.0,1.5,12,LINKUSDT
63,39.68,-0.2642,-16.124,-17.63,-2.963,39.7,58.7,1.6,12,2.5,60,2.0,1.5,24,LINKUSDT
59,50.85,-0.2678,-15.264,-16.994,-3.235,18.6,20.3,61.0,12,2.5,60,2.0,2.5,6,LINKUSDT
50,48.0,-0.3303,-16.029,-18.337,-3.293,34.0,34.0,32.0,12,2.5,60,2.0,2.5,12,LINKUSDT
49,48.98,-0.2904,-14.255,-16.122,-2.596,49.0,40.8,10.2,12,2.5,60,2.0,2.5,24,LINKUSDT
52,51.92,-0.3521,-17.334,-17.866,-4.154,13.5,7.7,78.8,12,2.5,60,2.0,4.0,6,LINKUSDT
40,55.0,-0.2551,-10.547,-16.936,-2.281,35.0,15.0,50.0,12,2.5,60,2.0,4.0,12,LINKUSDT
38,57.89,-0.2566,-10.389,-15.463,-1.962,55.3,18.4,26.3,12,2.5,60,2.0,4.0,24,LINKUSDT
67,44.78,-0.2846,-17.926,-21.067,-3.881,6.0,41.8,52.2,12,2.5,60,3.0,1.5,6,LINKUSDT
55,41.82,-0.1376,-8.101,-11.101,-1.474,12.7,50.9,36.4,12,2.5,60,3.0,1.5,12,LINKUSDT
53,33.96,-0.2233,-12.141,-16.158,-2.095,28.3,64.2,7.5,12,2.5,60,3.0,1.5,24,LINKUSDT
58,53.45,-0.3194,-17.534,-18.527,-3.871,3.4,20.7,75.9,12,2.5,60,3.0,2.5,6,LINKUSDT
45,44.44,-0.3745,-16.239,-17.767,-3.722,6.7,33.3,60.0,12,2.5,60,3.0,2.5,12,LINKUSDT
43,39.53,-0.3858,-16.409,-17.761,-2.995,32.6,46.5,20.9,12,2.5,60,3.0,2.5,24,LINKUSDT
52,51.92,-0.3534,-17.389,-17.149,-4.175,1.9,7.7,90.4,12,2.5,60,3.0,4.0,6,LINKUSDT
38,52.63,-0.3276,-12.543,-17.413,-2.845,7.9,15.8,76.3,12,2.5,60,3.0,4.0,12,LINKUSDT
34,50.0,-0.2325,-8.9,-12.731,-1.551,38.2,20.6,41.2,12,2.5,60,3.0,4.0,24,LINKUSDT
65,55.38,-0.2136,-13.357,-13.49,-3.522,49.2,36.9,13.8,12,2.5,65,1.0,1.5,6,LINKUSDT
64,59.38,-0.1882,-11.77,-12.517,-2.994,56.2,39.1,4.7,12,2.5,65,1.0,1.5,12,LINKUSDT
63,57.14,-0.2414,-14.542,-13.806,-3.728,57.1,42.9,0.0,12,2.5,65,1.0,1.5,24,LINKUSDT
50,64.0,-0.1287,-6.648,-10.593,-1.866,54.0,16.0,30.0,12,2.5,65,1.0,2.5,6,LINKUSDT
48,68.75,-0.0611,-3.36,-7.856,-0.825,66.7,20.8,12.5,12,2.5,65,1.0,2.5,12,LINKUSDT
47,70.21,-0.1441,-7.071,-9.347,-1.803,70.2,25.5,4.3,12,2.5,65,1.0,2.5,24,LINKUSDT
48,64.58,-0.1684,-8.289,-11.435,-2.121,54.2,8.3,37.5,12,2.5,65,1.0,4.0,6,LINKUSDT
44,72.73,-0.0619,-3.292,-8.282,-0.71,70.5,11.4,18.2,12,2.5,65,1.0,4.0,12,LINKUSDT
43,79.07,-0.0856,-4.328,-8.682,-0.89,79.1,14.0,7.0,12,2.5,65,1.0,4.0,24,LINKUSDT
57,47.37,-0.2389,-13.15,-14.137,-3.57,28.1,38.6,33.3,12,2.5,65,1.5,1.5,6,LINKUSDT
56,51.79,-0.1736,-9.796,-11.877,-2.311,44.6,46.4,8.9,12,2.5,65,1.5,1.5,12,LINKUSDT
55,45.45,-0.3064,-16.048,-15.743,-3.918,45.5,54.5,0.0,12,2.5,65,1.5,1.5,24,LINKUSDT
48,56.25,-0.1703,-8.361,-13.826,-2.164,33.3,18.8,47.9,12,2.5,65,1.5,2.5,6,LINKUSDT
45,62.22,-0.0237,-1.724,-8.168,-0.264,55.6,26.7,17.8,12,2.5,65,1.5,2.5,12,LINKUSDT
44,59.09,-0.2333,-10.492,-14.084,-2.337,59.1,36.4,4.5,12,2.5,65,1.5,2.5,24,LINKUSDT
43,53.49,-0.2858,-12.146,-16.822,-3.186,34.9,9.3,55.8,12,2.5,65,1.5,4.0,6,LINKUSDT
37,64.86,-0.0785,-3.573,-10.971,-0.76,54.1,13.5,32.4,12,2.5,65,1.5,4.0,12,LINKUSDT
35,62.86,-0.267,-9.703,-14.464,-2.337,60.0,17.1,22.9,12,2.5,65,1.5,4.0,24,LINKUSDT
55,45.45,-0.1798,-9.921,-11.978,-2.428,21.8,40.0,38.2,12,2.5,65,2.0,1.5,6,LINKUSDT
54,48.15,-0.1166,-6.781,-11.42,-1.365,37.0,50.0,13.0,12,2.5,65,2.0,1.5,12,LINKUSDT
53,41.51,-0.2302,-12.185,-12.638,-2.57,39.6,58.5,1.9,12,2.5,65,2.0,1.5,24,LINKUSDT
46,54.35,-0.1703,-8.055,-11.759,-2.097,19.6,17.4,63.0,12,2.5,65,2.0,2.5,6,LINKUSDT
42,54.76,-0.0558,-3.098,-10.692,-0.548,42.9,31.0,26.2,12,2.5,65,2.0,2.5,12,LINKUSDT
41,51.22,-0.3093,-12.79,-16.222,-2.705,48.8,43.9,7.3,12,2.5,65,2.0,2.5,24,LINKUSDT
42,52.38,-0.2744,-11.414,-14.404,-3.174,16.7,7.1,76.2,12,2.5,65,2.0,4.0,6,LINKUSDT
35,57.14,-0.0869,-3.817,-11.507,-0.759,42.9,14.3,42.9,12,2.5,65,2.0,4.0,12,LINKUSDT
33,57.58,-0.2415,-8.615,-13.788,-1.863,54.5,18.2,27.3,12,2.5,65,2.0,4.0,24,LINKUSDT
54,44.44,-0.223,-11.892,-15.772,-2.84,9.3,42.6,48.1,12,2.5,65,3.0,1.5,6,LINKUSDT
50,44.0,-0.1094,-6.045,-11.84,-1.192,10.0,50.0,40.0,12,2.5,65,3.0,1.5,12,LINKUSDT
48,31.25,-0.3539,-16.43,-18.505,-3.426,25.0,66.7,8.3,12,2.5,65,3.0,1.5,24,LINKUSDT
46,54.35,-0.2746,-12.356,-15.922,-3.433,4.3,17.4,78.3,12,2.5,65,3.0,2.5,6,LINKUSDT
40,50.0,-0.2046,-8.55,-15.09,-2.032,7.5,30.0,62.5,12,2.5,65,3.0,2.5,12,LINKUSDT
38,42.11,-0.34,-13.169,-15.784,-2.61,34.2,47.4,18.4,12,2.5,65,3.0,2.5,24,LINKUSDT
42,52.38,-0.3046,-12.534,-15.521,-3.523,4.8,7.1,88.1,12,2.5,65,3.0,4.0,6,LINKUSDT
34,52.94,-0.2566,-9.138,-14.682,-2.211,8.8,14.7,76.5,12,2.5,65,3.0,4.0,12,LINKUSDT
30,50.0,-0.2459,-8.276,-11.565,-1.633,40.0,20.0,40.0,12,2.5,65,3.0,4.0,24,LINKUSDT
40,62.5,-0.1038,-4.334,-8.186,-1.695,57.5,35.0,7.5,12,2.5,70,1.0,1.5,6,LINKUSDT
40,62.5,-0.1075,-4.493,-8.973,-1.697,62.5,37.5,0.0,12,2.5,70,1.0,1.5,12,LINKUSDT
40,62.5,-0.1075,-4.493,-8.973,-1.697,62.5,37.5,0.0,12,2.5,70,1.0,1.5,24,LINKUSDT
33,69.7,0.0292,0.696,-6.931,0.438,66.7,12.1,21.2,12,2.5,70,1.0,2.5,6,LINKUSDT
31,74.19,0.1078,3.116,-6.701,1.563,74.2,16.1,9.7,12,2.5,70,1.0,2.5,12,LINKUSDT
31,77.42,0.0954,2.69,-7.908,1.312,77.4,19.4,3.2,12,2.5,70,1.0,2.5,24,LINKUSDT
31,70.97,0.0473,1.19,-6.398,0.674,67.7,3.2,29.0,12,2.5,70,1.0,4.0,6,LINKUSDT
28,82.14,0.2438,6.742,-4.536,3.25,82.1,7.1,10.7,12,2.5,70,1.0,4.0,12,LINKUSDT
28,89.29,0.2943,8.205,-7.404,3.636,89.3,10.7,0.0,12,2.5,70,1.0,4.0,24,LINKUSDT
35,60.0,0.0854,2.703,-6.158,1.205,45.7,34.3,20.0,12,2.5,70,1.5,1.5,6,LINKUSDT
35,60.0,0.13,4.257,-6.974,1.69,60.0,40.0,0.0,12,2.5,70,1.5,1.5,12,LINKUSDT
35,60.0,0.13,4.257,-6.974,1.69,60.0,40.0,0.0,12,2.5,70,1.5,1.5,24,LINKUSDT
31,64.52,0.1094,3.056,-6.469,1.341,51.6,16.1,32.3,12,2.5,70,1.5,2.5,6,LINKUSDT
29,68.97,0.2822,8.086,-6.238,3.275,69.0,20.7,10.3,12,2.5,70,1.5,2.5,12,LINKUSDT
29,72.41,0.2862,8.173,-7.451,3.183,72.4,24.1,3.4,12,2.5,70,1.5,2.5,24,LINKUSDT
29,62.07,0.0682,1.613,-6.398,0.812,51.7,3.4,44.8,12,2.5,70,1.5,4.0,6,LINKUSDT
26,76.92,0.3859,10.095,-4.17,4.246,69.2,7.7,23.1,12,2.5,70,1.5,4.0,12,LINKUSDT
26,80.77,0.3076,7.729,-8.786,2.905,76.9,15.4,7.7,12,2.5,70,1.5,4.0,24,LINKUSDT
35,57.14,0.0937,2.93,-6.158,1.197,31.4,37.1,31.4,12,2.5,70,2.0,1.5,6,LINKUSDT
35,51.43,0.1177,3.676,-6.394,1.319,45.7,45.7,8.6,12,2.5,70,2.0,1.5,12,LINKUSDT
35,51.43,0.0884,2.607,-6.394,0.979,48.6,48.6,2.9,12,2.5,70,2.0,1.5,24,LINKUSDT
31,61.29,0.1636,4.745,-6.008,1.874,35.5,16.1,48.4,12,2.5,70,2.0,2.5,6,LINKUSDT
29,58.62,0.1811,4.791,-8.646,1.752,51.7,27.6,20.7,12,2.5,70,2.0,2.5,12,LINKUSDT
29,65.52,0.2341,6.369,-7.52,2.193,58.6,31.0,10.3,12,2.5,70,2.0,2.5,24,LINKUSDT
29,58.62,0.109,2.771,-6.398,1.219,34.5,3.4,62.1,12,2.5,70,2.0,4.0,6,LINKUSDT
26,65.38,0.1907,4.444,-9.815,1.697,50.0,11.5,38.5,12,2.5,70,2.0,4.0,12,LINKUSDT
26,76.92,0.3457,8.587,-8.336,2.797,65.4,19.2,15.4,12,2.5,70,2.0,4.0,24,LINKUSDT
35,54.29,0.0812,2.427,-6.158,0.972,11.4,37.1,51.4,12,2.5,70,3.0,1.5,6,LINKUSDT
34,47.06,0.1977,6.276,-6.063,1.959,17.6,47.1,35.3,12,2.5,70,3.0,1.5,12,LINKUSDT
34,47.06,0.24,7.687,-6.959,2.181,35.3,52.9,11.8,12,2.5,70,3.0,1.5,24,LINKUSDT
31,58.06,0.1213,3.337,-6.756,1.324,12.9,16.1,71.0,12,2.5,70,3.0,2.5,6,LINKUSDT
29,51.72,-0.0211,-1.234,-8.834,-0.194,13.8,31.0,55.2,12,2.5,70,3.0,2.5,12,LINKUSDT
29,58.62,0.2297,5.945,-7.798,1.78,41.4,37.9,20.7,12,2.5,70,3.0,2.5,24,LINKUSDT
29,55.17,0.059,1.269,-6.398,0.641,10.3,3.4,86.2,12,2.5,70,3.0,4.0,6,LINKUSDT
26,61.54,0.1037,1.937,-8.011,0.814,19.2,15.4,65.4,12,2.5,70,3.0,4.0,12,LINKUSDT
26,73.08,0.4554,11.384,-7.436,3.098,46.2,23.1,30.8,12,2.5,70,3.0,4.0,24,LINKUSDT
121,55.37,-0.1995,-22.094,-25.152,-3.312,51.2,35.5,13.2,4,1.0,55,1.0,1.5,6,DOGEUSDT
118,58.47,-0.1594,-17.847,-22.106,-2.563,57.6,36.4,5.9,4,1.0,55,1.0,1.5,12,DOGEUSDT
115,60.87,-0.1483,-16.41,-20.938,-2.322,60.9,39.1,0.0,4,1.0,55,1.0,1.5,24,DOGEUSDT
105,60.95,-0.2069,-20.334,-27.367,-2.897,55.2,17.1,27.6,4,1.0,55,1.0,2.5,6,DOGEUSDT
100,67.0,-0.1794,-17.374,-24.384,-2.293,65.0,24.0,11.0,4,1.0,55,1.0,2.5,12,DOGEUSDT
99,71.72,-0.142,-14.173,-20.803,-1.745,70.7,27.3,2.0,4,1.0,55,1.0,2.5,24,DOGEUSDT
99,61.62,-0.2959,-26.402,-32.9,-3.495,55.6,9.1,35.4,4,1.0,55,1.0,4.0,6,DOGEUSDT
86,67.44,-0.2824,-22.684,-31.154,-3.018,64.0,14.0,22.1,4,1.0,55,1.0,4.0,12,DOGEUSDT
84,73.81,-0.3056,-23.984,-31.728,-2.93,72.6,19.0,8.3,4,1.0,55,1.0,4.0,24,DOGEUSDT
116,51.72,-0.1135,-13.218,-21.567,-1.655,35.3,37.1,27.6,4,1.0,55,1.5,1.5,6,DOGEUSDT
108,54.63,-0.0385,-5.134,-18.288,-0.513,49.1,40.7,10.2,4,1.0,55,1.5,1.5,12,DOGEUSDT
106,54.72,-0.0285,-4.118,-13.936,-0.364,54.7,45.3,0.0,4,1.0,55,1.5,1.5,24,DOGEUSDT
99,55.56,-0.1308,-13.14,-27.063,-1.66,38.4,17.2,44.4,4,1.0,55,1.5,2.5,6,DOGEUSDT
90,58.89,-0.1648,-14.972,-29.288,-1.812,50.0,26.7,23.3,4,1.0,55,1.5,2.5,12,DOGEUSDT
87,59.77,-0.2359,-19.849,-25.957,-2.382,56.3,36.8,6.9,4,1.0,55,1.5,2.5,24,DOGEUSDT
96,56.25,-0.2374,-21.586,-34.155,-2.587,38.5,9.4,52.1,4,1.0,55,1.5,4.0,6,DOGEUSDT
80,58.75,-0.3046,-22.986,-37.666,-2.841,50.0,16.2,33.8,4,1.0,55,1.5,4.0,12,DOGEUSDT
73,63.01,-0.279,-20.011,-31.223,-2.34,61.6,21.9,16.4,4,1.0,55,1.5,4.0,24,DOGEUSDT
111,48.65,-0.1,-11.518,-23.511,-1.34,23.4,38.7,37.8,4,1.0,55,2.0,1.5,6,DOGEUSDT
102,50.0,0.0091,-0.435,-17.613,0.106,39.2,44.1,16.7,4,1.0,55,2.0,1.5,12,DOGEUSDT
100,49.0,0.0244,0.94,-18.827,0.269,47.0,51.0,2.0,4,1.0,55,2.0,1.5,24,DOGEUSDT
97,50.52,-0.1487,-14.592,-27.51,-1.712,26.8,19.6,53.6,4,1.0,55,2.0,2.5,6,DOGEUSDT
87,54.02,-0.1605,-14.471,-27.346,-1.576,40.2,29.9,29.9,4,1.0,55,2.0,2.5,12,DOGEUSDT
83,55.42,-0.1691,-14.683,-24.604,-1.541,48.2,38.6,13.3,4,1.0,55,2.0,2.5,24,DOGEUSDT
95,51.58,-0.2375,-21.621,-33.966,-2.365,28.4,10.5,61.1,4,1.0,55,2.0,4.0,6,DOGEUSDT
77,53.25,-0.3409,-24.624,-37.039,-2.899,39.0,18.2,42.9,4,1.0,55,2.0,4.0,12,DOGEUSDT
72,61.11,-0.1522,-12.431,-27.914,-1.157,55.6,23.6,20.8,4,1.0,55,2.0,4.0,24,DOGEUSDT
109,46.79,-0.0372,-5.319,-16.267,-0.44,14.7,39.4,45.9,4,1.0,55,3.0,1.5,6,DOGEUSDT
97,44.33,0.0337,1.607,-12.312,0.345,22.7,46.4,30.9,4,1.0,55,3.0,1.5,12,DOGEUSDT
92,41.3,0.0219,0.106,-13.692,0.205,28.3,57.6,14.1,4,1.0,55,3.0,1.5,24,DOGEUSDT
95,47.37,-0.1143,-11.76,-19.44,-1.175,16.8,20.0,63.2,4,1.0,55,3.0,2.5,6,DOGEUSDT
82,48.78,-0.1094,-10.403,-18.81,-0.945,26.8,31.7,41.5,4,1.0,55,3.0,2.5,12,DOGEUSDT
73,46.58,-0.2334,-17.441,-23.27,-1.856,30.1,43.8,26.0,4,1.0,55,3.0,2.5,24,DOGEUSDT
93,48.39,-0.2015,-18.81,-26.421,-1.828,17.2,10.8,72.0,4,1.0,55,3.0,4.0,6,DOGEUSDT
73,47.95,-0.3093,-21.981,-30.647,-2.417,23.3,17.8,58.9,4,1.0,55,3.0,4.0,12,DOGEUSDT
64,54.69,-0.1509,-11.345,-21.333,-1.063,31.2,23.4,45.3,4,1.0,55,3.0,4.0,24,DOGEUSDT
99,54.55,-0.2137,-19.643,-22.67,-3.465,53.5,37.4,9.1,4,1.0,60,1.0,1.5,6,DOGEUSDT
98,59.18,-0.1643,-15.487,-19.427,-2.616,58.2,37.8,4.1,4,1.0,60,1.0,1.5,12,DOGEUSDT
96,60.42,-0.1596,-14.832,-18.128,-2.494,60.4,39.6,0.0,4,1.0,60,1.0,1.5,24,DOGEUSDT
86,60.47,-0.1536,-13.081,-20.375,-2.164,59.3,17.4,23.3,4,1.0,60,1.0,2.5,6,DOGEUSDT
84,70.24,-0.0882,-7.984,-15.665,-1.15,69.0,22.6,8.3,4,1.0,60,1.0,2.5,12,DOGEUSDT
83,77.11,0.025,1.174,-10.2,0.325,75.9,22.9,1.2,4,1.0,60,1.0,2.5,24,DOGEUSDT
81,62.96,-0.2122,-16.734,-23.721,-2.477,60.5,11.1,28.4,4,1.0,60,1.0,4.0,6,DOGEUSDT
73,72.6,-0.1247,-9.702,-18.573,-1.387,69.9,12.3,17.8,4,1.0,60,1.0,4.0,12,DOGEUSDT
70,80.0,-0.0906,-7.321,-15.269,-0.924,78.6,15.7,5.7,4,1.0,60,1.0,4.0,24,DOGEUSDT
93,51.61,-0.1449,-13.346,-20.034,-2.07,35.5,39.8,24.7,4,1.0,60,1.5,1.5,6,DOGEUSDT
88,53.41,-0.1034,-9.548,-19.124,-1.361,47.7,44.3,8.0,4,1.0,60,1.5,1.5,12,DOGEUSDT
87,54.02,-0.0493,-5.13,-14.931,-0.63,54.0,46.0,0.0,4,1.0,60,1.5,1.5,24,DOGEUSDT
80,55.0,-0.1689,-13.482,-24.451,-2.093,36.2,20.0,43.8,4,1.0,60,1.5,2.5,6,DOGEUSDT
73,58.9,-0.199,-14.525,-25.108,-2.152,50.7,30.1,19.2,4,1.0,60,1.5,2.5,12,DOGEUSDT
70,64.29,-0.0527,-4.785,-20.608,-0.544,61.4,32.9,5.7,4,1.0,60,1.5,2.5,24,DOGEUSDT
77,57.14,-0.2479,-18.461,-28.799,-2.607,37.7,11.7,50.6,4,1.0,60,1.5,4.0,6,DOGEUSDT
63,61.9,-0.2061,-13.338,-27.366,-1.944,52.4,15.9,31.7,4,1.0,60,1.5,4.0,12,DOGEUSDT
57,66.67,-0.1833,-11.293,-19.289,-1.527,64.9,21.1,14.0,4,1.0,60,1.5,4.0,24,DOGEUSDT
91,49.45,-0.0924,-8.959,-21.091,-1.207,25.3,40.7,34.1,4,1.0,60,2.0,1.5,6,DOGEUSDT
86,50.0,-0.0074,-1.798,-17.297,-0.086,39.5,46.5,14.0,4,1.0,60,2.0,1.5,12,DOGEUSDT
83,50.6,0.0745,5.06,-16.371,0.821,48.2,49.4,2.4,4,1.0,60,2.0,1.5,24,DOGEUSDT
79,51.9,-0.1402,-11.488,-24.695,-1.594,25.3,21.5,53.2,4,1.0,60,2.0,2.5,6,DOGEUSDT
72,55.56,-0.142,-10.958,-22.461,-1.393,40.3,31.9,27.8,4,1.0,60,2.0,2.5,12,DOGEUSDT
67,59.7,0.0327,0.722,-21.334,0.299,53.7,35.8,10.4,4,1.0,60,2.0,2.5,24,DOGEUSDT
76,53.95,-0.2143,-16.34,-28.822,-2.051,28.9,13.2,57.9,4,1.0,60,2.0,4.0,6,DOGEUSDT
62,58.06,-0.1965,-12.845,-27.215,-1.689,40.3,17.7,41.9,4,1.0,60,2.0,4.0,12,DOGEUSDT
54,61.11,-0.1679,-10.297,-21.896,-1.255,55.6,24.1,20.4,4,1.0,60,2.0,4.0,24,DOGEUSDT
91,49.45,-0.018,-2.814,-16.643,-0.211,15.4,40.7,44.0,4,1.0,60,3.0,1.5,6,DOGEUSDT
82,42.68,-0.0501,-5.315,-17.336,-0.526,19.5,48.8,31.7,4,1.0,60,3.0,1.5,12,DOGEUSDT
77,38.96,-0.0496,-5.22,-18.34,-0.473,26.0,57.1,16.9,4,1.0,60,3.0,1.5,24,DOGEUSDT
79,50.63,-0.127,-10.741,-22.252,-1.328,13.9,21.5,64.6,4,1.0,60,3.0,2.5,6,DOGEUSDT
68,47.06,-0.2345,-16.001,-22.883,-2.154,19.1,33.8,47.1,4,1.0,60,3.0,2.5,12,DOGEUSDT
59,44.07,-0.3527,-20.089,-24.425,-2.919,25.4,42.4,32.2,4,1.0,60,3.0,2.5,24,DOGEUSDT
76,52.63,-0.2072,-16.049,-26.875,-1.866,14.5,13.2,72.4,4,1.0,60,3.0,4.0,6,DOGEUSDT
59,49.15,-0.2825,-16.723,-28.495,-2.325,18.6,16.9,64.4,4,1.0,60,3.0,4.0,12,DOGEUSDT
48,50.0,-0.2765,-13.898,-21.361,-2.011,27.1,20.8,52.1,4,1.0,60,3.0,4.0,24,DOGEUSDT
68,57.35,-0.1958,-12.888,-16.494,-3.204,52.9,36.8,10.3,4,1.0,65,1.0,1.5,6,DOGEUSDT
67,59.7,-0.1555,-10.337,-15.713,-2.485,58.2,37.3,4.5,4,1.0,65,1.0,1.5,12,DOGEUSDT
67,62.69,-0.1028,-7.12,-14.982,-1.625,62.7,37.3,0.0,4,1.0,65,1.0,1.5,24,DOGEUSDT
59,62.71,-0.3337,-18.458,-20.696,-4.209,55.9,27.1,16.9,4,1.0,65,1.0,2.5,6,DOGEUSDT
58,62.07,-0.3704,-19.955,-22.028,-4.468,60.3,29.3,10.3,4,1.0,65,1.0,2.5,12,DOGEUSDT
57,68.42,-0.2808,-15.457,-16.843,-3.304,66.7,31.6,1.8,4,1.0,65,1.0,2.5,24,DOGEUSDT
53,67.92,-0.4536,-22.179,-24.498,-4.556,58.5,17.0,24.5,4,1.0,65,1.0,4.0,6,DOGEUSDT
49,67.35,-0.4112,-19.06,-23.26,-4.029,65.3,18.4,16.3,4,1.0,65,1.0,4.0,12,DOGEUSDT
48,75.0,-0.2986,-14.24,-20.388,-2.82,72.9,20.8,6.2,4,1.0,65,1.0,4.0,24,DOGEUSDT
65,52.31,-0.1965,-12.516,-17.768,-2.805,35.4,41.5,23.1,4,1.0,65,1.5,1.5,6,DOGEUSDT
61,52.46,-0.1087,-7.008,-16.951,-1.446,47.5,42.6,9.8,4,1.0,65,1.5,1.5,12,DOGEUSDT
61,54.1,-0.047,-3.492,-16.22,-0.601,54.1,45.9,0.0,4,1.0,65,1.5,1.5,24,DOGEUSDT
57,63.16,-0.1433,-8.58,-12.741,-1.649,43.9,26.3,29.8,4,1.0,65,1.5,2.5,6,DOGEUSDT
53,58.49,-0.1604,-8.962,-15.359,-1.691,56.6,30.2,13.2,4,1.0,65,1.5,2.5,12,DOGEUSDT
52,65.38,-0.0703,-4.496,-12.99,-0.709,63.5,34.6,1.9,4,1.0,65,1.5,2.5,24,DOGEUSDT
51,66.67,-0.3603,-17.718,-21.653,-3.359,41.2,17.6,41.2,4,1.0,65,1.5,4.0,6,DOGEUSDT
46,63.04,-0.2177,-10.547,-18.882,-1.901,60.9,19.6,19.6,4,1.0,65,1.5,4.0,12,DOGEUSDT
44,70.45,-0.1739,-8.529,-18.784,-1.406,68.2,25.0,6.8,4,1.0,65,1.5,4.0,24,DOGEUSDT
64,51.56,-0.0741,-5.331,-15.171,-0.935,29.7,42.2,28.1,4,1.0,65,2.0,1.5,6,DOGEUSDT
60,50.0,0.0295,0.97,-14.841,0.344,40.0,43.3,16.7,4,1.0,65,2.0,1.5,12,DOGEUSDT
60,53.33,0.1693,9.691,-14.841,1.866,51.7,46.7,1.7,4,1.0,65,2.0,1.5,24,DOGEUSDT
56,60.71,-0.0718,-4.864,-12.84,-0.741,33.9,28.6,37.5,4,1.0,65,2.0,2.5,6,DOGEUSDT
52,53.85,-0.0708,-4.664,-15.578,-0.662,48.1,32.7,19.2,4,1.0,65,2.0,2.5,12,DOGEUSDT
51,62.75,0.0955,3.753,-14.154,0.849,58.8,37.3,3.9,4,1.0,65,2.0,2.5,24,DOGEUSDT
51,66.67,-0.194,-10.553,-17.31,-1.688,33.3,17.6,49.0,4,1.0,65,2.0,4.0,6,DOGEUSDT
46,60.87,-0.0057,-1.563,-15.736,-0.046,52.2,19.6,28.3,4,1.0,65,2.0,4.0,12,DOGEUSDT
44,68.18,0.0708,1.663,-15.736,0.528,63.6,25.0,11.4,4,1.0,65,2.0,4.0,24,DOGEUSDT
64,51.56,0.08,4.232,-13.108,0.873,18.8,42.2,39.1,4,1.0,65,3.0,1.5,6,DOGEUSDT
59,40.68,-0.0573,-4.229,-20.596,-0.611,18.6,45.8,35.6,4,1.0,65,3.0,1.5,12,DOGEUSDT
58,41.38,-0.0234,-2.474,-19.241,-0.224,24.1,56.9,19.0,4,1.0,65,3.0,1.5,24,DOGEUSDT
56,60.71,0.1319,6.338,-9.224,1.2,23.2,28.6,48.2,4,1.0,65,3.0,2.5,6,DOGEUSDT
52,46.15,-0.0761,-5.176,-18.311,-0.636,26.9,34.6,38.5,4,1.0,65,3.0,2.5,12,DOGEUSDT
49,51.02,-0.1217,-7.21,-18.026,-0.935,30.6,44.9,24.5,4,1.0,65,3.0,2.5,24,DOGEUSDT
51,66.67,-0.0398,-3.425,-15.898,-0.32,19.6,17.6,62.7,4,1.0,65,3.0,4.0,6,DOGEUSDT
45,53.33,-0.0073,-1.813,-17.07,-0.054,26.7,20.0,53.3,4,1.0,65,3.0,4.0,12,DOGEUSDT
39,58.97,-0.0231,-2.391,-15.414,-0.159,30.8,25.6,43.6,4,1.0,65,3.0,4.0,24,DOGEUSDT
37,54.05,-0.2183,-8.009,-10.803,-3.516,54.1,37.8,8.1,4,1.0,70,1.0,1.5,6,DOGEUSDT
37,59.46,-0.173,-6.456,-9.769,-2.752,56.8,37.8,5.4,4,1.0,70,1.0,1.5,12,DOGEUSDT
37,62.16,-0.1159,-4.464,-8.973,-1.827,62.2,37.8,0.0,4,1.0,70,1.0,1.5,24,DOGEUSDT
34,61.76,-0.2673,-9.061,-8.767,-3.358,61.8,26.5,11.8,4,1.0,70,1.0,2.5,6,DOGEUSDT
34,67.65,-0.2443,-8.366,-7.709,-2.995,64.7,26.5,8.8,4,1.0,70,1.0,2.5,12,DOGEUSDT
34,70.59,-0.1994,-6.97,-7.453,-2.389,70.6,29.4,0.0,4,1.0,70,1.0,2.5,24,DOGEUSDT
31,64.52,-0.4101,-12.485,-11.265,-4.045,61.3,19.4,19.4,4,1.0,70,1.0,4.0,6,DOGEUSDT
30,70.0,-0.3739,-11.175,-11.265,-3.582,66.7,20.0,13.3,4,1.0,70,1.0,4.0,12,DOGEUSDT
30,76.67,-0.3367,-10.242,-11.377,-3.041,76.7,23.3,0.0,4,1.0,70,1.0,4.0,24,DOGEUSDT
37,51.35,-0.1699,-6.415,-9.95,-2.404,37.8,40.5,21.6,4,1.0,70,1.5,1.5,6,DOGEUSDT
37,54.05,-0.0792,-3.253,-9.073,-1.066,45.9,40.5,13.5,4,1.0,70,1.5,1.5,12,DOGEUSDT
37,56.76,0.0327,0.803,-8.74,0.42,56.8,43.2,0.0,4,1.0,70,1.5,1.5,24,DOGEUSDT
33,54.55,-0.3058,-10.054,-11.078,-3.407,42.4,30.3,27.3,4,1.0,70,1.5,2.5,6,DOGEUSDT
33,63.64,-0.1267,-4.621,-9.182,-1.335,54.5,30.3,15.2,4,1.0,70,1.5,2.5,12,DOGEUSDT
33,66.67,-0.0033,-0.7,-9.182,-0.034,66.7,33.3,0.0,4,1.0,70,1.5,2.5,24,DOGEUSDT
30,56.67,-0.5676,-16.288,-15.036,-5.065,36.7,23.3,40.0,4,1.0,70,1.5,4.0,6,DOGEUSDT
29,65.52,-0.3307,-9.866,-13.407,-2.752,55.2,24.1,20.7,4,1.0,70,1.5,4.0,12,DOGEUSDT
29,72.41,-0.1872,-6.133,-14.796,-1.455,72.4,27.6,0.0,4,1.0,70,1.5,4.0,24,DOGEUSDT
36,50.0,-0.0519,-2.266,-8.468,-0.645,33.3,41.7,25.0,4,1.0,70,2.0,1.5,6,DOGEUSDT
35,48.57,-0.0455,-2.042,-7.957,-0.529,40.0,45.7,14.3,4,1.0,70,2.0,1.5,12,DOGEUSDT
35,51.43,0.13,4.094,-7.957,1.42,51.4,48.6,0.0,4,1.0,70,2.0,1.5,24,DOGEUSDT
33,54.55,-0.1164,-4.347,-8.804,-1.168,39.4,30.3,30.3,4,1.0,70,2.0,2.5,6,DOGEUSDT
32,59.38,-0.0094,-0.945,-7.772,-0.09,46.9,31.2,21.9,4,1.0,70,2.0,2.5,12,DOGEUSDT
32,62.5,0.1002,2.487,-7.772,0.887,59.4,37.5,3.1,4,1.0,70,2.0,2.5,24,DOGEUSDT
30,56.67,-0.4093,-12.283,-12.55,-3.414,33.3,23.3,43.3,4,1.0,70,2.0,4.0,6,DOGEUSDT
28,60.71,-0.2397,-7.309,-12.55,-1.853,46.4,25.0,28.6,4,1.0,70,2.0,4.0,12,DOGEUSDT
27,66.67,-0.2015,-6.3,-13.102,-1.385,63.0,29.6,7.4,4,1.0,70,2.0,4.0,24,DOGEUSDT
36,50.0,0.181,6.071,-7.053,1.864,25.0,41.7,33.3,4,1.0,70,3.0,1.5,6,DOGEUSDT
34,44.12,0.0672,1.63,-8.864,0.646,29.4,50.0,20.6,4,1.0,70,3.0,1.5,12,DOGEUSDT
34,44.12,0.2229,7.028,-7.098,1.981,35.3,55.9,8.8,4,1.0,70,3.0,1.5,24,DOGEUSDT
33,54.55,0.1648,4.725,-5.671,1.414,30.3,30.3,39.4,4,1.0,70,3.0,2.5,6,DOGEUSDT
31,54.84,0.1975,5.412,-6.994,1.613,35.5,32.3,32.3,4,1.0,70,3.0,2.5,12,DOGEUSDT
30,56.67,0.2129,5.533,-6.375,1.579,40.0,43.3,16.7,4,1.0,70,3.0,2.5,24,DOGEUSDT
30,56.67,-0.1487,-5.32,-10.824,-1.104,26.7,23.3,50.0,4,1.0,70,3.0,4.0,6,DOGEUSDT
28,60.71,0.0789,1.127,-10.824,0.543,35.7,25.0,39.3,4,1.0,70,3.0,4.0,12,DOGEUSDT
27,66.67,0.2021,4.21,-10.824,1.237,44.4,29.6,25.9,4,1.0,70,3.0,4.0,24,DOGEUSDT
90,57.78,-0.1476,-12.983,-22.658,-2.415,56.7,34.4,8.9,4,1.5,55,1.0,1.5,6,DOGEUSDT
90,60.0,-0.1416,-12.538,-20.748,-2.267,58.9,36.7,4.4,4,1.5,55,1.0,1.5,12,DOGEUSDT
89,61.8,-0.1251,-11.128,-18.802,-1.967,61.8,38.2,0.0,4,1.5,55,1.0,1.5,24,DOGEUSDT
80,63.75,-0.1537,-12.295,-23.979,-2.075,62.5,20.0,17.5,4,1.5,55,1.0,2.5,6,DOGEUSDT
79,70.89,-0.082,-7.082,-19.263,-1.067,69.6,22.8,7.6,4,1.5,55,1.0,2.5,12,DOGEUSDT
77,76.62,0.0077,-0.259,-14.931,0.1,75.3,23.4,1.3,4,1.5,55,1.0,2.5,24,DOGEUSDT
72,65.28,-0.2409,-16.835,-27.914,-2.701,62.5,11.1,26.4,4,1.5,55,1.0,4.0,6,DOGEUSDT
68,73.53,-0.1613,-11.408,-23.375,-1.703,72.1,14.7,13.2,4,1.5,55,1.0,4.0,12,DOGEUSDT
66,78.79,-0.1505,-10.573,-21.651,-1.501,77.3,16.7,6.1,4,1.5,55,1.0,4.0,24,DOGEUSDT
86,54.65,-0.024,-2.796,-18.584,-0.344,41.9,34.9,23.3,4,1.5,55,1.5,1.5,6,DOGEUSDT
83,55.42,-0.0351,-3.713,-18.733,-0.462,50.6,42.2,7.2,4,1.5,55,1.5,1.5,12,DOGEUSDT
81,54.32,-0.0404,-4.091,-14.733,-0.516,54.3,45.7,0.0,4,1.5,55,1.5,1.5,24,DOGEUSDT
77,59.74,-0.0632,-5.694,-23.35,-0.756,45.5,22.1,32.5,4,1.5,55,1.5,2.5,6,DOGEUSDT
72,62.5,-0.0716,-6.088,-22.909,-0.777,55.6,26.4,18.1,4,1.5,55,1.5,2.5,12,DOGEUSDT
67,65.67,-0.0212,-2.567,-16.584,-0.217,64.2,32.8,3.0,4,1.5,55,1.5,2.5,24,DOGEUSDT
70,61.43,-0.1591,-11.622,-28.168,-1.65,42.9,11.4,45.7,4,1.5,55,1.5,4.0,6,DOGEUSDT
63,61.9,-0.2176,-14.064,-29.456,-1.968,57.1,17.5,25.4,4,1.5,55,1.5,4.0,12,DOGEUSDT
56,66.07,-0.255,-14.656,-26.947,-2.093,64.3,23.2,12.5,4,1.5,55,1.5,4.0,24,DOGEUSDT
84,50.0,-0.01,-1.729,-17.991,-0.129,28.6,36.9,34.5,4,1.5,55,2.0,1.5,6,DOGEUSDT
80,48.75,-0.0251,-3.069,-18.114,-0.287,41.2,47.5,11.2,4,1.5,55,2.0,1.5,12,DOGEUSDT
78,48.72,0.0279,0.997,-14.731,0.306,47.4,51.3,1.3,4,1.5,55,2.0,1.5,24,DOGEUSDT
74,52.7,-0.1223,-9.724,-24.264,-1.318,31.1,25.7,43.2,4,1.5,55,2.0,2.5,6,DOGEUSDT
67,53.73,-0.1841,-12.766,-25.423,-1.784,41.8,31.3,26.9,4,1.5,55,2.0,2.5,12,DOGEUSDT
62,58.06,-0.0332,-3.438,-19.563,-0.296,54.8,38.7,6.5,4,1.5,55,2.0,2.5,24,DOGEUSDT
69,55.07,-0.1894,-13.522,-27.984,-1.783,31.9,13.0,55.1,4,1.5,55,2.0,4.0,6,DOGEUSDT
59,52.54,-0.3612,-20.518,-31.685,-2.972,42.4,20.3,37.3,4,1.5,55,2.0,4.0,12,DOGEUSDT
54,57.41,-0.3537,-18.949,-33.253,-2.588,53.7,25.9,20.4,4,1.5,55,2.0,4.0,24,DOGEUSDT
83,48.19,0.0678,4.584,-12.06,0.778,16.9,37.3,45.8,4,1.5,55,3.0,1.5,6,DOGEUSDT
75,41.33,-0.0443,-4.539,-17.921,-0.449,22.7,50.7,26.7,4,1.5,55,3.0,1.5,12,DOGEUSDT
72,37.5,-0.0399,-4.266,-16.47,-0.374,27.8,58.3,13.9,4,1.5,55,3.0,1.5,24,DOGEUSDT
73,50.68,-0.0281,-3.413,-18.354,-0.272,19.2,26.0,54.8,4,1.5,55,3.0,2.5,6,DOGEUSDT
63,47.62,-0.1591,-10.936,-23.012,-1.372,25.4,33.3,41.3,4,1.5,55,3.0,2.5,12,DOGEUSDT
56,48.21,-0.0881,-6.351,-20.161,-0.698,32.1,41.1,26.8,4,1.5,55,3.0,2.5,24,DOGEUSDT
68,52.94,-0.1163,-9.124,-23.747,-1.012,17.6,13.2,69.1,4,1.5,55,3.0,4.0,6,DOGEUSDT
56,46.43,-0.345,-19.057,-28.965,-2.622,25.0,19.6,55.4,4,1.5,55,3.0,4.0,12,DOGEUSDT
49,48.98,-0.4045,-19.635,-31.771,-2.723,30.6,26.5,42.9,4,1.5,55,3.0,4.0,24,DOGEUSDT
79,55.7,-0.1916,-14.537,-22.583,-3.095,55.7,36.7,7.6,4,1.5,60,1.0,1.5,6,DOGEUSDT
79,59.49,-0.1503,-11.703,-20.016,-2.41,58.2,36.7,5.1,4,1.5,60,1.0,1.5,12,DOGEUSDT
78,61.54,-0.1315,-10.28,-18.052,-2.066,61.5,38.5,0.0,4,1.5,60,1.0,1.5,24,DOGEUSDT
69,63.77,-0.1209,-8.633,-19.405,-1.659,63.8,18.8,17.4,4,1.5,60,1.0,2.5,6,DOGEUSDT
69,72.46,-0.0113,-1.469,-13.086,-0.152,71.0,20.3,8.7,4,1.5,60,1.0,2.5,12,DOGEUSDT
67,79.1,0.0939,5.766,-8.63,1.263,77.6,20.9,1.5,4,1.5,60,1.0,2.5,24,DOGEUSDT
62,64.52,-0.243,-14.806,-24.74,-2.698,62.9,12.9,24.2,4,1.5,60,1.0,4.0,6,DOGEUSDT
61,75.41,-0.0708,-5.116,-16.181,-0.781,73.8,13.1,13.1,4,1.5,60,1.0,4.0,12,DOGEUSDT
59,81.36,-0.0222,-2.278,-12.957,-0.233,79.7,15.3,5.1,4,1.5,60,1.0,4.0,24,DOGEUSDT
75,52.0,-0.1015,-7.972,-18.294,-1.428,40.0,38.7,21.3,4,1.5,60,1.5,1.5,6,DOGEUSDT
73,54.79,-0.042,-3.766,-15.643,-0.552,50.7,42.5,6.8,4,1.5,60,1.5,1.5,12,DOGEUSDT
72,56.94,0.0383,1.983,-11.673,0.493,56.9,43.1,0.0,4,1.5,60,1.5,1.5,24,DOGEUSDT
65,56.92,-0.1451,-9.782,-22.273,-1.715,43.1,23.1,33.8,4,1.5,60,1.5,2.5,6,DOGEUSDT
61,62.3,-0.0691,-5.038,-19.223,-0.751,55.7,27.9,16.4,4,1.5,60,1.5,2.5,12,DOGEUSDT
58,68.97,0.0745,3.383,-15.367,0.772,67.2,31.0,1.7,4,1.5,60,1.5,2.5,24,DOGEUSDT
59,57.63,-0.3012,-17.2,-28.664,-3.038,39.0,13.6,47.5,4,1.5,60,1.5,4.0,6,DOGEUSDT
53,62.26,-0.157,-9.046,-22.632,-1.45,56.6,17.0,26.4,4,1.5,60,1.5,4.0,12,DOGEUSDT
48,70.83,-0.0994,-5.892,-20.744,-0.823,68.8,22.9,8.3,4,1.5,60,1.5,4.0,24,DOGEUSDT
74,50.0,-0.0243,-2.591,-17.014,-0.31,29.7,39.2,31.1,4,1.5,60,2.0,1.5,6,DOGEUSDT
71,49.3,0.0094,-0.322,-13.871,0.108,42.3,46.5,11.3,4,1.5,60,2.0,1.5,12,DOGEUSDT
69,52.17,0.1241,7.819,-13.395,1.371,49.3,47.8,2.9,4,1.5,60,2.0,1.5,24,DOGEUSDT
63,52.38,-0.1414,-9.439,-23.228,-1.522,30.2,25.4,44.4,4,1.5,60,2.0,2.5,6,DOGEUSDT
57,54.39,-0.1415,-8.758,-21.207,-1.384,42.1,31.6,26.3,4,1.5,60,2.0,2.5,12,DOGEUSDT
53,60.38,0.0008,-1.158,-16.423,0.007,54.7,37.7,7.5,4,1.5,60,2.0,2.5,24,DOGEUSDT
58,53.45,-0.3026,-17.182,-29.792,-2.78,29.3,15.5,55.2,4,1.5,60,2.0,4.0,6,DOGEUSDT
50,54.0,-0.2768,-14.089,-25.811,-2.315,42.0,20.0,38.0,4,1.5,60,2.0,4.0,12,DOGEUSDT
45,60.0,-0.3236,-14.913,-27.94,-2.365,53.3,26.7,20.0,4,1.5,60,2.0,4.0,24,DOGEUSDT
74,50.0,0.1199,8.071,-10.769,1.32,20.3,39.2,40.5,4,1.5,60,3.0,1.5,6,DOGEUSDT
67,41.79,-0.0213,-2.589,-18.347,-0.214,22.4,50.7,26.9,4,1.5,60,3.0,1.5,12,DOGEUSDT
64,40.62,0.05,1.87,-18.34,0.464,29.7,56.2,14.1,4,1.5,60,3.0,1.5,24,DOGEUSDT
63,52.38,0.0169,-0.2,-18.005,0.161,20.6,25.4,54.0,4,1.5,60,3.0,2.5,6,DOGEUSDT
55,49.09,-0.1037,-6.827,-22.457,-0.89,25.5,34.5,40.0,4,1.5,60,3.0,2.5,12,DOGEUSDT
49,51.02,-0.0279,-2.79,-19.919,-0.218,34.7,40.8,24.5,4,1.5,60,3.0,2.5,24,DOGEUSDT
58,53.45,-0.1875,-11.634,-27.399,-1.594,17.2,15.5,67.2,4,1.5,60,3.0,4.0,6,DOGEUSDT
48,50.0,-0.1902,-10.093,-25.176,-1.461,25.0,18.8,56.2,4,1.5,60,3.0,4.0,12,DOGEUSDT
41,53.66,-0.2545,-11.455,-27.058,-1.69,34.1,26.8,39.0,4,1.5,60,3.0,4.0,24,DOGEUSDT
56,60.71,-0.0788,-4.672,-12.177,-1.312,58.9,32.1,8.9,4,1.5,65,1.0,1.5,6,DOGEUSDT
56,64.29,-0.0366,-2.399,-10.582,-0.604,62.5,32.1,5.4,4,1.5,65,1.0,1.5,12,DOGEUSDT
56,67.86,0.0264,1.102,-10.577,0.432,67.9,32.1,0.0,4,1.5,65,1.0,1.5,24,DOGEUSDT
51,62.75,-0.2893,-14.262,-19.748,-3.599,60.8,27.5,11.8,4,1.5,65,1.0,2.5,6,DOGEUSDT
51,66.67,-0.2493,-12.499,-18.098,-3.066,64.7,27.5,7.8,4,1.5,65,1.0,2.5,12,DOGEUSDT
51,72.55,-0.137,-7.336,-16.638,-1.679,70.6,27.5,2.0,4,1.5,65,1.0,2.5,24,DOGEUSDT
45,68.89,-0.346,-15.159,-20.588,-3.456,64.4,17.8,17.8,4,1.5,65,1.0,4.0,6,DOGEUSDT
45,73.33,-0.2233,-10.319,-16.571,-2.242,71.1,17.8,11.1,4,1.5,65,1.0,4.0,12,DOGEUSDT
45,80.0,-0.1124,-5.733,-16.571,-1.123,77.8,17.8,4.4,4,1.5,65,1.0,4.0,24,DOGEUSDT
53,54.72,-0.1051,-5.865,-13.677,-1.505,37.7,37.7,24.5,4,1.5,65,1.5,1.5,6,DOGEUSDT
51,54.9,-0.0274,-1.893,-13.735,-0.369,49.0,39.2,11.8,4,1.5,65,1.5,1.5,12,DOGEUSDT
51,58.82,0.0947,4.363,-13.663,1.225,58.8,41.2,0.0,4,1.5,65,1.5,1.5,24,DOGEUSDT
48,62.5,-0.144,-7.317,-13.196,-1.642,43.8,27.1,29.2,4,1.5,65,1.5,2.5,6,DOGEUSDT
44,61.36,-0.13,-6.227,-14.713,-1.393,54.5,29.5,15.9,4,1.5,65,1.5,2.5,12,DOGEUSDT
44,68.18,0.0387,0.944,-14.132,0.399,65.9,31.8,2.3,4,1.5,65,1.5,2.5,24,DOGEUSDT
42,66.67,-0.3425,-14.198,-19.641,-3.193,38.1,19.0,42.9,4,1.5,65,1.5,4.0,6,DOGEUSDT
41,65.85,-0.221,-9.613,-18.59,-1.899,58.5,22.0,19.5,4,1.5,65,1.5,4.0,12,DOGEUSDT
40,72.5,-0.1302,-6.161,-18.59,-1.05,70.0,25.0,5.0,4,1.5,65,1.5,4.0,24,DOGEUSDT
52,53.85,0.0265,0.782,-10.951,0.334,32.7,38.5,28.8,4,1.5,65,2.0,1.5,6,DOGEUSDT
50,50.0,0.0537,2.037,-11.81,0.627,42.0,42.0,16.0,4,1.5,65,2.0,1.5,12,DOGEUSDT
50,56.0,0.2572,12.863,-11.81,2.851,54.0,44.0,2.0,4,1.5,65,2.0,1.5,24,DOGEUSDT
47,59.57,-0.0925,-5.044,-13.883,-0.946,34.0,29.8,36.2,4,1.5,65,2.0,2.5,6,DOGEUSDT
42,52.38,-0.1663,-7.542,-15.907,-1.585,45.2,33.3,21.4,4,1.5,65,2.0,2.5,12,DOGEUSDT
42,61.9,0.0453,0.926,-14.917,0.402,57.1,38.1,4.8,4,1.5,65,2.0,2.5,24,DOGEUSDT
42,66.67,-0.1903,-8.624,-16.5,-1.665,31.0,19.0,50.0,4,1.5,65,2.0,4.0,6,DOGEUSDT
40,60.0,-0.1,-5.054,-15.736,-0.791,52.5,22.5,25.0,4,1.5,65,2.0,4.0,12,DOGEUSDT
38,68.42,-0.0529,-3.323,-15.736,-0.379,63.2,26.3,10.5,4,1.5,65,2.0,4.0,24,DOGEUSDT
52,53.85,0.2176,11.046,-9.131,2.322,23.1,38.5,38.5,4,1.5,65,3.0,1.5,6,DOGEUSDT
49,40.82,0.0023,-0.737,-14.728,0.024,22.4,46.9,30.6,4,1.5,65,3.0,1.5,12,DOGEUSDT
48,43.75,0.0975,3.756,-15.543,0.913,29.2,54.2,16.7,4,1.5,65,3.0,1.5,24,DOGEUSDT
47,59.57,0.1305,5.183,-9.97,1.165,25.5,29.8,44.7,4,1.5,65,3.0,2.5,6,DOGEUSDT
42,47.62,-0.0543,-3.341,-16.591,-0.449,28.6,35.7,35.7,4,1.5,65,3.0,2.5,12,DOGEUSDT
40,52.5,-0.0304,-2.453,-16.758,-0.231,35.0,45.0,20.0,4,1.5,65,3.0,2.5,24,DOGEUSDT
42,66.67,-0.0488,-3.178,-15.006,-0.396,19.0,19.0,61.9,4,1.5,65,3.0,4.0,6,DOGEUSDT
39,51.28,-0.0935,-4.894,-16.955,-0.677,28.2,23.1,48.7,4,1.5,65,3.0,4.0,12,DOGEUSDT
35,62.86,0.0305,-0.511,-15.121,0.195,37.1,28.6,34.3,4,1.5,65,3.0,4.0,24,DOGEUSDT
35,57.14,-0.1415,-5.062,-8.535,-2.317,57.1,34.3,8.6,4,1.5,70,1.0,1.5,6,DOGEUSDT
35,62.86,-0.0758,-2.86,-7.474,-1.222,62.9,34.3,2.9,4,1.5,70,1.0,1.5,12,DOGEUSDT
35,65.71,-0.0271,-1.191,-6.659,-0.437,65.7,34.3,0.0,4,1.5,70,1.0,1.5,24,DOGEUSDT
33,63.64,-0.2458,-8.163,-9.464,-3.06,63.6,27.3,9.1,4,1.5,70,1.0,2.5,6,DOGEUSDT
33,69.7,-0.1762,-6.033,-7.709,-2.165,69.7,27.3,3.0,4,1.5,70,1.0,2.5,12,DOGEUSDT
33,72.73,-0.1245,-4.418,-7.453,-1.526,72.7,27.3,0.0,4,1.5,70,1.0,2.5,24,DOGEUSDT
30,66.67,-0.3913,-11.621,-11.509,-3.808,63.3,20.0,16.7,4,1.5,70,1.0,4.0,6,DOGEUSDT
29,72.41,-0.3008,-8.914,-11.265,-2.861,72.4,20.7,6.9,4,1.5,70,1.0,4.0,12,DOGEUSDT
29,75.86,-0.3769,-10.98,-11.377,-3.365,75.9,24.1,0.0,4,1.5,70,1.0,4.0,24,DOGEUSDT
35,51.43,-0.1114,-4.128,-7.202,-1.586,40.0,37.1,22.9,4,1.5,70,1.5,1.5,6,DOGEUSDT
35,57.14,0.0423,1.133,-6.299,0.57,51.4,37.1,11.4,4,1.5,70,1.5,1.5,12,DOGEUSDT
35,62.86,0.2157,7.437,-5.956,2.843,62.9,37.1,0.0,4,1.5,70,1.5,1.5,24,DOGEUSDT
32,53.12,-0.3455,-10.906,-11.485,-3.861,40.6,31.2,28.1,4,1.5,70,1.5,2.5,6,DOGEUSDT
32,62.5,-0.1097,-3.962,-9.182,-1.156,56.2,31.2,12.5,4,1.5,70,1.5,2.5,12,DOGEUSDT
32,68.75,0.08,2.024,-9.182,0.824,68.8,31.2,0.0,4,1.5,70,1.5,2.5,24,DOGEUSDT
29,55.17,-0.6204,-17.082,-16.331,-5.529,34.5,24.1,41.4,4,1.5,70,1.5,4.0,6,DOGEUSDT
28,64.29,-0.3186,-9.243,-13.407,-2.633,57.1,25.0,17.9,4,1.5,70,1.5,4.0,12,DOGEUSDT
28,71.43,-0.2414,-7.366,-14.796,-1.856,71.4,28.6,0.0,4,1.5,70,1.5,4.0,24,DOGEUSDT
34,50.0,0.0153,0.122,-5.455,0.191,35.3,38.2,26.5,4,1.5,70,2.0,1.5,6,DOGEUSDT
33,51.52,0.088,2.483,-4.927,1.018,42.4,42.4,15.2,4,1.5,70,2.0,1.5,12,DOGEUSDT
33,57.58,0.3452,11.492,-4.927,3.812,57.6,42.4,0.0,4,1.5,70,2.0,1.5,24,DOGEUSDT
32,53.12,-0.1658,-5.719,-8.804,-1.673,37.5,31.2,31.2,4,1.5,70,2.0,2.5,6,DOGEUSDT
31,58.06,-0.0015,-0.668,-7.772,-0.015,45.2,32.3,22.6,4,1.5,70,2.0,2.5,12,DOGEUSDT
31,64.52,0.1896,5.298,-7.772,1.697,61.3,35.5,3.2,4,1.5,70,2.0,2.5,24,DOGEUSDT
29,55.17,-0.4739,-13.541,-14.036,-3.961,31.0,24.1,44.8,4,1.5,70,2.0,4.0,6,DOGEUSDT
27,59.26,-0.2392,-7.05,-12.55,-1.842,44.4,25.9,29.6,4,1.5,70,2.0,4.0,12,DOGEUSDT
26,65.38,-0.2796,-7.984,-13.102,-1.906,61.5,30.8,7.7,4,1.5,70,2.0,4.0,24,DOGEUSDT
34,50.0,0.2877,9.6,-4.927,2.91,29.4,38.2,32.4,4,1.5,70,3.0,1.5,6,DOGEUSDT
32,46.88,0.2549,7.768,-6.779,2.378,34.4,46.9,18.8,4,1.5,70,3.0,1.5,12,DOGEUSDT
32,50.0,0.4917,16.117,-4.973,4.313,40.6,50.0,9.4,4,1.5,70,3.0,1.5,24,DOGEUSDT
32,53.12,0.1203,3.1,-5.671,1.031,31.2,31.2,37.5,4,1.5,70,3.0,2.5,6,DOGEUSDT
30,53.33,0.2251,6.099,-6.994,1.831,36.7,33.3,30.0,4,1.5,70,3.0,2.5,12,DOGEUSDT
29,58.62,0.3231,8.763,-8.67,2.403,41.4,41.4,17.2,4,1.5,70,3.0,2.5,24,DOGEUSDT
29,55.17,-0.2085,-6.789,-10.824,-1.544,27.6,24.1,48.3,4,1.5,70,3.0,4.0,6,DOGEUSDT
27,59.26,0.1052,1.787,-10.824,0.718,37.0,25.9,37.0,4,1.5,70,3.0,4.0,12,DOGEUSDT
26,65.38,0.2096,4.196,-10.824,1.256,46.2,30.8,23.1,4,1.5,70,3.0,4.0,24,DOGEUSDT
38,60.53,-0.1568,-6.059,-14.17,-2.452,60.5,39.5,0.0,4,2.5,55,1.0,1.5,6,DOGEUSDT
38,60.53,-0.1568,-6.059,-14.17,-2.452,60.5,39.5,0.0,4,2.5,55,1.0,1.5,12,DOGEUSDT
38,60.53,-0.1568,-6.059,-14.17,-2.452,60.5,39.5,0.0,4,2.5,55,1.0,1.5,24,DOGEUSDT
35,74.29,0.0833,2.624,-5.51,1.178,74.3,17.1,8.6,4,2.5,55,1.0,2.5,6,DOGEUSDT
35,77.14,0.1316,4.38,-5.483,1.883,77.1,17.1,5.7,4,2.5,55,1.0,2.5,12,DOGEUSDT
35,80.0,0.13,4.289,-5.483,1.774,80.0,20.0,0.0,4,2.5,55,1.0,2.5,24,DOGEUSDT
35,74.29,-0.1254,-4.852,-10.892,-1.329,74.3,14.3,11.4,4,2.5,55,1.0,4.0,6,DOGEUSDT
35,77.14,-0.0214,-1.289,-9.786,-0.233,77.1,14.3,8.6,4,2.5,55,1.0,4.0,12,DOGEUSDT
35,80.0,-0.0869,-3.616,-9.786,-0.879,80.0,17.1,2.9,4,2.5,55,1.0,4.0,24,DOGEUSDT
38,57.89,-0.082,-3.432,-14.482,-1.116,44.7,42.1,13.2,4,2.5,55,1.5,1.5,6,DOGEUSDT
38,55.26,-0.0347,-1.719,-15.915,-0.448,52.6,44.7,2.6,4,2.5,55,1.5,1.5,12,DOGEUSDT
38,55.26,-0.0121,-0.88,-15.915,-0.155,55.3,44.7,0.0,4,2.5,55,1.5,1.5,24,DOGEUSDT
33,66.67,-0.0122,-0.856,-11.735,-0.14,51.5,24.2,24.2,4,2.5,55,1.5,2.5,6,DOGEUSDT
33,63.64,-0.0428,-1.941,-16.264,-0.451,60.6,30.3,9.1,4,2.5,55,1.5,2.5,12,DOGEUSDT
33,66.67,-0.0033,-0.7,-16.264,-0.034,66.7,33.3,0.0,4,2.5,55,1.5,2.5,24,DOGEUSDT
33,66.67,-0.2909,-9.862,-18.497,-2.599,51.5,18.2,30.3,4,2.5,55,1.5,4.0,6,DOGEUSDT
32,65.62,-0.1813,-6.394,-18.816,-1.563,59.4,21.9,18.8,4,2.5,55,1.5,4.0,12,DOGEUSDT
32,68.75,-0.1676,-6.087,-18.309,-1.355,68.8,25.0,6.2,4,2.5,55,1.5,4.0,24,DOGEUSDT
37,54.05,-0.0589,-2.603,-16.475,-0.714,32.4,45.9,21.6,4,2.5,55,2.0,1.5,6,DOGEUSDT
37,45.95,-0.0761,-3.299,-17.874,-0.854,43.2,51.4,5.4,4,2.5,55,2.0,1.5,12,DOGEUSDT
37,48.65,-0.0117,-0.977,-17.874,-0.129,45.9,51.4,2.7,4,2.5,55,2.0,1.5,24,DOGEUSDT
33,63.64,0.0136,-0.116,-13.856,0.141,33.3,27.3,39.4,4,2.5,55,2.0,2.5,6,DOGEUSDT
33,54.55,-0.0309,-1.7,-17.97,-0.288,51.5,33.3,15.2,4,2.5,55,2.0,2.5,12,DOGEUSDT
33,60.61,0.0075,-0.537,-17.97,0.066,57.6,39.4,3.0,4,2.5,55,2.0,2.5,24,DOGEUSDT
33,63.64,-0.3106,-10.589,-21.681,-2.524,33.3,21.2,45.5,4,2.5,55,2.0,4.0,6,DOGEUSDT
32,56.25,-0.2315,-8.064,-22.08,-1.792,50.0,25.0,25.0,4,2.5,55,2.0,4.0,12,DOGEUSDT
31,61.29,-0.3011,-9.98,-21.207,-2.116,58.1,29.0,12.9,4,2.5,55,2.0,4.0,24,DOGEUSDT
36,50.0,-0.0303,-1.647,-14.024,-0.324,19.4,47.2,33.3,4,2.5,55,3.0,1.5,6,DOGEUSDT
36,41.67,0.0499,1.088,-14.6,0.477,27.8,52.8,19.4,4,2.5,55,3.0,1.5,12,DOGEUSDT
35,40.0,0.0682,1.6,-14.6,0.608,34.3,60.0,5.7,4,2.5,55,3.0,1.5,24,DOGEUSDT
32,59.38,0.0493,0.905,-11.389,0.458,21.9,28.1,50.0,4,2.5,55,3.0,2.5,6,DOGEUSDT
32,50.0,0.1435,3.769,-14.7,1.162,34.4,34.4,31.2,4,2.5,55,3.0,2.5,12,DOGEUSDT
30,50.0,-0.0799,-3.385,-14.7,-0.578,40.0,50.0,10.0,4,2.5,55,3.0,2.5,24,DOGEUSDT
32,59.38,-0.285,-9.675,-19.351,-2.147,21.9,21.9,56.2,4,2.5,55,3.0,4.0,6,DOGEUSDT
31,51.61,-0.0902,-3.893,-19.762,-0.629,32.3,25.8,41.9,4,2.5,55,3.0,4.0,12,DOGEUSDT
29,55.17,-0.1486,-5.6,-18.066,-0.903,44.8,31.0,24.1,4,2.5,55,3.0,4.0,24,DOGEUSDT
36,61.11,-0.1422,-5.25,-14.17,-2.229,61.1,38.9,0.0,4,2.5,60,1.0,1.5,6,DOGEUSDT
36,61.11,-0.1422,-5.25,-14.17,-2.229,61.1,38.9,0.0,4,2.5,60,1.0,1.5,12,DOGEUSDT
36,61.11,-0.1422,-5.25,-14.17,-2.229,61.1,38.9,0.0,4,2.5,60,1.0,1.5,24,DOGEUSDT
33,75.76,0.1107,3.402,-5.51,1.562,75.8,18.2,6.1,4,2.5,60,1.0,2.5,6,DOGEUSDT
33,78.79,0.1453,4.588,-5.483,2.049,78.8,18.2,3.0,4,2.5,60,1.0,2.5,12,DOGEUSDT
33,81.82,0.1936,6.268,-5.483,2.74,81.8,18.2,0.0,4,2.5,60,1.0,2.5,24,DOGEUSDT
33,75.76,-0.1106,-4.131,-10.892,-1.154,75.8,15.2,9.1,4,2.5,60,1.0,4.0,6,DOGEUSDT
33,78.79,-0.0169,-1.093,-9.786,-0.181,78.8,15.2,6.1,4,2.5,60,1.0,4.0,12,DOGEUSDT
33,81.82,0.009,-0.25,-9.786,0.095,81.8,15.2,3.0,4,2.5,60,1.0,4.0,24,DOGEUSDT
36,58.33,-0.0771,-3.081,-14.482,-1.054,44.4,41.7,13.9,4,2.5,60,1.5,1.5,6,DOGEUSDT
36,55.56,-0.0272,-1.362,-15.915,-0.352,52.8,44.4,2.8,4,2.5,60,1.5,1.5,12,DOGEUSDT
36,55.56,-0.0033,-0.52,-15.915,-0.043,55.6,44.4,0.0,4,2.5,60,1.5,1.5,24,DOGEUSDT
31,67.74,-0.0052,-0.598,-11.735,-0.06,51.6,25.8,22.6,4,2.5,60,1.5,2.5,6,DOGEUSDT
31,64.52,-0.0556,-2.231,-16.264,-0.575,61.3,32.3,6.5,4,2.5,60,1.5,2.5,12,DOGEUSDT
31,67.74,0.0397,0.685,-16.264,0.405,67.7,32.3,0.0,4,2.5,60,1.5,2.5,24,DOGEUSDT
31,67.74,-0.3019,-9.627,-18.497,-2.652,51.6,19.4,29.0,4,2.5,60,1.5,4.0,6,DOGEUSDT
30,66.67,-0.2037,-6.671,-18.816,-1.717,60.0,23.3,16.7,4,2.5,60,1.5,4.0,12,DOGEUSDT
30,70.0,-0.0841,-3.287,-18.309,-0.695,70.0,23.3,6.7,4,2.5,60,1.5,4.0,24,DOGEUSDT
35,54.29,-0.0573,-2.41,-16.475,-0.695,34.3,45.7,20.0,4,2.5,60,2.0,1.5,6,DOGEUSDT
35,45.71,-0.0851,-3.424,-17.874,-0.956,42.9,51.4,5.7,4,2.5,60,2.0,1.5,12,DOGEUSDT
35,48.57,-0.0169,-1.105,-17.874,-0.188,45.7,51.4,2.9,4,2.5,60,2.0,1.5,24,DOGEUSDT
31,64.52,0.0168,-0.021,-13.856,0.172,35.5,29.0,35.5,4,2.5,60,2.0,2.5,6,DOGEUSDT
31,54.84,-0.059,-2.472,-17.97,-0.543,51.6,35.5,12.9,4,2.5,60,2.0,2.5,12,DOGEUSDT
31,61.29,0.0351,0.355,-17.97,0.309,58.1,38.7,3.2,4,2.5,60,2.0,2.5,24,DOGEUSDT
31,64.52,-0.3283,-10.504,-21.681,-2.622,35.5,22.6,41.9,4,2.5,60,2.0,4.0,6,DOGEUSDT
30,56.67,-0.2739,-8.786,-22.08,-2.08,50.0,26.7,23.3,4,2.5,60,2.0,4.0,12,DOGEUSDT
29,62.07,-0.2412,-7.751,-21.207,-1.715,58.6,27.6,13.8,4,2.5,60,2.0,4.0,24,DOGEUSDT
34,52.94,0.0805,2.18,-14.024,0.83,23.5,47.1,29.4,4,2.5,60,3.0,1.5,6,DOGEUSDT
34,44.12,0.1149,3.261,-14.6,1.081,29.4,52.9,17.6,4,2.5,60,3.0,1.5,12,DOGEUSDT
34,44.12,0.174,5.277,-14.6,1.559,35.3,55.9,8.8,4,2.5,60,3.0,1.5,24,DOGEUSDT
30,63.33,0.1768,4.724,-11.389,1.58,26.7,30.0,43.3,4,2.5,60,3.0,2.5,6,DOGEUSDT
30,53.33,0.2018,5.303,-14.7,1.589,36.7,36.7,26.7,4,2.5,60,3.0,2.5,12,DOGEUSDT
29,55.17,0.108,2.18,-14.7,0.796,41.4,44.8,13.8,4,2.5,60,3.0,2.5,24,DOGEUSDT
30,63.33,-0.1798,-6.257,-19.351,-1.298,26.7,23.3,50.0,4,2.5,60,3.0,4.0,6,DOGEUSDT
29,55.17,-0.046,-2.472,-19.762,-0.311,34.5,27.6,37.9,4,2.5,60,3.0,4.0,12,DOGEUSDT
28,60.71,0.085,1.05,-18.066,0.528,46.4,28.6,25.0,4,2.5,60,3.0,4.0,24,DOGEUSDT
30,63.33,-0.0867,-2.781,-9.723,-1.374,63.3,36.7,0.0,4,2.5,65,1.0,1.5,6,DOGEUSDT
30,63.33,-0.0867,-2.781,-9.723,-1.374,63.3,36.7,0.0,4,2.5,65,1.0,1.5,12,DOGEUSDT
30,63.33,-0.0867,-2.781,-9.723,-1.374,63.3,36.7,0.0,4,2.5,65,1.0,1.5,24,DOGEUSDT
28,78.57,0.17,4.606,-5.411,2.43,78.6,17.9,3.6,4,2.5,65,1.0,2.5,6,DOGEUSDT
28,82.14,0.205,5.633,-5.269,2.922,82.1,17.9,0.0,4,2.5,65,1.0,2.5,12,DOGEUSDT
28,82.14,0.205,5.633,-5.269,2.922,82.1,17.9,0.0,4,2.5,65,1.0,2.5,24,DOGEUSDT
27,81.48,-0.0331,-1.349,-8.166,-0.345,81.5,14.8,3.7,4,2.5,65,1.0,4.0,6,DOGEUSDT
27,81.48,0.0391,0.624,-8.166,0.421,81.5,14.8,3.7,4,2.5,65,1.0,4.0,12,DOGEUSDT
27,81.48,0.0117,-0.124,-8.166,0.126,81.5,14.8,3.7,4,2.5,65,1.0,4.0,24,DOGEUSDT
30,56.67,-0.1585,-4.921,-12.714,-2.194,40.0,43.3,16.7,4,2.5,65,1.5,1.5,6,DOGEUSDT
30,53.33,-0.0986,-3.235,-14.176,-1.275,50.0,46.7,3.3,4,2.5,65,1.5,1.5,12,DOGEUSDT
30,53.33,-0.07,-2.408,-14.176,-0.894,53.3,46.7,0.0,4,2.5,65,1.5,1.5,24,DOGEUSDT
27,70.37,0.0287,0.396,-8.107,0.329,51.9,25.9,22.2,4,2.5,65,1.5,2.5,6,DOGEUSDT
27,66.67,-0.0351,-1.415,-12.823,-0.359,63.0,33.3,3.7,4,2.5,65,1.5,2.5,12,DOGEUSDT
27,66.67,-0.0033,-0.573,-12.823,-0.034,66.7,33.3,0.0,4,2.5,65,1.5,2.5,24,DOGEUSDT
26,69.23,-0.5146,-13.196,-19.305,-4.172,50.0,26.9,23.1,4,2.5,65,1.5,4.0,6,DOGEUSDT
25,64.0,-0.5385,-13.334,-22.164,-4.081,60.0,32.0,8.0,4,2.5,65,1.5,4.0,12,DOGEUSDT
25,64.0,-0.5337,-13.244,-22.742,-4.007,64.0,32.0,4.0,4,2.5,65,1.5,4.0,24,DOGEUSDT
29,51.72,-0.2064,-6.129,-15.166,-2.601,27.6,48.3,24.1,4,2.5,65,2.0,1.5,6,DOGEUSDT
29,41.38,-0.2399,-7.105,-16.587,-2.747,37.9,55.2,6.9,4,2.5,65,2.0,1.5,12,DOGEUSDT
29,44.83,-0.1577,-4.874,-16.587,-1.769,41.4,55.2,3.4,4,2.5,65,2.0,1.5,24,DOGEUSDT
27,66.67,0.017,-0.01,-9.873,0.175,33.3,29.6,37.0,4,2.5,65,2.0,2.5,6,DOGEUSDT
27,55.56,-0.0761,-2.621,-14.178,-0.692,51.9,37.0,11.1,4,2.5,65,2.0,2.5,12,DOGEUSDT
27,59.26,-0.0642,-2.352,-14.178,-0.562,55.6,40.7,3.7,4,2.5,65,2.0,2.5,24,DOGEUSDT
26,69.23,-0.3729,-9.995,-17.603,-2.87,34.6,26.9,38.5,4,2.5,65,2.0,4.0,6,DOGEUSDT
25,56.0,-0.4427,-11.314,-20.616,-3.158,52.0,32.0,16.0,4,2.5,65,2.0,4.0,12,DOGEUSDT
24,58.33,-0.5964,-14.205,-21.206,-4.058,54.2,33.3,12.5,4,2.5,65,2.0,4.0,24,DOGEUSDT
29,51.72,-0.0022,-0.537,-12.642,-0.023,20.7,48.3,31.0,4,2.5,65,3.0,1.5,6,DOGEUSDT
29,41.38,-0.0345,-1.544,-14.106,-0.336,24.1,55.2,20.7,4,2.5,65,3.0,1.5,12,DOGEUSDT
29,41.38,0.0303,0.251,-14.106,0.277,31.0,58.6,10.3,4,2.5,65,3.0,1.5,24,DOGEUSDT
27,66.67,0.2733,6.987,-6.382,2.443,25.9,29.6,44.4,4,2.5,65,3.0,2.5,6,DOGEUSDT
27,55.56,0.2556,6.279,-10.032,2.001,37.0,37.0,25.9,4,2.5,65,3.0,2.5,12,DOGEUSDT
26,53.85,0.1111,2.007,-10.032,0.806,42.3,46.2,11.5,4,2.5,65,3.0,2.5,24,DOGEUSDT
26,69.23,-0.1067,-3.697,-14.319,-0.742,26.9,26.9,46.2,4,2.5,65,3.0,4.0,6,DOGEUSDT
25,56.0,-0.1245,-4.15,-17.451,-0.797,36.0,32.0,32.0,4,2.5,65,3.0,4.0,12,DOGEUSDT
24,58.33,-0.1401,-4.515,-18.065,-0.832,45.8,33.3,20.8,4,2.5,65,3.0,4.0,24,DOGEUSDT
23,60.87,-0.1483,-3.521,-5.826,-2.322,60.9,39.1,0.0,4,2.5,70,1.0,1.5,6,DOGEUSDT
23,60.87,-0.1483,-3.521,-5.826,-2.322,60.9,39.1,0.0,4,2.5,70,1.0,1.5,12,DOGEUSDT
23,60.87,-0.1483,-3.521,-5.826,-2.322,60.9,39.1,0.0,4,2.5,70,1.0,1.5,24,DOGEUSDT
20,80.0,0.13,2.429,-2.67,1.774,80.0,20.0,0.0,4,2.5,70,1.0,2.5,6,DOGEUSDT
20,80.0,0.13,2.429,-2.67,1.774,80.0,20.0,0.0,4,2.5,70,1.0,2.5,12,DOGEUSDT
20,80.0,0.13,2.429,-2.67,1.774,80.0,20.0,0.0,4,2.5,70,1.0,2.5,24,DOGEUSDT
20,80.0,-0.025,-0.828,-4.17,-0.265,80.0,15.0,5.0,4,2.5,70,1.0,4.0,6,DOGEUSDT
20,80.0,0.0255,0.187,-4.17,0.274,80.0,15.0,5.0,4,2.5,70,1.0,4.0,12,DOGEUSDT
20,80.0,-0.17,-3.741,-4.17,-1.624,80.0,20.0,0.0,4,2.5,70,1.0,4.0,24,DOGEUSDT
23,56.52,-0.1289,-3.144,-5.394,-1.755,43.5,43.5,13.0,4,2.5,70,1.5,1.5,6,DOGEUSDT
23,56.52,-0.0117,-0.514,-5.394,-0.152,52.2,43.5,4.3,4,2.5,70,1.5,1.5,12,DOGEUSDT
23,56.52,0.0257,0.336,-5.394,0.33,56.5,43.5,0.0,4,2.5,70,1.5,1.5,24,DOGEUSDT
19,68.42,-0.0239,-0.724,-3.548,-0.27,52.6,26.3,21.1,4,2.5,70,1.5,2.5,6,DOGEUSDT
19,73.68,0.2322,4.201,-2.732,2.543,68.4,26.3,5.3,4,2.5,70,1.5,2.5,12,DOGEUSDT
19,73.68,0.2774,5.091,-2.732,3.008,73.7,26.3,0.0,4,2.5,70,1.5,2.5,24,DOGEUSDT
19,68.42,-0.266,-5.363,-4.453,-2.357,52.6,21.1,26.3,4,2.5,70,1.5,4.0,6,DOGEUSDT
19,73.68,0.0433,0.349,-4.453,0.374,68.4,21.1,10.5,4,2.5,70,1.5,4.0,12,DOGEUSDT
19,73.68,-0.1174,-2.761,-5.986,-0.926,73.7,26.3,0.0,4,2.5,70,1.5,4.0,24,DOGEUSDT
22,50.0,-0.1839,-4.231,-7.599,-2.229,31.8,50.0,18.2,4,2.5,70,2.0,1.5,6,DOGEUSDT
22,45.45,-0.1408,-3.359,-7.599,-1.585,40.9,54.5,4.5,4,2.5,70,2.0,1.5,12,DOGEUSDT
22,45.45,-0.0791,-2.053,-7.599,-0.867,45.5,54.5,0.0,4,2.5,70,2.0,1.5,24,DOGEUSDT
19,63.16,-0.0653,-1.58,-4.393,-0.651,36.8,31.6,31.6,4,2.5,70,2.0,2.5,6,DOGEUSDT
19,63.16,0.1642,2.767,-4.393,1.556,52.6,31.6,15.8,4,2.5,70,2.0,2.5,12,DOGEUSDT
19,63.16,0.1009,1.491,-4.393,0.902,57.9,36.8,5.3,4,2.5,70,2.0,2.5,24,DOGEUSDT
19,63.16,-0.3864,-7.624,-8.745,-3.029,36.8,26.3,36.8,4,2.5,70,2.0,4.0,6,DOGEUSDT
19,63.16,-0.1037,-2.557,-8.745,-0.782,52.6,26.3,21.1,4,2.5,70,2.0,4.0,12,DOGEUSDT
18,61.11,-0.5506,-10.132,-11.187,-3.693,55.6,33.3,11.1,4,2.5,70,2.0,4.0,24,DOGEUSDT
22,50.0,0.069,1.117,-5.257,0.683,27.3,50.0,22.7,4,2.5,70,3.0,1.5,6,DOGEUSDT
22,40.91,-0.0007,-0.483,-8.12,-0.006,31.8,59.1,9.1,4,2.5,70,3.0,1.5,12,DOGEUSDT
22,36.36,-0.0652,-1.912,-8.257,-0.586,31.8,63.6,4.5,4,2.5,70,3.0,1.5,24,DOGEUSDT
19,63.16,0.3031,5.388,-3.486,2.515,36.8,31.6,31.6,4,2.5,70,3.0,2.5,6,DOGEUSDT
19,63.16,0.616,11.756,-2.67,4.865,47.4,31.6,21.1,4,2.5,70,3.0,2.5,12,DOGEUSDT
19,57.89,0.3538,6.242,-7.798,2.569,47.4,42.1,10.5,4,2.5,70,3.0,2.5,24,DOGEUSDT
19,63.16,-0.018,-1.084,-6.944,-0.123,36.8,26.3,36.8,4,2.5,70,3.0,4.0,6,DOGEUSDT
19,63.16,0.3481,5.966,-6.944,2.289,47.4,26.3,26.3,4,2.5,70,3.0,4.0,12,DOGEUSDT
18,61.11,-0.0336,-1.576,-7.685,-0.195,50.0,33.3,16.7,4,2.5,70,3.0,4.0,24,DOGEUSDT
143,52.45,-0.2482,-30.556,-34.115,-4.166,47.6,35.0,17.5,6,1.0,55,1.0,1.5,6,DOGEUSDT
138,56.52,-0.2297,-27.933,-31.942,-3.609,55.8,40.6,3.6,6,1.0,55,1.0,1.5,12,DOGEUSDT
134,58.21,-0.2148,-25.797,-29.947,-3.328,58.2,41.8,0.0,6,1.0,55,1.0,1.5,24,DOGEUSDT
119,57.98,-0.2132,-23.238,-28.664,-3.085,52.1,16.0,31.9,6,1.0,55,1.0,2.5,6,DOGEUSDT
113,66.37,-0.2546,-26.052,-33.435,-3.14,64.6,26.5,8.8,6,1.0,55,1.0,2.5,12,DOGEUSDT
110,70.0,-0.1838,-19.431,-26.873,-2.239,69.1,28.2,2.7,6,1.0,55,1.0,2.5,24,DOGEUSDT
110,56.36,-0.3828,-35.391,-39.958,-4.494,50.0,10.0,40.0,6,1.0,55,1.0,4.0,6,DOGEUSDT
95,64.21,-0.4447,-35.637,-41.979,-4.52,62.1,15.8,22.1,6,1.0,55,1.0,4.0,12,DOGEUSDT
88,71.59,-0.3836,-30.016,-35.568,-3.603,70.5,20.5,9.1,6,1.0,55,1.0,4.0,24,DOGEUSDT
129,48.84,-0.1836,-21.933,-25.615,-2.742,31.8,36.4,31.8,6,1.0,55,1.5,1.5,6,DOGEUSDT
121,52.07,-0.1476,-17.408,-23.752,-1.967,44.6,44.6,10.7,6,1.0,55,1.5,1.5,12,DOGEUSDT
118,52.54,-0.0937,-11.656,-17.986,-1.195,52.5,47.5,0.0,6,1.0,55,1.5,1.5,24,DOGEUSDT
108,52.78,-0.2024,-20.611,-28.537,-2.601,34.3,18.5,47.2,6,1.0,55,1.5,2.5,6,DOGEUSDT
98,56.12,-0.3053,-27.01,-33.458,-3.329,44.9,29.6,25.5,6,1.0,55,1.5,2.5,12,DOGEUSDT
91,58.24,-0.279,-23.711,-29.525,-2.822,53.8,37.4,8.8,6,1.0,55,1.5,2.5,24,DOGEUSDT
104,53.85,-0.3122,-28.937,-37.205,-3.395,34.6,10.6,54.8,6,1.0,55,1.5,4.0,6,DOGEUSDT
86,55.81,-0.4169,-31.396,-38.195,-3.98,44.2,15.1,40.7,6,1.0,55,1.5,4.0,12,DOGEUSDT
76,60.53,-0.3699,-26.076,-36.407,-3.077,57.9,23.7,18.4,6,1.0,55,1.5,4.0,24,DOGEUSDT
125,47.2,-0.1336,-16.429,-24.291,-1.816,23.2,37.6,39.2,6,1.0,55,2.0,1.5,6,DOGEUSDT
115,48.7,-0.0712,-9.23,-22.028,-0.846,33.9,47.0,19.1,6,1.0,55,2.0,1.5,12,DOGEUSDT
111,47.75,-0.0134,-3.082,-18.827,-0.149,45.0,51.4,3.6,6,1.0,55,2.0,1.5,24,DOGEUSDT
105,49.52,-0.1821,-18.57,-28.771,-2.135,25.7,20.0,54.3,6,1.0,55,2.0,2.5,6,DOGEUSDT
94,52.13,-0.273,-24.0,-31.526,-2.713,35.1,31.9,33.0,6,1.0,55,2.0,2.5,12,DOGEUSDT
87,52.87,-0.2523,-21.217,-28.181,-2.335,43.7,39.1,17.2,6,1.0,55,2.0,2.5,24,DOGEUSDT
103,51.46,-0.2737,-26.028,-36.482,-2.733,26.2,11.7,62.1,6,1.0,55,2.0,4.0,6,DOGEUSDT
83,51.81,-0.4199,-30.867,-39.291,-3.694,32.5,16.9,50.6,6,1.0,55,2.0,4.0,12,DOGEUSDT
76,57.89,-0.2724,-20.657,-34.975,-2.083,50.0,25.0,25.0,6,1.0,55,2.0,4.0,24,DOGEUSDT
124,45.97,-0.0813,-10.949,-18.777,-0.992,12.9,37.9,49.2,6,1.0,55,3.0,1.5,6,DOGEUSDT
110,43.64,-0.051,-7.172,-19.082,-0.533,19.1,50.0,30.9,6,1.0,55,3.0,1.5,12,DOGEUSDT
100,40.0,-0.0736,-8.915,-19.697,-0.704,25.0,59.0,16.0,6,1.0,55,3.0,1.5,24,DOGEUSDT
104,48.08,-0.1018,-11.584,-21.369,-1.071,15.4,20.2,64.4,6,1.0,55,3.0,2.5,6,DOGEUSDT
90,48.89,-0.1241,-12.481,-23.769,-1.084,24.4,32.2,43.3,6,1.0,55,3.0,2.5,12,DOGEUSDT
81,50.62,-0.0528,-6.414,-20.548,-0.419,32.1,40.7,27.2,6,1.0,55,3.0,2.5,24,DOGEUSDT
102,50.0,-0.2061,-20.741,-30.806,-1.903,14.7,11.8,73.5,6,1.0,55,3.0,4.0,6,DOGEUSDT
81,49.38,-0.2578,-20.8,-32.859,-2.028,23.5,16.0,60.5,6,1.0,55,3.0,4.0,12,DOGEUSDT
70,52.86,-0.2398,-17.805,-29.93,-1.628,32.9,27.1,40.0,6,1.0,55,3.0,4.0,24,DOGEUSDT
111,53.15,-0.2709,-26.569,-28.323,-4.418,49.5,37.8,12.6,6,1.0,60,1.0,1.5,6,DOGEUSDT
109,55.05,-0.2456,-24.121,-25.934,-3.894,54.1,40.4,5.5,6,1.0,60,1.0,1.5,12,DOGEUSDT
106,57.55,-0.2374,-22.894,-25.379,-3.681,56.6,42.5,0.9,6,1.0,60,1.0,1.5,24,DOGEUSDT
94,59.57,-0.1634,-14.97,-21.897,-2.338,56.4,17.0,26.6,6,1.0,60,1.0,2.5,6,DOGEUSDT
88,68.18,-0.1317,-11.81,-19.172,-1.709,67.0,22.7,10.2,6,1.0,60,1.0,2.5,12,DOGEUSDT
85,75.29,-0.0256,-3.07,-14.03,-0.33,72.9,23.5,3.5,6,1.0,60,1.0,2.5,24,DOGEUSDT
88,60.23,-0.2704,-22.156,-28.354,-3.136,56.8,11.4,31.8,6,1.0,60,1.0,4.0,6,DOGEUSDT
77,70.13,-0.2032,-15.537,-23.161,-2.198,67.5,13.0,19.5,6,1.0,60,1.0,4.0,12,DOGEUSDT
74,78.38,-0.141,-11.12,-19.411,-1.426,75.7,16.2,8.1,6,1.0,60,1.0,4.0,24,DOGEUSDT
102,51.96,-0.1866,-18.084,-23.107,-2.69,33.3,40.2,26.5,6,1.0,60,1.5,1.5,6,DOGEUSDT
97,50.52,-0.1636,-15.541,-22.179,-2.171,45.4,45.4,9.3,6,1.0,60,1.5,1.5,12,DOGEUSDT
94,52.13,-0.1183,-11.463,-18.294,-1.515,51.1,47.9,1.1,6,1.0,60,1.5,1.5,24,DOGEUSDT
86,55.81,-0.1742,-14.797,-25.58,-2.173,34.9,20.9,44.2,6,1.0,60,1.5,2.5,6,DOGEUSDT
77,55.84,-0.2642,-19.399,-29.798,-2.882,48.1,29.9,22.1,6,1.0,60,1.5,2.5,12,DOGEUSDT
73,61.64,-0.1512,-11.575,-24.301,-1.564,56.2,32.9,11.0,6,1.0,60,1.5,2.5,24,DOGEUSDT
83,57.83,-0.2433,-19.446,-29.498,-2.549,37.3,12.0,50.6,6,1.0,60,1.5,4.0,6,DOGEUSDT
68,60.29,-0.2107,-14.544,-28.174,-2.019,51.5,14.7,33.8,6,1.0,60,1.5,4.0,12,DOGEUSDT
60,66.67,-0.1382,-9.311,-18.568,-1.201,61.7,18.3,20.0,6,1.0,60,1.5,4.0,24,DOGEUSDT
100,50.0,-0.1262,-12.793,-22.35,-1.655,25.0,41.0,34.0,6,1.0,60,2.0,1.5,6,DOGEUSDT
94,46.81,-0.0876,-9.061,-21.374,-1.024,37.2,47.9,14.9,6,1.0,60,2.0,1.5,12,DOGEUSDT
89,48.31,-0.0222,-3.24,-16.462,-0.246,44.9,51.7,3.4,6,1.0,60,2.0,1.5,24,DOGEUSDT
84,52.38,-0.1428,-12.367,-25.422,-1.618,27.4,22.6,50.0,6,1.0,60,2.0,2.5,6,DOGEUSDT
75,52.0,-0.2449,-17.943,-28.791,-2.44,36.0,32.0,32.0,6,1.0,60,2.0,2.5,12,DOGEUSDT
69,56.52,-0.1157,-9.041,-24.81,-1.069,47.8,36.2,15.9,6,1.0,60,2.0,2.5,24,DOGEUSDT
81,54.32,-0.2261,-18.112,-30.171,-2.161,28.4,13.6,58.0,6,1.0,60,2.0,4.0,6,DOGEUSDT
66,56.06,-0.2249,-15.18,-28.969,-1.965,37.9,16.7,45.5,6,1.0,60,2.0,4.0,12,DOGEUSDT
57,59.65,-0.2265,-13.696,-25.153,-1.735,50.9,22.8,26.3,6,1.0,60,2.0,4.0,24,DOGEUSDT
99,49.49,-0.0544,-6.487,-19.61,-0.634,15.2,41.4,43.4,6,1.0,60,3.0,1.5,6,DOGEUSDT
89,38.2,-0.1572,-14.342,-24.492,-1.645,19.1,52.8,28.1,6,1.0,60,3.0,1.5,12,DOGEUSDT
83,38.55,-0.1263,-11.398,-21.876,-1.222,24.1,59.0,16.9,6,1.0,60,3.0,1.5,24,DOGEUSDT
83,51.81,-0.0706,-7.048,-21.806,-0.723,15.7,22.9,61.4,6,1.0,60,3.0,2.5,6,DOGEUSDT
70,44.29,-0.1858,-13.608,-26.781,-1.658,22.9,32.9,44.3,6,1.0,60,3.0,2.5,12,DOGEUSDT
64,51.56,-0.0553,-5.168,-20.078,-0.45,31.2,37.5,31.2,6,1.0,60,3.0,2.5,24,DOGEUSDT
80,53.75,-0.1751,-14.677,-28.079,-1.563,15.0,13.8,71.2,6,1.0,60,3.0,4.0,6,DOGEUSDT
62,48.39,-0.2435,-15.557,-30.938,-1.943,21.0,16.1,62.9,6,1.0,60,3.0,4.0,12,DOGEUSDT
53,54.72,-0.1832,-11.04,-22.156,-1.288,32.1,22.6,45.3,6,1.0,60,3.0,4.0,24,DOGEUSDT
72,58.33,-0.1617,-11.428,-15.801,-2.672,54.2,34.7,11.1,6,1.0,65,1.0,1.5,6,DOGEUSDT
72,61.11,-0.1218,-8.87,-14.308,-1.956,59.7,36.1,4.2,6,1.0,65,1.0,1.5,12,DOGEUSDT
72,63.89,-0.0728,-5.601,-13.565,-1.158,63.9,36.1,0.0,6,1.0,65,1.0,1.5,24,DOGEUSDT
63,61.9,-0.3071,-18.191,-19.858,-3.961,55.6,25.4,19.0,6,1.0,65,1.0,2.5,6,DOGEUSDT
61,63.93,-0.3113,-17.946,-20.07,-3.798,62.3,27.9,9.8,6,1.0,65,1.0,2.5,12,DOGEUSDT
61,70.49,-0.208,-12.615,-15.822,-2.494,68.9,29.5,1.6,6,1.0,65,1.0,2.5,24,DOGEUSDT
58,67.24,-0.3766,-20.451,-22.188,-3.93,58.6,15.5,25.9,6,1.0,65,1.0,4.0,6,DOGEUSDT
53,69.81,-0.3175,-16.339,-20.681,-3.187,67.9,17.0,15.1,6,1.0,65,1.0,4.0,12,DOGEUSDT
52,76.92,-0.2118,-11.357,-20.05,-2.057,75.0,19.2,5.8,6,1.0,65,1.0,4.0,24,DOGEUSDT
67,53.73,-0.1678,-11.171,-16.215,-2.406,35.8,40.3,23.9,6,1.0,65,1.5,1.5,6,DOGEUSDT
64,54.69,-0.0604,-4.419,-16.22,-0.811,48.4,40.6,10.9,6,1.0,65,1.5,1.5,12,DOGEUSDT
64,56.25,0.0175,0.41,-16.22,0.225,56.2,43.8,0.0,6,1.0,65,1.5,1.5,24,DOGEUSDT
60,61.67,-0.1548,-9.6,-13.122,-1.823,41.7,25.0,33.3,6,1.0,65,1.5,2.5,6,DOGEUSDT
55,60.0,-0.1285,-7.656,-14.233,-1.371,56.4,29.1,14.5,6,1.0,65,1.5,2.5,12,DOGEUSDT
55,67.27,0.0061,-0.635,-11.833,0.062,65.5,32.7,1.8,6,1.0,65,1.5,2.5,24,DOGEUSDT
55,65.45,-0.3115,-16.689,-20.129,-3.009,40.0,16.4,43.6,6,1.0,65,1.5,4.0,6,DOGEUSDT
49,65.31,-0.1479,-8.057,-18.59,-1.319,61.2,18.4,20.4,6,1.0,65,1.5,4.0,12,DOGEUSDT
47,72.34,-0.078,-4.83,-18.59,-0.643,70.2,23.4,6.4,6,1.0,65,1.5,4.0,24,DOGEUSDT
65,52.31,-0.0744,-5.416,-14.836,-0.948,29.2,41.5,29.2,6,1.0,65,2.0,1.5,6,DOGEUSDT
62,51.61,0.0598,2.924,-14.841,0.701,40.3,41.9,17.7,6,1.0,65,2.0,1.5,12,DOGEUSDT
62,54.84,0.2056,12.548,-14.841,2.285,51.6,45.2,3.2,6,1.0,65,2.0,1.5,24,DOGEUSDT
59,59.32,-0.0921,-6.202,-13.097,-0.975,32.2,27.1,40.7,6,1.0,65,2.0,2.5,6,DOGEUSDT
54,55.56,-0.0324,-2.819,-14.033,-0.306,48.1,31.5,20.4,6,1.0,65,2.0,2.5,12,DOGEUSDT
54,64.81,0.1721,8.403,-12.583,1.553,59.3,35.2,5.6,6,1.0,65,2.0,2.5,24,DOGEUSDT
54,64.81,-0.1693,-9.881,-17.16,-1.514,33.3,16.7,50.0,6,1.0,65,2.0,4.0,6,DOGEUSDT
48,62.5,0.0348,0.342,-15.736,0.285,52.1,18.8,29.2,6,1.0,65,2.0,4.0,12,DOGEUSDT
46,69.57,0.124,4.311,-15.736,0.941,63.0,23.9,13.0,6,1.0,65,2.0,4.0,24,DOGEUSDT
65,52.31,0.1012,5.727,-13.108,1.096,20.0,41.5,38.5,6,1.0,65,3.0,1.5,6,DOGEUSDT
61,44.26,0.0309,0.893,-16.853,0.326,19.7,44.3,36.1,6,1.0,65,3.0,1.5,12,DOGEUSDT
60,43.33,0.0475,1.665,-17.867,0.453,25.0,55.0,20.0,6,1.0,65,3.0,1.5,24,DOGEUSDT
59,59.32,0.1274,6.442,-8.425,1.173,23.7,27.1,49.2,6,1.0,65,3.0,2.5,6,DOGEUSDT
54,50.0,0.0243,-0.104,-14.461,0.202,27.8,33.3,38.9,6,1.0,65,3.0,2.5,12,DOGEUSDT
52,53.85,0.0207,-0.536,-14.548,0.159,32.7,42.3,25.0,6,1.0,65,3.0,2.5,24,DOGEUSDT
54,64.81,-0.0086,-1.928,-15.898,-0.071,20.4,16.7,63.0,6,1.0,65,3.0,4.0,6,DOGEUSDT
47,55.32,0.0663,1.578,-16.518,0.495,27.7,19.1,53.2,6,1.0,65,3.0,4.0,12,DOGEUSDT
40,60.0,-0.0035,-1.649,-15.121,-0.025,30.0,25.0,45.0,6,1.0,65,3.0,4.0,24,DOGEUSDT
39,51.28,-0.2813,-10.653,-12.292,-4.525,51.3,38.5,10.3,6,1.0,70,1.0,1.5,6,DOGEUSDT
39,58.97,-0.1856,-7.255,-11.275,-2.944,56.4,38.5,5.1,6,1.0,70,1.0,1.5,12,DOGEUSDT
39,61.54,-0.1315,-5.279,-10.494,-2.066,61.5,38.5,0.0,6,1.0,70,1.0,1.5,24,DOGEUSDT
36,58.33,-0.3606,-12.573,-11.648,-4.484,58.3,27.8,13.9,6,1.0,70,1.0,2.5,6,DOGEUSDT
35,65.71,-0.3136,-10.812,-10.666,-3.772,62.9,28.6,8.6,6,1.0,70,1.0,2.5,12,DOGEUSDT
35,68.57,-0.27,-9.454,-10.666,-3.175,68.6,31.4,0.0,6,1.0,70,1.0,2.5,24,DOGEUSDT
33,63.64,-0.3972,-12.84,-11.265,-4.004,60.6,18.2,21.2,6,1.0,70,1.0,4.0,6,DOGEUSDT
31,70.97,-0.3351,-10.437,-11.265,-3.244,67.7,19.4,12.9,6,1.0,70,1.0,4.0,12,DOGEUSDT
31,77.42,-0.299,-9.497,-11.377,-2.733,77.4,22.6,0.0,6,1.0,70,1.0,4.0,24,DOGEUSDT
38,52.63,-0.1304,-5.17,-8.752,-1.841,39.5,39.5,21.1,6,1.0,70,1.5,1.5,6,DOGEUSDT
38,55.26,-0.0421,-1.966,-8.74,-0.567,47.4,39.5,13.2,6,1.0,70,1.5,1.5,12,DOGEUSDT
38,57.89,0.0668,2.144,-8.74,0.862,57.9,42.1,0.0,6,1.0,70,1.5,1.5,24,DOGEUSDT
34,52.94,-0.3328,-11.156,-11.099,-3.749,41.2,29.4,29.4,6,1.0,70,1.5,2.5,6,DOGEUSDT
33,63.64,-0.1267,-4.621,-9.182,-1.335,54.5,30.3,15.2,6,1.0,70,1.5,2.5,12,DOGEUSDT
33,66.67,-0.0033,-0.7,-9.182,-0.034,66.7,33.3,0.0,6,1.0,70,1.5,2.5,24,DOGEUSDT
31,54.84,-0.5888,-17.314,-15.966,-5.333,35.5,22.6,41.9,6,1.0,70,1.5,4.0,6,DOGEUSDT
29,65.52,-0.3307,-9.866,-13.407,-2.752,55.2,24.1,20.7,6,1.0,70,1.5,4.0,12,DOGEUSDT
29,72.41,-0.1872,-6.133,-14.796,-1.455,72.4,27.6,0.0,6,1.0,70,1.5,4.0,24,DOGEUSDT
37,51.35,-0.001,-0.478,-7.957,-0.012,35.1,40.5,24.3,6,1.0,70,2.0,1.5,6,DOGEUSDT
36,50.0,0.0066,-0.25,-7.957,0.077,41.7,44.4,13.9,6,1.0,70,2.0,1.5,12,DOGEUSDT
36,52.78,0.1772,5.999,-7.957,1.938,52.8,47.2,0.0,6,1.0,70,2.0,1.5,24,DOGEUSDT
34,52.94,-0.149,-5.519,-8.804,-1.51,38.2,29.4,32.4,6,1.0,70,2.0,2.5,6,DOGEUSDT
32,59.38,-0.0094,-0.945,-7.772,-0.09,46.9,31.2,21.9,6,1.0,70,2.0,2.5,12,DOGEUSDT
32,62.5,0.1002,2.487,-7.772,0.887,59.4,37.5,3.1,6,1.0,70,2.0,2.5,24,DOGEUSDT
31,54.84,-0.4356,-13.357,-12.807,-3.686,32.3,22.6,45.2,6,1.0,70,2.0,4.0,6,DOGEUSDT
28,60.71,-0.2397,-7.309,-12.55,-1.853,46.4,25.0,28.6,6,1.0,70,2.0,4.0,12,DOGEUSDT
27,66.67,-0.2015,-6.3,-13.102,-1.385,63.0,29.6,7.4,6,1.0,70,2.0,4.0,24,DOGEUSDT
37,51.35,0.2322,8.273,-7.053,2.389,24.3,40.5,35.1,6,1.0,70,3.0,1.5,6,DOGEUSDT
35,45.71,0.1256,3.775,-7.405,1.207,28.6,48.6,22.9,6,1.0,70,3.0,1.5,12,DOGEUSDT
35,45.71,0.2974,10.056,-7.098,2.627,37.1,54.3,8.6,6,1.0,70,3.0,1.5,24,DOGEUSDT
34,52.94,0.1342,3.798,-5.671,1.158,29.4,29.4,41.2,6,1.0,70,3.0,2.5,6,DOGEUSDT
31,54.84,0.214,5.942,-6.994,1.74,35.5,32.3,32.3,6,1.0,70,3.0,2.5,12,DOGEUSDT
30,56.67,0.2129,5.533,-6.375,1.579,40.0,43.3,16.7,6,1.0,70,3.0,2.5,24,DOGEUSDT
31,54.84,-0.1721,-6.158,-10.824,-1.29,25.8,22.6,51.6,6,1.0,70,3.0,4.0,6,DOGEUSDT
28,60.71,0.0971,1.636,-10.824,0.666,35.7,25.0,39.3,6,1.0,70,3.0,4.0,12,DOGEUSDT
27,66.67,0.2021,4.21,-10.824,1.237,44.4,29.6,25.9,6,1.0,70,3.0,4.0,24,DOGEUSDT
103,56.31,-0.1884,-18.245,-23.477,-3.06,54.4,35.9,9.7,6,1.5,55,1.0,1.5,6,DOGEUSDT
103,59.22,-0.1626,-16.057,-21.429,-2.587,58.3,37.9,3.9,6,1.5,55,1.0,1.5,12,DOGEUSDT
100,61.0,-0.145,-14.152,-18.978,-2.272,61.0,39.0,0.0,6,1.5,55,1.0,1.5,24,DOGEUSDT
90,61.11,-0.1955,-16.887,-21.188,-2.679,58.9,18.9,22.2,6,1.5,55,1.0,2.5,6,DOGEUSDT
86,65.12,-0.2497,-20.164,-24.652,-3.118,64.0,25.6,10.5,6,1.5,55,1.0,2.5,12,DOGEUSDT
85,69.41,-0.2239,-18.247,-22.202,-2.69,68.2,29.4,2.4,6,1.5,55,1.0,2.5,24,DOGEUSDT
81,62.96,-0.2408,-18.643,-22.853,-2.82,59.3,9.9,30.9,6,1.5,55,1.0,4.0,6,DOGEUSDT
73,68.49,-0.2318,-16.54,-23.009,-2.531,67.1,12.3,20.5,6,1.5,55,1.0,4.0,12,DOGEUSDT
70,77.14,-0.1502,-11.11,-16.365,-1.531,75.7,15.7,8.6,6,1.5,55,1.0,4.0,24,DOGEUSDT
95,49.47,-0.1332,-12.624,-18.324,-1.923,37.9,36.8,25.3,6,1.5,55,1.5,1.5,6,DOGEUSDT
94,53.19,-0.1099,-10.691,-18.77,-1.46,46.8,43.6,9.6,6,1.5,55,1.5,1.5,12,DOGEUSDT
91,53.85,-0.0546,-5.816,-14.646,-0.698,53.8,46.2,0.0,6,1.5,55,1.5,1.5,24,DOGEUSDT
83,53.01,-0.1731,-14.249,-20.761,-2.146,38.6,20.5,41.0,6,1.5,55,1.5,2.5,6,DOGEUSDT
76,56.58,-0.2644,-19.198,-25.973,-2.865,48.7,28.9,22.4,6,1.5,55,1.5,2.5,12,DOGEUSDT
71,60.56,-0.2281,-16.055,-21.421,-2.304,56.3,36.6,7.0,6,1.5,55,1.5,2.5,24,DOGEUSDT
76,55.26,-0.2236,-16.644,-23.161,-2.433,36.8,10.5,52.6,6,1.5,55,1.5,4.0,6,DOGEUSDT
68,60.29,-0.2201,-15.129,-25.689,-2.075,54.4,14.7,30.9,6,1.5,55,1.5,4.0,12,DOGEUSDT
61,67.21,-0.142,-9.737,-20.46,-1.206,65.6,21.3,13.1,6,1.5,55,1.5,4.0,24,DOGEUSDT
93,47.31,-0.0709,-7.311,-16.504,-0.928,28.0,37.6,34.4,6,1.5,55,2.0,1.5,6,DOGEUSDT
92,51.09,0.0142,0.065,-15.558,0.165,39.1,45.7,15.2,6,1.5,55,2.0,1.5,12,DOGEUSDT
88,51.14,0.1134,9.018,-13.17,1.242,50.0,48.9,1.1,6,1.5,55,2.0,1.5,24,DOGEUSDT
82,51.22,-0.1086,-9.614,-19.981,-1.218,29.3,22.0,48.8,6,1.5,55,2.0,2.5,6,DOGEUSDT
75,54.67,-0.1698,-13.221,-24.463,-1.664,38.7,30.7,30.7,6,1.5,55,2.0,2.5,12,DOGEUSDT
69,56.52,-0.096,-7.882,-19.153,-0.86,52.2,39.1,8.7,6,1.5,55,2.0,2.5,24,DOGEUSDT
76,53.95,-0.1492,-12.021,-22.3,-1.463,30.3,11.8,57.9,6,1.5,55,2.0,4.0,6,DOGEUSDT
68,58.82,-0.1128,-8.97,-24.349,-0.965,42.6,16.2,41.2,6,1.5,55,2.0,4.0,12,DOGEUSDT
61,62.3,0.0078,-1.447,-22.107,0.06,60.7,23.0,16.4,6,1.5,55,2.0,4.0,24,DOGEUSDT
92,45.65,-0.0496,-5.576,-11.833,-0.59,14.1,38.0,47.8,6,1.5,55,3.0,1.5,6,DOGEUSDT
85,42.35,-0.0323,-4.105,-15.702,-0.334,20.0,49.4,30.6,6,1.5,55,3.0,1.5,12,DOGEUSDT
79,40.51,0.0099,-0.854,-15.095,0.092,27.8,57.0,15.2,6,1.5,55,3.0,1.5,24,DOGEUSDT
81,49.38,-0.0776,-7.395,-15.021,-0.8,16.0,22.2,61.7,6,1.5,55,3.0,2.5,6,DOGEUSDT
70,47.14,-0.1728,-12.848,-22.65,-1.524,21.4,32.9,45.7,6,1.5,55,3.0,2.5,12,DOGEUSDT
61,50.82,-0.0803,-6.441,-14.954,-0.64,31.1,41.0,27.9,6,1.5,55,3.0,2.5,24,DOGEUSDT
75,52.0,-0.1443,-11.696,-19.163,-1.338,14.7,12.0,73.3,6,1.5,55,3.0,4.0,6,DOGEUSDT
63,50.79,-0.1538,-10.924,-24.52,-1.211,22.2,15.9,61.9,6,1.5,55,3.0,4.0,12,DOGEUSDT
54,55.56,-0.1006,-7.197,-24.245,-0.703,31.5,24.1,44.4,6,1.5,55,3.0,4.0,24,DOGEUSDT
88,55.68,-0.2397,-19.555,-23.353,-3.813,53.4,39.8,6.8,6,1.5,60,1.0,1.5,6,DOGEUSDT
88,56.82,-0.2181,-18.012,-21.882,-3.451,55.7,39.8,4.5,6,1.5,60,1.0,1.5,12,DOGEUSDT
86,59.3,-0.1874,-15.455,-20.134,-2.916,59.3,40.7,0.0,6,1.5,60,1.0,1.5,24,DOGEUSDT
77,62.34,-0.185,-13.945,-17.648,-2.533,58.4,19.5,22.1,6,1.5,60,1.0,2.5,6,DOGEUSDT
75,66.67,-0.1814,-13.475,-18.236,-2.312,65.3,24.0,10.7,6,1.5,60,1.0,2.5,12,DOGEUSDT
74,72.97,-0.0968,-7.727,-14.03,-1.212,71.6,25.7,2.7,6,1.5,60,1.0,2.5,24,DOGEUSDT
70,65.71,-0.2051,-14.235,-18.124,-2.366,60.0,11.4,28.6,6,1.5,60,1.0,4.0,6,DOGEUSDT
66,72.73,-0.0986,-7.213,-15.362,-1.107,71.2,12.1,16.7,6,1.5,60,1.0,4.0,12,DOGEUSDT
63,80.95,0.0039,-0.764,-12.336,0.042,79.4,14.3,6.3,6,1.5,60,1.0,4.0,24,DOGEUSDT
83,51.81,-0.1726,-14.009,-19.198,-2.448,36.1,41.0,22.9,6,1.5,60,1.5,1.5,6,DOGEUSDT
81,50.62,-0.1662,-13.343,-21.018,-2.194,45.7,45.7,8.6,6,1.5,60,1.5,1.5,12,DOGEUSDT
79,51.9,-0.113,-9.358,-17.258,-1.441,51.9,48.1,0.0,6,1.5,60,1.5,1.5,24,DOGEUSDT
72,54.17,-0.226,-15.773,-21.301,-2.778,34.7,22.2,43.1,6,1.5,60,1.5,2.5,6,DOGEUSDT
66,56.06,-0.2729,-17.359,-26.77,-2.967,47.0,30.3,22.7,6,1.5,60,1.5,2.5,12,DOGEUSDT
63,61.9,-0.1712,-11.224,-22.728,-1.75,57.1,34.9,7.9,6,1.5,60,1.5,2.5,24,DOGEUSDT
66,57.58,-0.27,-17.253,-22.871,-2.862,33.3,12.1,54.5,6,1.5,60,1.5,4.0,6,DOGEUSDT
58,62.07,-0.1539,-9.626,-23.078,-1.468,53.4,15.5,31.0,6,1.5,60,1.5,4.0,12,DOGEUSDT
53,69.81,-0.0533,-4.066,-20.501,-0.46,66.0,20.8,13.2,6,1.5,60,1.5,4.0,24,DOGEUSDT
81,49.38,-0.1047,-8.96,-18.228,-1.339,28.4,42.0,29.6,6,1.5,60,2.0,1.5,6,DOGEUSDT
79,46.84,-0.084,-7.426,-19.776,-0.974,39.2,48.1,12.7,6,1.5,60,2.0,1.5,12,DOGEUSDT
75,48.0,-0.0194,-2.544,-16.371,-0.214,45.3,52.0,2.7,6,1.5,60,2.0,1.5,24,DOGEUSDT
71,52.11,-0.1622,-11.83,-21.187,-1.797,28.2,23.9,47.9,6,1.5,60,2.0,2.5,6,DOGEUSDT
65,52.31,-0.2326,-15.088,-26.57,-2.301,36.9,32.3,30.8,6,1.5,60,2.0,2.5,12,DOGEUSDT
60,56.67,-0.1114,-7.71,-24.81,-1.012,50.0,38.3,11.7,6,1.5,60,2.0,2.5,24,DOGEUSDT
66,56.06,-0.2049,-13.819,-23.151,-1.961,28.8,13.6,57.6,6,1.5,60,2.0,4.0,6,DOGEUSDT
58,58.62,-0.1052,-7.264,-23.047,-0.91,41.4,17.2,41.4,6,1.5,60,2.0,4.0,12,DOGEUSDT
52,61.54,-0.1088,-7.075,-23.665,-0.824,55.8,25.0,19.2,6,1.5,60,2.0,4.0,24,DOGEUSDT
80,48.75,-0.0424,-4.401,-14.511,-0.485,16.2,42.5,41.2,6,1.5,60,3.0,1.5,6,DOGEUSDT
73,38.36,-0.1286,-10.101,-21.641,-1.322,20.5,52.1,27.4,6,1.5,60,3.0,1.5,12,DOGEUSDT
68,36.76,-0.1462,-10.681,-19.255,-1.397,25.0,60.3,14.7,6,1.5,60,3.0,1.5,24,DOGEUSDT
70,51.43,-0.0822,-6.796,-17.274,-0.822,17.1,24.3,58.6,6,1.5,60,3.0,2.5,6,DOGEUSDT
61,44.26,-0.2595,-15.869,-27.492,-2.291,23.0,34.4,42.6,6,1.5,60,3.0,2.5,12,DOGEUSDT
55,47.27,-0.2792,-15.552,-23.939,-2.266,27.3,43.6,29.1,6,1.5,60,3.0,2.5,24,DOGEUSDT
65,55.38,-0.1518,-10.753,-20.978,-1.355,15.4,13.8,70.8,6,1.5,60,3.0,4.0,6,DOGEUSDT
54,48.15,-0.2355,-13.334,-28.329,-1.869,22.2,16.7,61.1,6,1.5,60,3.0,4.0,12,DOGEUSDT
46,54.35,-0.2121,-10.848,-26.558,-1.492,28.3,26.1,45.7,6,1.5,60,3.0,4.0,24,DOGEUSDT
60,56.67,-0.1802,-10.633,-13.825,-2.924,55.0,36.7,8.3,6,1.5,65,1.0,1.5,6,DOGEUSDT
60,60.0,-0.1455,-8.757,-12.826,-2.336,58.3,36.7,5.0,6,1.5,65,1.0,1.5,12,DOGEUSDT
60,63.33,-0.0867,-5.484,-12.016,-1.374,63.3,36.7,0.0,6,1.5,65,1.0,1.5,24,DOGEUSDT
54,59.26,-0.364,-18.394,-19.708,-4.56,55.6,27.8,16.7,6,1.5,65,1.0,2.5,6,DOGEUSDT
53,62.26,-0.3993,-19.662,-20.324,-4.766,60.4,30.2,9.4,6,1.5,65,1.0,2.5,12,DOGEUSDT
53,67.92,-0.2986,-15.265,-15.963,-3.5,66.0,32.1,1.9,6,1.5,65,1.0,2.5,24,DOGEUSDT
47,65.96,-0.4369,-19.309,-19.973,-4.385,59.6,17.0,23.4,6,1.5,65,1.0,4.0,6,DOGEUSDT
45,68.89,-0.3889,-16.807,-19.81,-3.834,66.7,17.8,15.6,6,1.5,65,1.0,4.0,12,DOGEUSDT
45,75.56,-0.2627,-11.975,-17.608,-2.518,73.3,20.0,6.7,6,1.5,65,1.0,4.0,24,DOGEUSDT
56,50.0,-0.2382,-12.939,-14.995,-3.405,32.1,42.9,25.0,6,1.5,65,1.5,1.5,6,DOGEUSDT
56,50.0,-0.1759,-9.91,-16.22,-2.341,44.6,44.6,10.7,6,1.5,65,1.5,1.5,12,DOGEUSDT
56,51.79,-0.1164,-6.905,-16.22,-1.484,51.8,48.2,0.0,6,1.5,65,1.5,1.5,24,DOGEUSDT
51,58.82,-0.2197,-11.248,-12.413,-2.523,39.2,27.5,33.3,6,1.5,65,1.5,2.5,6,DOGEUSDT
48,56.25,-0.2994,-14.113,-16.744,-3.105,52.1,33.3,14.6,6,1.5,65,1.5,2.5,12,DOGEUSDT
48,62.5,-0.187,-9.412,-11.833,-1.854,60.4,37.5,2.1,6,1.5,65,1.5,2.5,24,DOGEUSDT
44,63.64,-0.4261,-17.899,-18.977,-3.998,34.1,18.2,47.7,6,1.5,65,1.5,4.0,6,DOGEUSDT
42,61.9,-0.3464,-14.486,-20.378,-2.955,57.1,21.4,21.4,6,1.5,65,1.5,4.0,12,DOGEUSDT
41,68.29,-0.284,-12.083,-20.902,-2.25,65.9,26.8,7.3,6,1.5,65,1.5,4.0,24,DOGEUSDT
55,49.09,-0.1414,-8.055,-13.953,-1.808,27.3,43.6,29.1,6,1.5,65,2.0,1.5,6,DOGEUSDT
55,47.27,-0.0364,-2.714,-14.841,-0.421,40.0,45.5,14.5,6,1.5,65,2.0,1.5,12,DOGEUSDT
55,50.91,0.082,3.749,-14.841,0.903,49.1,49.1,1.8,6,1.5,65,2.0,1.5,24,DOGEUSDT
50,56.0,-0.1905,-9.863,-13.132,-1.985,30.0,30.0,40.0,6,1.5,65,2.0,2.5,6,DOGEUSDT
47,51.06,-0.2345,-11.351,-14.639,-2.165,44.7,36.2,19.1,6,1.5,65,2.0,2.5,12,DOGEUSDT
47,59.57,-0.0521,-3.507,-12.583,-0.457,55.3,40.4,4.3,6,1.5,65,2.0,2.5,24,DOGEUSDT
44,63.64,-0.2751,-12.348,-14.667,-2.417,29.5,18.2,52.3,6,1.5,65,2.0,4.0,6,DOGEUSDT
42,59.52,-0.1374,-6.793,-15.736,-1.079,50.0,21.4,28.6,6,1.5,65,2.0,4.0,12,DOGEUSDT
41,65.85,-0.058,-3.72,-15.736,-0.425,61.0,26.8,12.2,6,1.5,65,2.0,4.0,24,DOGEUSDT
55,49.09,0.003,-0.653,-13.108,0.033,18.2,43.6,38.2,6,1.5,65,3.0,1.5,6,DOGEUSDT
54,38.89,-0.0946,-5.818,-16.207,-0.998,18.5,48.1,33.3,6,1.5,65,3.0,1.5,12,DOGEUSDT
53,39.62,-0.0848,-5.387,-17.867,-0.814,22.6,58.5,18.9,6,1.5,65,3.0,1.5,24,DOGEUSDT
50,56.0,-0.0009,-1.126,-8.461,-0.009,22.0,30.0,48.0,6,1.5,65,3.0,2.5,6,DOGEUSDT
47,44.68,-0.2139,-10.709,-15.914,-1.764,25.5,38.3,36.2,6,1.5,65,3.0,2.5,12,DOGEUSDT
45,48.89,-0.2413,-11.545,-17.046,-1.852,28.9,48.9,22.2,6,1.5,65,3.0,2.5,24,DOGEUSDT
44,63.64,-0.1401,-7.124,-14.411,-1.142,18.2,18.2,63.6,6,1.5,65,3.0,4.0,6,DOGEUSDT
41,51.22,-0.1321,-6.636,-16.518,-0.955,26.8,22.0,51.2,6,1.5,65,3.0,4.0,12,DOGEUSDT
36,55.56,-0.2941,-11.371,-20.713,-1.98,27.8,30.6,41.7,6,1.5,65,3.0,4.0,24,DOGEUSDT
37,51.35,-0.2859,-10.29,-12.292,-4.567,51.4,40.5,8.1,6,1.5,70,1.0,1.5,6,DOGEUSDT
37,56.76,-0.2405,-8.775,-11.275,-3.789,54.1,40.5,5.4,6,1.5,70,1.0,1.5,12,DOGEUSDT
37,59.46,-0.1835,-6.832,-10.494,-2.856,59.5,40.5,0.0,6,1.5,70,1.0,1.5,24,DOGEUSDT
34,58.82,-0.3702,-12.218,-11.691,-4.531,58.8,29.4,11.8,6,1.5,70,1.0,2.5,6,DOGEUSDT
34,64.71,-0.3473,-11.546,-10.666,-4.149,61.8,29.4,8.8,6,1.5,70,1.0,2.5,12,DOGEUSDT
34,67.65,-0.3024,-10.2,-10.666,-3.528,67.6,32.4,0.0,6,1.5,70,1.0,2.5,24,DOGEUSDT
31,64.52,-0.4101,-12.485,-11.265,-4.045,61.3,19.4,19.4,6,1.5,70,1.0,4.0,6,DOGEUSDT
30,70.0,-0.3739,-11.175,-11.265,-3.582,66.7,20.0,13.3,6,1.5,70,1.0,4.0,12,DOGEUSDT
30,76.67,-0.3367,-10.242,-11.377,-3.041,76.7,23.3,0.0,6,1.5,70,1.0,4.0,24,DOGEUSDT
37,51.35,-0.1699,-6.415,-8.752,-2.404,37.8,40.5,21.6,6,1.5,70,1.5,1.5,6,DOGEUSDT
37,54.05,-0.0792,-3.253,-8.74,-1.066,45.9,40.5,13.5,6,1.5,70,1.5,1.5,12,DOGEUSDT
37,56.76,0.0327,0.803,-8.74,0.42,56.8,43.2,0.0,6,1.5,70,1.5,1.5,24,DOGEUSDT
32,53.12,-0.3569,-11.234,-11.294,-3.973,40.6,31.2,28.1,6,1.5,70,1.5,2.5,6,DOGEUSDT
32,62.5,-0.1722,-5.873,-9.182,-1.805,53.1,31.2,15.6,6,1.5,70,1.5,2.5,12,DOGEUSDT
32,65.62,-0.045,-2.003,-9.182,-0.453,65.6,34.4,0.0,6,1.5,70,1.5,2.5,24,DOGEUSDT
29,55.17,-0.633,-17.387,-16.151,-5.63,34.5,24.1,41.4,6,1.5,70,1.5,4.0,6,DOGEUSDT
28,64.29,-0.39,-11.049,-13.407,-3.219,53.6,25.0,21.4,6,1.5,70,1.5,4.0,12,DOGEUSDT
28,71.43,-0.2414,-7.366,-14.796,-1.856,71.4,28.6,0.0,6,1.5,70,1.5,4.0,24,DOGEUSDT
36,50.0,-0.0519,-2.266,-7.957,-0.645,33.3,41.7,25.0,6,1.5,70,2.0,1.5,6,DOGEUSDT
35,48.57,-0.0455,-2.042,-7.957,-0.529,40.0,45.7,14.3,6,1.5,70,2.0,1.5,12,DOGEUSDT
35,51.43,0.13,4.094,-7.957,1.42,51.4,48.6,0.0,6,1.5,70,2.0,1.5,24,DOGEUSDT
32,53.12,-0.1772,-6.066,-8.804,-1.781,37.5,31.2,31.2,6,1.5,70,2.0,2.5,6,DOGEUSDT
31,58.06,-0.0688,-2.725,-7.772,-0.654,45.2,32.3,22.6,6,1.5,70,2.0,2.5,12,DOGEUSDT
31,61.29,0.0444,0.645,-7.772,0.391,58.1,38.7,3.2,6,1.5,70,2.0,2.5,24,DOGEUSDT
29,55.17,-0.4865,-13.859,-13.851,-4.057,31.0,24.1,44.8,6,1.5,70,2.0,4.0,6,DOGEUSDT
27,59.26,-0.3164,-8.975,-12.55,-2.434,44.4,25.9,29.6,6,1.5,70,2.0,4.0,12,DOGEUSDT
26,65.38,-0.2796,-7.984,-13.102,-1.906,61.5,30.8,7.7,6,1.5,70,2.0,4.0,24,DOGEUSDT
36,50.0,0.1747,5.837,-7.053,1.805,25.0,41.7,33.3,6,1.5,70,3.0,1.5,6,DOGEUSDT
34,44.12,0.0715,1.777,-7.405,0.686,29.4,50.0,20.6,6,1.5,70,3.0,1.5,12,DOGEUSDT
34,44.12,0.2229,7.028,-7.098,1.981,35.3,55.9,8.8,6,1.5,70,3.0,1.5,24,DOGEUSDT
32,53.12,0.1089,2.721,-5.671,0.93,31.2,31.2,37.5,6,1.5,70,3.0,2.5,6,DOGEUSDT
30,53.33,0.1557,3.902,-6.994,1.257,36.7,33.3,30.0,6,1.5,70,3.0,2.5,12,DOGEUSDT
29,55.17,0.1226,2.628,-8.952,0.91,37.9,44.8,17.2,6,1.5,70,3.0,2.5,24,DOGEUSDT
29,55.17,-0.2211,-7.132,-10.824,-1.634,27.6,24.1,48.3,6,1.5,70,3.0,4.0,6,DOGEUSDT
27,59.26,0.028,-0.321,-10.824,0.19,37.0,25.9,37.0,6,1.5,70,3.0,4.0,12,DOGEUSDT
26,65.38,0.1011,1.342,-10.824,0.615,42.3,30.8,26.9,6,1.5,70,3.0,4.0,24,DOGEUSDT
55,50.91,-0.3603,-18.342,-22.269,-5.659,49.1,45.5,5.5,6,2.5,55,1.0,1.5,6,DOGEUSDT
55,54.55,-0.328,-16.882,-21.764,-5.093,50.9,45.5,3.6,6,2.5,55,1.0,1.5,12,DOGEUSDT
55,54.55,-0.3064,-15.891,-21.151,-4.702,54.5,45.5,0.0,6,2.5,55,1.0,1.5,24,DOGEUSDT
49,65.31,-0.1236,-6.338,-12.585,-1.681,61.2,20.4,18.4,6,2.5,55,1.0,2.5,6,DOGEUSDT
49,71.43,-0.1043,-5.503,-11.084,-1.339,67.3,24.5,8.2,6,2.5,55,1.0,2.5,12,DOGEUSDT
49,73.47,-0.0986,-5.281,-9.043,-1.219,73.5,26.5,0.0,6,2.5,55,1.0,2.5,24,DOGEUSDT
44,70.45,-0.1953,-8.887,-14.964,-2.11,65.9,13.6,20.5,6,2.5,55,1.0,4.0,6,DOGEUSDT
44,75.0,-0.1231,-5.935,-12.881,-1.334,70.5,13.6,15.9,6,2.5,55,1.0,4.0,12,DOGEUSDT
44,75.0,-0.1895,-8.739,-11.707,-1.921,75.0,15.9,9.1,6,2.5,55,1.0,4.0,24,DOGEUSDT
52,48.08,-0.2653,-13.334,-19.71,-3.671,36.5,46.2,17.3,6,2.5,55,1.5,1.5,6,DOGEUSDT
52,48.08,-0.2721,-13.684,-21.277,-3.59,42.3,50.0,7.7,6,2.5,55,1.5,1.5,12,DOGEUSDT
52,50.0,-0.17,-9.003,-19.871,-2.165,50.0,50.0,0.0,6,2.5,55,1.5,1.5,24,DOGEUSDT
45,57.78,-0.1335,-6.388,-14.86,-1.587,42.2,24.4,33.3,6,2.5,55,1.5,2.5,6,DOGEUSDT
43,58.14,-0.1865,-8.319,-17.817,-2.044,48.8,30.2,20.9,6,2.5,55,1.5,2.5,12,DOGEUSDT
42,61.9,-0.2125,-9.27,-18.319,-2.102,59.5,38.1,2.4,6,2.5,55,1.5,2.5,24,DOGEUSDT
40,62.5,-0.2361,-9.752,-18.494,-2.269,45.0,15.0,40.0,6,2.5,55,1.5,4.0,6,DOGEUSDT
39,61.54,-0.2197,-9.002,-19.364,-2.023,51.3,17.9,30.8,6,2.5,55,1.5,4.0,12,DOGEUSDT
37,64.86,-0.246,-9.643,-18.224,-2.017,64.9,24.3,10.8,6,2.5,55,1.5,4.0,24,DOGEUSDT
51,47.06,-0.1571,-8.272,-17.581,-1.936,29.4,47.1,23.5,6,2.5,55,2.0,1.5,6,DOGEUSDT
51,43.14,-0.2186,-11.178,-20.416,-2.533,37.3,52.9,9.8,6,2.5,55,2.0,1.5,12,DOGEUSDT
51,47.06,-0.0551,-3.511,-17.448,-0.61,45.1,52.9,2.0,6,2.5,55,2.0,1.5,24,DOGEUSDT
45,55.56,-0.0848,-4.432,-15.319,-0.911,28.9,26.7,44.4,6,2.5,55,2.0,2.5,6,DOGEUSDT
43,51.16,-0.1657,-7.64,-18.294,-1.629,41.9,32.6,25.6,6,2.5,55,2.0,2.5,12,DOGEUSDT
42,57.14,-0.1683,-7.77,-19.683,-1.469,52.4,42.9,4.8,6,2.5,55,2.0,2.5,24,DOGEUSDT
40,60.0,-0.2492,-10.367,-21.489,-2.186,27.5,17.5,55.0,6,2.5,55,2.0,4.0,6,DOGEUSDT
39,53.85,-0.2481,-10.184,-21.455,-2.056,43.6,20.5,35.9,6,2.5,55,2.0,4.0,12,DOGEUSDT
36,55.56,-0.4374,-15.687,-25.407,-3.161,52.8,27.8,19.4,6,2.5,55,2.0,4.0,24,DOGEUSDT
51,45.1,-0.0819,-4.831,-14.621,-0.897,17.6,47.1,35.3,6,2.5,55,3.0,1.5,6,DOGEUSDT
50,36.0,-0.2124,-10.839,-20.873,-2.203,22.0,54.0,24.0,6,2.5,55,3.0,1.5,12,DOGEUSDT
50,38.0,-0.0872,-5.236,-21.048,-0.824,26.0,60.0,14.0,6,2.5,55,3.0,1.5,24,DOGEUSDT
45,53.33,0.0134,-0.279,-11.775,0.129,20.0,26.7,53.3,6,2.5,55,3.0,2.5,6,DOGEUSDT
43,46.51,-0.0422,-2.802,-14.996,-0.369,27.9,32.6,39.5,6,2.5,55,3.0,2.5,12,DOGEUSDT
40,45.0,-0.312,-12.859,-24.729,-2.375,30.0,50.0,20.0,6,2.5,55,3.0,2.5,24,DOGEUSDT
40,57.5,-0.1888,-8.283,-19.787,-1.556,17.5,17.5,65.0,6,2.5,55,3.0,4.0,6,DOGEUSDT
39,48.72,-0.1375,-6.398,-19.56,-1.045,28.2,20.5,51.3,6,2.5,55,3.0,4.0,12,DOGEUSDT
35,45.71,-0.4224,-15.081,-25.757,-2.745,34.3,28.6,37.1,6,2.5,55,3.0,4.0,24,DOGEUSDT
51,50.98,-0.3556,-16.929,-22.245,-5.599,49.0,45.1,5.9,6,2.5,60,1.0,1.5,6,DOGEUSDT
51,54.9,-0.3208,-15.444,-21.764,-4.988,51.0,45.1,3.9,6,2.5,60,1.0,1.5,12,DOGEUSDT
51,54.9,-0.2975,-14.436,-21.151,-4.568,54.9,45.1,0.0,6,2.5,60,1.0,1.5,24,DOGEUSDT
45,64.44,-0.1408,-6.581,-12.558,-1.879,62.2,22.2,15.6,6,2.5,60,1.0,2.5,6,DOGEUSDT
45,73.33,-0.0794,-3.999,-10.142,-1.019,68.9,24.4,6.7,6,2.5,60,1.0,2.5,12,DOGEUSDT
45,75.56,-0.0256,-1.652,-9.043,-0.325,75.6,24.4,0.0,6,2.5,60,1.0,2.5,24,DOGEUSDT
40,70.0,-0.2219,-9.123,-14.938,-2.324,67.5,15.0,17.5,6,2.5,60,1.0,4.0,6,DOGEUSDT
40,77.5,-0.1342,-5.874,-12.881,-1.403,72.5,15.0,12.5,6,2.5,60,1.0,4.0,12,DOGEUSDT
40,77.5,-0.0696,-3.387,-11.573,-0.738,77.5,15.0,7.5,6,2.5,60,1.0,4.0,24,DOGEUSDT
49,46.94,-0.3017,-14.161,-19.71,-4.207,34.7,46.9,18.4,6,2.5,60,1.5,1.5,6,DOGEUSDT
49,46.94,-0.3089,-14.507,-21.277,-4.093,40.8,51.0,8.2,6,2.5,60,1.5,1.5,12,DOGEUSDT
49,48.98,-0.2006,-9.871,-19.871,-2.556,49.0,51.0,0.0,6,2.5,60,1.5,1.5,24,DOGEUSDT
42,54.76,-0.2133,-9.094,-14.86,-2.5,40.5,26.2,33.3,6,2.5,60,1.5,2.5,6,DOGEUSDT
40,57.5,-0.2538,-10.239,-17.817,-2.735,47.5,32.5,20.0,6,2.5,60,1.5,2.5,12,DOGEUSDT
39,61.54,-0.2286,-9.212,-18.319,-2.259,59.0,38.5,2.6,6,2.5,60,1.5,2.5,24,DOGEUSDT
37,59.46,-0.335,-12.36,-18.494,-3.152,43.2,16.2,40.5,6,2.5,60,1.5,4.0,6,DOGEUSDT
36,61.11,-0.2973,-10.908,-19.364,-2.672,50.0,19.4,30.6,6,2.5,60,1.5,4.0,12,DOGEUSDT
34,64.71,-0.2233,-8.17,-18.224,-1.852,64.7,23.5,11.8,6,2.5,60,1.5,4.0,24,DOGEUSDT
48,45.83,-0.2015,-9.742,-17.581,-2.503,29.2,47.9,22.9,6,2.5,60,2.0,1.5,6,DOGEUSDT
48,41.67,-0.2737,-12.887,-20.416,-3.202,35.4,54.2,10.4,6,2.5,60,2.0,1.5,12,DOGEUSDT
48,45.83,-0.1,-5.367,-17.448,-1.11,43.8,54.2,2.1,6,2.5,60,2.0,1.5,24,DOGEUSDT
42,52.38,-0.177,-7.802,-15.319,-1.883,28.6,28.6,42.9,6,2.5,60,2.0,2.5,6,DOGEUSDT
40,50.0,-0.2565,-10.46,-18.294,-2.499,40.0,35.0,25.0,6,2.5,60,2.0,2.5,12,DOGEUSDT
39,56.41,-0.2066,-8.615,-19.683,-1.804,51.3,43.6,5.1,6,2.5,60,2.0,2.5,24,DOGEUSDT
37,56.76,-0.3672,-13.528,-21.489,-3.167,27.0,18.9,54.1,6,2.5,60,2.0,4.0,6,DOGEUSDT
36,52.78,-0.3559,-12.927,-21.455,-2.898,41.7,22.2,36.1,6,2.5,60,2.0,4.0,12,DOGEUSDT
33,54.55,-0.4617,-15.152,-25.407,-3.36,51.5,27.3,21.2,6,2.5,60,2.0,4.0,24,DOGEUSDT
48,45.83,-0.0311,-2.246,-14.621,-0.329,20.8,47.9,31.2,6,2.5,60,3.0,1.5,6,DOGEUSDT
47,36.17,-0.198,-9.646,-20.873,-2.011,23.4,55.3,21.3,6,2.5,60,3.0,1.5,12,DOGEUSDT
47,38.3,-0.0676,-4.066,-21.048,-0.633,27.7,59.6,12.8,6,2.5,60,3.0,1.5,24,DOGEUSDT
42,52.38,0.0316,0.428,-11.775,0.292,23.8,28.6,47.6,6,2.5,60,3.0,2.5,6,DOGEUSDT
40,47.5,-0.0412,-2.636,-14.996,-0.348,30.0,35.0,35.0,6,2.5,60,3.0,2.5,12,DOGEUSDT
38,47.37,-0.2263,-9.33,-24.729,-1.731,31.6,47.4,21.1,6,2.5,60,3.0,2.5,24,DOGEUSDT
37,56.76,-0.1845,-7.633,-19.787,-1.45,21.6,18.9,59.5,6,2.5,60,3.0,4.0,6,DOGEUSDT
36,50.0,-0.1444,-6.238,-19.56,-1.057,30.6,22.2,47.2,6,2.5,60,3.0,4.0,12,DOGEUSDT
33,48.48,-0.2951,-10.569,-25.757,-1.934,36.4,27.3,36.4,6,2.5,60,3.0,4.0,24,DOGEUSDT
46,58.7,-0.1584,-7.334,-13.473,-2.559,56.5,37.0,6.5,6,2.5,65,1.0,1.5,6,DOGEUSDT
46,63.04,-0.1198,-5.677,-13.473,-1.918,58.7,37.0,4.3,6,2.5,65,1.0,1.5,12,DOGEUSDT
46,63.04,-0.0939,-4.552,-12.794,-1.487,63.0,37.0,0.0,6,2.5,65,1.0,1.5,24,DOGEUSDT
41,63.41,-0.294,-11.82,-16.086,-3.605,61.0,29.3,9.8,6,2.5,65,1.0,2.5,6,DOGEUSDT
41,68.29,-0.2535,-10.346,-14.683,-3.083,63.4,29.3,7.3,6,2.5,65,1.0,2.5,12,DOGEUSDT
41,70.73,-0.1944,-8.153,-13.64,-2.332,70.7,29.3,0.0,6,2.5,65,1.0,2.5,24,DOGEUSDT
36,72.22,-0.3605,-12.839,-17.554,-3.438,69.4,19.4,11.1,6,2.5,65,1.0,4.0,6,DOGEUSDT
36,75.0,-0.2975,-10.818,-16.081,-2.871,69.4,19.4,11.1,6,2.5,65,1.0,4.0,12,DOGEUSDT
36,75.0,-0.2494,-9.252,-15.879,-2.411,75.0,19.4,5.6,6,2.5,65,1.0,4.0,24,DOGEUSDT
43,48.84,-0.2613,-10.989,-15.549,-3.711,32.6,44.2,23.3,6,2.5,65,1.5,1.5,6,DOGEUSDT
43,48.84,-0.2586,-10.934,-17.739,-3.434,41.9,48.8,9.3,6,2.5,65,1.5,1.5,12,DOGEUSDT
43,51.16,-0.1351,-6.105,-16.024,-1.721,51.2,48.8,0.0,6,2.5,65,1.5,1.5,24,DOGEUSDT
38,60.53,-0.1767,-7.014,-10.58,-1.995,42.1,28.9,28.9,6,2.5,65,1.5,2.5,6,DOGEUSDT
36,58.33,-0.2244,-8.323,-13.578,-2.36,52.8,33.3,13.9,6,2.5,65,1.5,2.5,12,DOGEUSDT
35,62.86,-0.1557,-5.931,-13.101,-1.539,62.9,37.1,0.0,6,2.5,65,1.5,2.5,24,DOGEUSDT
33,66.67,-0.3784,-12.458,-16.199,-3.335,42.4,21.2,36.4,6,2.5,65,1.5,4.0,6,DOGEUSDT
33,63.64,-0.3556,-11.883,-18.59,-2.95,57.6,24.2,18.2,6,2.5,65,1.5,4.0,12,DOGEUSDT
32,65.62,-0.3687,-12.014,-19.549,-2.877,65.6,28.1,6.2,6,2.5,65,1.5,4.0,24,DOGEUSDT
42,47.62,-0.1894,-8.081,-15.499,-2.432,26.2,45.2,28.6,6,2.5,65,2.0,1.5,6,DOGEUSDT
42,42.86,-0.2409,-10.136,-15.558,-2.827,35.7,52.4,11.9,6,2.5,65,2.0,1.5,12,DOGEUSDT
42,47.62,-0.0424,-2.378,-15.499,-0.47,45.2,52.4,2.4,6,2.5,65,2.0,1.5,24,DOGEUSDT
38,57.89,-0.1584,-6.463,-11.369,-1.636,28.9,31.6,39.5,6,2.5,65,2.0,2.5,6,DOGEUSDT
36,50.0,-0.2274,-8.548,-13.384,-2.15,44.4,36.1,19.4,6,2.5,65,2.0,2.5,12,DOGEUSDT
35,57.14,-0.1455,-5.778,-14.13,-1.262,54.3,42.9,2.9,6,2.5,65,2.0,2.5,24,DOGEUSDT
33,66.67,-0.2386,-8.39,-14.574,-1.992,30.3,21.2,48.5,6,2.5,65,2.0,4.0,6,DOGEUSDT
33,57.58,-0.2225,-8.036,-15.736,-1.718,51.5,24.2,24.2,6,2.5,65,2.0,4.0,12,DOGEUSDT
31,61.29,-0.3312,-10.82,-18.703,-2.326,58.1,29.0,12.9,6,2.5,65,2.0,4.0,24,DOGEUSDT
42,47.62,-0.0673,-3.373,-15.499,-0.756,16.7,45.2,38.1,6,2.5,65,3.0,1.5,6,DOGEUSDT
41,34.15,-0.3385,-13.524,-21.077,-3.688,17.1,56.1,26.8,6,2.5,65,3.0,1.5,12,DOGEUSDT
41,36.59,-0.1803,-7.863,-20.128,-1.75,22.0,61.0,17.1,6,2.5,65,3.0,1.5,24,DOGEUSDT
38,57.89,0.017,-0.177,-8.882,0.156,21.1,31.6,47.4,6,2.5,65,3.0,2.5,6,DOGEUSDT
36,44.44,-0.1713,-6.874,-14.708,-1.425,27.8,38.9,33.3,6,2.5,65,3.0,2.5,12,DOGEUSDT
34,47.06,-0.2519,-9.206,-20.127,-1.91,29.4,50.0,20.6,6,2.5,65,3.0,2.5,24,DOGEUSDT
33,66.67,-0.1135,-4.634,-14.411,-0.888,18.2,21.2,60.6,6,2.5,65,3.0,4.0,6,DOGEUSDT
32,46.88,-0.2451,-8.646,-16.955,-1.726,31.2,25.0,43.8,6,2.5,65,3.0,4.0,12,DOGEUSDT
29,55.17,-0.2368,-7.899,-18.977,-1.49,37.9,31.0,31.0,6,2.5,65,3.0,4.0,24,DOGEUSDT
31,51.61,-0.329,-9.923,-11.961,-5.12,51.6,45.2,3.2,6,2.5,70,1.0,1.5,6,DOGEUSDT
31,54.84,-0.3121,-9.452,-11.961,-4.831,51.6,45.2,3.2,6,2.5,70,1.0,1.5,12,DOGEUSDT
31,54.84,-0.299,-9.086,-11.961,-4.592,54.8,45.2,0.0,6,2.5,70,1.0,1.5,24,DOGEUSDT
29,65.52,-0.2882,-8.378,-10.666,-3.427,65.5,31.0,3.4,6,2.5,70,1.0,2.5,6,DOGEUSDT
29,68.97,-0.2702,-7.899,-10.666,-3.203,65.5,31.0,3.4,6,2.5,70,1.0,2.5,12,DOGEUSDT
29,68.97,-0.2562,-7.527,-10.666,-3.023,69.0,31.0,0.0,6,2.5,70,1.0,2.5,24,DOGEUSDT
25,72.0,-0.2911,-7.499,-11.265,-2.797,72.0,20.0,8.0,6,2.5,70,1.0,4.0,6,DOGEUSDT
24,75.0,-0.274,-6.838,-11.265,-2.603,70.8,20.8,8.3,6,2.5,70,1.0,4.0,12,DOGEUSDT
24,75.0,-0.42,-10.128,-11.377,-3.706,75.0,25.0,0.0,6,2.5,70,1.0,4.0,24,DOGEUSDT
31,48.39,-0.2482,-7.689,-8.859,-3.442,38.7,45.2,16.1,6,2.5,70,1.5,1.5,6,DOGEUSDT
31,51.61,-0.1567,-5.052,-8.859,-2.076,45.2,45.2,9.7,6,2.5,70,1.5,1.5,12,DOGEUSDT
31,54.84,-0.0248,-1.11,-8.859,-0.318,54.8,45.2,0.0,6,2.5,70,1.5,1.5,24,DOGEUSDT
28,57.14,-0.2805,-7.965,-9.182,-3.055,46.4,32.1,21.4,6,2.5,70,1.5,2.5,6,DOGEUSDT
28,64.29,-0.1017,-3.267,-9.182,-1.063,57.1,32.1,10.7,6,2.5,70,1.5,2.5,12,DOGEUSDT
28,67.86,0.0443,0.75,-9.182,0.453,67.9,32.1,0.0,6,2.5,70,1.5,2.5,24,DOGEUSDT
24,58.33,-0.5323,-12.56,-13.407,-4.551,45.8,25.0,29.2,6,2.5,70,1.5,4.0,6,DOGEUSDT
23,65.22,-0.3516,-8.374,-13.407,-2.871,56.5,26.1,17.4,6,2.5,70,1.5,4.0,12,DOGEUSDT
23,69.57,-0.3439,-8.311,-14.796,-2.596,69.6,30.4,0.0,6,2.5,70,1.5,4.0,24,DOGEUSDT
30,46.67,-0.1425,-4.541,-7.957,-1.739,33.3,46.7,20.0,6,2.5,70,2.0,1.5,6,DOGEUSDT
30,46.67,-0.1062,-3.54,-7.957,-1.22,40.0,50.0,10.0,6,2.5,70,2.0,1.5,12,DOGEUSDT
30,50.0,0.08,1.959,-7.957,0.873,50.0,50.0,0.0,6,2.5,70,2.0,1.5,24,DOGEUSDT
28,57.14,-0.0943,-3.12,-7.772,-0.932,39.3,32.1,28.6,6,2.5,70,2.0,2.5,6,DOGEUSDT
28,60.71,0.0665,1.298,-7.772,0.63,50.0,32.1,17.9,6,2.5,70,2.0,2.5,12,DOGEUSDT
28,64.29,0.1745,4.333,-7.772,1.562,60.7,35.7,3.6,6,2.5,70,2.0,2.5,24,DOGEUSDT
24,58.33,-0.3866,-9.5,-12.55,-3.121,33.3,25.0,41.7,6,2.5,70,2.0,4.0,6,DOGEUSDT
23,60.87,-0.2121,-5.457,-12.55,-1.626,47.8,26.1,26.1,6,2.5,70,2.0,4.0,12,DOGEUSDT
22,63.64,-0.3905,-9.064,-13.102,-2.641,59.1,31.8,9.1,6,2.5,70,2.0,4.0,24,DOGEUSDT
30,46.67,0.0995,2.473,-7.053,0.998,26.7,46.7,26.7,6,2.5,70,3.0,1.5,6,DOGEUSDT
29,41.38,0.0023,-0.529,-8.649,0.021,31.0,55.2,13.8,6,2.5,70,3.0,1.5,12,DOGEUSDT
29,41.38,0.1208,2.878,-8.649,1.074,34.5,58.6,6.9,6,2.5,70,3.0,1.5,24,DOGEUSDT
28,57.14,0.197,4.912,-5.362,1.664,32.1,32.1,35.7,6,2.5,70,3.0,2.5,6,DOGEUSDT
27,55.56,0.3209,8.2,-5.269,2.565,40.7,33.3,25.9,6,2.5,70,3.0,2.5,12,DOGEUSDT
26,57.69,0.2746,6.466,-8.952,2.033,42.3,42.3,15.4,6,2.5,70,3.0,2.5,24,DOGEUSDT
24,58.33,-0.1076,-3.381,-10.824,-0.774,29.2,25.0,45.8,6,2.5,70,3.0,4.0,6,DOGEUSDT
23,60.87,0.2045,3.822,-10.824,1.366,43.5,26.1,30.4,6,2.5,70,3.0,4.0,12,DOGEUSDT
22,63.64,0.1065,1.188,-10.824,0.629,50.0,31.8,18.2,6,2.5,70,3.0,4.0,24,DOGEUSDT
171,58.48,-0.1352,-21.497,-28.32,-2.318,52.6,29.8,17.5,12,1.0,55,1.0,1.5,6,DOGEUSDT
158,58.23,-0.1637,-23.681,-29.692,-2.622,57.6,37.3,5.1,12,1.0,55,1.0,1.5,12,DOGEUSDT
153,60.78,-0.1504,-21.475,-27.082,-2.354,60.8,39.2,0.0,12,1.0,55,1.0,1.5,24,DOGEUSDT
147,61.22,-0.1175,-16.857,-27.792,-1.782,55.1,13.6,31.3,12,1.0,55,1.0,2.5,6,DOGEUSDT
122,68.03,-0.1185,-14.592,-25.002,-1.555,65.6,22.1,12.3,12,1.0,55,1.0,2.5,12,DOGEUSDT
114,71.93,-0.1101,-12.997,-22.968,-1.371,71.1,26.3,2.6,12,1.0,55,1.0,2.5,24,DOGEUSDT
140,61.43,-0.1373,-18.645,-29.345,-1.876,55.0,5.7,39.3,12,1.0,55,1.0,4.0,6,DOGEUSDT
110,68.18,-0.2395,-24.517,-34.168,-2.597,65.5,12.7,21.8,12,1.0,55,1.0,4.0,12,DOGEUSDT
96,72.92,-0.3067,-26.959,-33.856,-2.96,70.8,18.8,10.4,12,1.0,55,1.0,4.0,24,DOGEUSDT
158,53.16,-0.0849,-13.692,-22.688,-1.262,36.1,32.9,31.0,12,1.0,55,1.5,1.5,6,DOGEUSDT
134,52.99,-0.0731,-10.57,-19.593,-0.98,47.0,41.8,11.2,12,1.0,55,1.5,1.5,12,DOGEUSDT
131,54.96,-0.043,-6.825,-15.757,-0.555,52.7,45.0,2.3,12,1.0,55,1.5,1.5,24,DOGEUSDT
134,54.48,-0.0714,-10.383,-24.673,-0.953,38.8,14.9,46.3,12,1.0,55,1.5,2.5,6,DOGEUSDT
105,60.95,-0.0871,-10.113,-20.609,-0.986,49.5,24.8,25.7,12,1.0,55,1.5,2.5,12,DOGEUSDT
98,61.22,-0.1613,-16.048,-24.469,-1.675,55.1,33.7,11.2,12,1.0,55,1.5,2.5,24,DOGEUSDT
129,56.59,-0.0884,-12.252,-26.782,-1.059,39.5,7.0,53.5,12,1.0,55,1.5,4.0,6,DOGEUSDT
95,61.05,-0.2015,-19.004,-28.536,-1.933,50.5,14.7,34.7,12,1.0,55,1.5,4.0,12,DOGEUSDT
85,65.88,-0.1516,-13.85,-26.339,-1.343,58.8,18.8,22.4,12,1.0,55,1.5,4.0,24,DOGEUSDT
151,49.67,-0.0869,-13.604,-25.997,-1.178,23.2,35.8,41.1,12,1.0,55,2.0,1.5,6,DOGEUSDT
124,48.39,-0.034,-5.657,-19.462,-0.403,36.3,44.4,19.4,12,1.0,55,2.0,1.5,12,DOGEUSDT
118,49.15,0.0234,1.026,-13.405,0.26,45.8,50.0,4.2,12,1.0,55,2.0,1.5,24,DOGEUSDT
131,52.67,-0.0851,-11.92,-28.187,-1.066,22.1,16.0,61.8,12,1.0,55,2.0,2.5,6,DOGEUSDT
98,57.14,-0.0528,-6.674,-18.956,-0.539,39.8,26.5,33.7,12,1.0,55,2.0,2.5,12,DOGEUSDT
90,55.56,-0.1368,-13.246,-23.051,-1.279,45.6,36.7,17.8,12,1.0,55,2.0,2.5,24,DOGEUSDT
123,52.85,-0.1561,-18.948,-33.612,-1.757,22.0,7.3,70.7,12,1.0,55,2.0,4.0,6,DOGEUSDT
89,57.3,-0.1897,-17.31,-26.4,-1.679,39.3,15.7,44.9,12,1.0,55,2.0,4.0,12,DOGEUSDT
75,60.0,-0.1527,-12.738,-27.262,-1.225,48.0,21.3,30.7,12,1.0,55,2.0,4.0,24,DOGEUSDT
148,49.32,-0.0128,-3.608,-20.388,-0.157,12.8,35.1,52.0,12,1.0,55,3.0,1.5,6,DOGEUSDT
117,43.59,-0.0069,-2.723,-17.693,-0.072,20.5,47.0,32.5,12,1.0,55,3.0,1.5,12,DOGEUSDT
107,41.12,-0.0145,-3.655,-17.014,-0.136,27.1,57.9,15.0,12,1.0,55,3.0,1.5,24,DOGEUSDT
128,50.78,-0.0904,-12.501,-26.437,-1.037,12.5,16.4,71.1,12,1.0,55,3.0,2.5,6,DOGEUSDT
93,51.61,-0.0355,-5.273,-19.543,-0.318,24.7,29.0,46.2,12,1.0,55,3.0,2.5,12,DOGEUSDT
81,49.38,-0.136,-12.434,-23.422,-1.102,29.6,40.7,29.6,12,1.0,55,3.0,2.5,24,DOGEUSDT
120,50.83,-0.1688,-19.983,-31.95,-1.763,12.5,7.5,80.0,12,1.0,55,3.0,4.0,6,DOGEUSDT
86,52.33,-0.1404,-13.539,-23.43,-1.126,23.3,15.1,61.6,12,1.0,55,3.0,4.0,12,DOGEUSDT
69,52.17,-0.171,-13.389,-22.633,-1.204,33.3,23.2,43.5,12,1.0,55,3.0,4.0,24,DOGEUSDT
124,54.84,-0.212,-23.761,-26.195,-3.539,50.0,34.7,15.3,12,1.0,60,1.0,1.5,6,DOGEUSDT
117,56.41,-0.205,-22.008,-24.498,-3.276,55.6,38.5,6.0,12,1.0,60,1.0,1.5,12,DOGEUSDT
113,58.41,-0.2137,-22.15,-25.279,-3.321,57.5,41.6,0.9,12,1.0,60,1.0,1.5,24,DOGEUSDT
104,57.69,-0.176,-17.49,-24.696,-2.568,53.8,16.3,29.8,12,1.0,60,1.0,2.5,6,DOGEUSDT
93,68.82,-0.0946,-9.327,-19.17,-1.249,67.7,21.5,10.8,12,1.0,60,1.0,2.5,12,DOGEUSDT
89,76.4,0.0151,0.385,-15.631,0.198,74.2,22.5,3.4,12,1.0,60,1.0,2.5,24,DOGEUSDT
97,57.73,-0.2441,-22.06,-28.867,-2.973,53.6,10.3,36.1,12,1.0,60,1.0,4.0,6,DOGEUSDT
83,71.08,-0.166,-13.982,-24.332,-1.829,68.7,12.0,19.3,12,1.0,60,1.0,4.0,12,DOGEUSDT
77,79.22,-0.0936,-8.213,-18.813,-0.963,76.6,15.6,7.8,12,1.0,60,1.0,4.0,24,DOGEUSDT
115,51.3,-0.1479,-16.477,-21.516,-2.171,33.0,37.4,29.6,12,1.0,60,1.5,1.5,6,DOGEUSDT
105,51.43,-0.1321,-13.898,-20.665,-1.763,45.7,43.8,10.5,12,1.0,60,1.5,1.5,12,DOGEUSDT
102,52.94,-0.091,-9.9,-17.345,-1.166,52.0,47.1,1.0,12,1.0,60,1.5,1.5,24,DOGEUSDT
97,52.58,-0.1661,-15.82,-25.999,-2.121,34.0,19.6,46.4,12,1.0,60,1.5,2.5,6,DOGEUSDT
83,61.45,-0.0793,-7.49,-19.957,-0.896,50.6,25.3,24.1,12,1.0,60,1.5,2.5,12,DOGEUSDT
77,66.23,0.0197,0.278,-15.132,0.211,59.7,28.6,11.7,12,1.0,60,1.5,2.5,24,DOGEUSDT
93,54.84,-0.2172,-19.536,-28.816,-2.32,36.6,11.8,51.6,12,1.0,60,1.5,4.0,6,DOGEUSDT
76,64.47,-0.1545,-12.487,-25.457,-1.458,52.6,15.8,31.6,12,1.0,60,1.5,4.0,12,DOGEUSDT
66,68.18,-0.0916,-7.36,-15.959,-0.802,62.1,18.2,19.7,12,1.0,60,1.5,4.0,24,DOGEUSDT
113,48.67,-0.1205,-13.729,-21.613,-1.618,23.9,38.9,37.2,12,1.0,60,2.0,1.5,6,DOGEUSDT
100,47.0,-0.0646,-7.475,-18.251,-0.762,37.0,46.0,17.0,12,1.0,60,2.0,1.5,12,DOGEUSDT
95,48.42,-0.0137,-2.673,-14.829,-0.151,45.3,51.6,3.2,12,1.0,60,2.0,1.5,24,DOGEUSDT
94,48.94,-0.1743,-16.186,-28.192,-2.047,25.5,21.3,53.2,12,1.0,60,2.0,2.5,6,DOGEUSDT
79,55.7,-0.0989,-8.787,-21.577,-1.015,36.7,27.8,35.4,12,1.0,60,2.0,2.5,12,DOGEUSDT
71,59.15,-0.0154,-2.549,-18.428,-0.144,49.3,33.8,16.9,12,1.0,60,2.0,2.5,24,DOGEUSDT
89,50.56,-0.2584,-21.918,-32.032,-2.537,27.0,13.5,59.6,12,1.0,60,2.0,4.0,6,DOGEUSDT
73,58.9,-0.1869,-14.336,-27.265,-1.613,38.4,17.8,43.8,12,1.0,60,2.0,4.0,12,DOGEUSDT
61,60.66,-0.202,-13.29,-22.435,-1.55,50.8,23.0,26.2,12,1.0,60,2.0,4.0,24,DOGEUSDT
112,48.21,-0.025,-4.142,-15.435,-0.297,15.2,38.4,46.4,12,1.0,60,3.0,1.5,6,DOGEUSDT
96,40.62,-0.0517,-6.359,-18.538,-0.539,20.8,47.9,31.2,12,1.0,60,3.0,1.5,12,DOGEUSDT
89,41.57,0.02,-0.037,-13.493,0.189,28.1,56.2,15.7,12,1.0,60,3.0,1.5,24,DOGEUSDT
93,46.24,-0.1703,-15.92,-24.219,-1.823,14.0,21.5,64.5,12,1.0,60,3.0,2.5,6,DOGEUSDT
75,46.67,-0.1316,-10.921,-18.529,-1.186,24.0,30.7,45.3,12,1.0,60,3.0,2.5,12,DOGEUSDT
67,50.75,-0.1251,-9.713,-17.403,-1.022,29.9,38.8,31.3,12,1.0,60,3.0,2.5,24,DOGEUSDT
88,47.73,-0.2439,-20.907,-28.087,-2.215,15.9,13.6,70.5,12,1.0,60,3.0,4.0,6,DOGEUSDT
69,49.28,-0.256,-17.898,-26.361,-2.027,21.7,17.4,60.9,12,1.0,60,3.0,4.0,12,DOGEUSDT
56,53.57,-0.2575,-15.212,-21.307,-1.821,30.4,23.2,46.4,12,1.0,60,3.0,4.0,24,DOGEUSDT
78,61.54,-0.1031,-8.198,-14.945,-1.74,55.1,32.1,12.8,12,1.0,65,1.0,1.5,6,DOGEUSDT
76,61.84,-0.0873,-6.911,-13.597,-1.421,60.5,34.2,5.3,12,1.0,65,1.0,1.5,12,DOGEUSDT
76,64.47,-0.0582,-4.847,-13.565,-0.929,64.5,35.5,0.0,12,1.0,65,1.0,1.5,24,DOGEUSDT
69,63.77,-0.2419,-15.995,-19.073,-3.218,55.1,23.2,21.7,12,1.0,65,1.0,2.5,6,DOGEUSDT
64,64.06,-0.2763,-16.871,-20.351,-3.424,62.5,26.6,10.9,12,1.0,65,1.0,2.5,12,DOGEUSDT
63,71.43,-0.175,-11.159,-15.946,-2.118,69.8,28.6,1.6,12,1.0,65,1.0,2.5,24,DOGEUSDT
65,69.23,-0.2967,-18.415,-21.505,-3.21,58.5,13.8,27.7,12,1.0,65,1.0,4.0,6,DOGEUSDT
57,70.18,-0.2578,-14.54,-20.304,-2.657,68.4,15.8,15.8,12,1.0,65,1.0,4.0,12,DOGEUSDT
55,78.18,-0.155,-9.132,-19.386,-1.536,76.4,18.2,5.5,12,1.0,65,1.0,4.0,24,DOGEUSDT
72,54.17,-0.1549,-11.097,-15.566,-2.291,33.3,37.5,29.2,12,1.0,65,1.5,1.5,6,DOGEUSDT
68,55.88,-0.0147,-1.659,-15.105,-0.2,48.5,38.2,13.2,12,1.0,65,1.5,1.5,12,DOGEUSDT
67,56.72,0.0117,0.051,-15.105,0.151,55.2,43.3,1.5,12,1.0,65,1.5,1.5,24,DOGEUSDT
65,63.08,-0.1104,-7.679,-12.441,-1.341,40.0,23.1,36.9,12,1.0,65,1.5,2.5,6,DOGEUSDT
57,59.65,-0.1204,-7.467,-14.919,-1.306,54.4,28.1,17.5,12,1.0,65,1.5,2.5,12,DOGEUSDT
56,67.86,-0.0112,-1.577,-12.99,-0.116,62.5,32.1,5.4,12,1.0,65,1.5,2.5,24,DOGEUSDT
61,67.21,-0.2397,-14.601,-19.201,-2.39,39.3,14.8,45.9,12,1.0,65,1.5,4.0,6,DOGEUSDT
52,65.38,-0.1099,-6.643,-17.507,-1.003,59.6,17.3,23.1,12,1.0,65,1.5,4.0,12,DOGEUSDT
49,73.47,-0.0672,-4.479,-17.507,-0.566,67.3,22.4,10.2,12,1.0,65,1.5,4.0,24,DOGEUSDT
70,52.86,-0.0678,-5.337,-14.583,-0.893,27.1,38.6,34.3,12,1.0,65,2.0,1.5,6,DOGEUSDT
66,53.03,0.1147,6.944,-13.282,1.361,40.9,39.4,19.7,12,1.0,65,2.0,1.5,12,DOGEUSDT
65,55.38,0.1986,12.698,-13.282,2.223,50.8,44.6,4.6,12,1.0,65,2.0,1.5,24,DOGEUSDT
64,60.94,-0.0441,-3.737,-12.434,-0.481,31.2,25.0,43.8,12,1.0,65,2.0,2.5,6,DOGEUSDT
56,55.36,-0.0276,-2.62,-15.107,-0.265,46.4,30.4,23.2,12,1.0,65,2.0,2.5,12,DOGEUSDT
55,65.45,0.1424,6.848,-14.154,1.304,56.4,34.5,9.1,12,1.0,65,2.0,2.5,24,DOGEUSDT
60,66.67,-0.0939,-6.708,-15.644,-0.865,33.3,15.0,51.7,12,1.0,65,2.0,4.0,6,DOGEUSDT
51,62.75,0.0727,2.387,-14.194,0.608,51.0,17.6,31.4,12,1.0,65,2.0,4.0,12,DOGEUSDT
48,70.83,0.1265,4.696,-14.194,0.981,60.4,22.9,16.7,12,1.0,65,2.0,4.0,24,DOGEUSDT
70,52.86,0.0878,5.277,-11.176,0.989,18.6,38.6,42.9,12,1.0,65,3.0,1.5,6,DOGEUSDT
65,46.15,0.1142,6.555,-16.853,1.2,21.5,41.5,36.9,12,1.0,65,3.0,1.5,12,DOGEUSDT
63,44.44,0.0638,2.8,-16.953,0.609,25.4,54.0,20.6,12,1.0,65,3.0,1.5,24,DOGEUSDT
64,60.94,0.1442,8.274,-8.968,1.382,21.9,25.0,53.1,12,1.0,65,3.0,2.5,6,DOGEUSDT
56,50.0,0.0211,-0.226,-16.35,0.18,26.8,32.1,41.1,12,1.0,65,3.0,2.5,12,DOGEUSDT
53,54.72,-0.0261,-2.916,-18.888,-0.205,30.2,41.5,28.3,12,1.0,65,3.0,2.5,24,DOGEUSDT
60,66.67,0.0613,2.157,-13.518,0.519,20.0,15.0,65.0,12,1.0,65,3.0,4.0,6,DOGEUSDT
50,56.0,0.1164,4.325,-14.723,0.887,28.0,18.0,54.0,12,1.0,65,3.0,4.0,12,DOGEUSDT
43,62.79,0.0711,1.508,-14.456,0.507,30.2,23.3,46.5,12,1.0,65,3.0,4.0,24,DOGEUSDT
41,53.66,-0.2271,-9.164,-11.564,-3.668,53.7,36.6,9.8,12,1.0,70,1.0,1.5,6,DOGEUSDT
41,60.98,-0.1361,-5.709,-10.539,-2.176,58.5,36.6,4.9,12,1.0,70,1.0,1.5,12,DOGEUSDT
41,63.41,-0.0846,-3.7,-9.751,-1.343,63.4,36.6,0.0,12,1.0,70,1.0,1.5,24,DOGEUSDT
37,59.46,-0.3284,-11.848,-11.203,-4.107,59.5,27.0,13.5,12,1.0,70,1.0,2.5,6,DOGEUSDT
36,66.67,-0.2819,-10.072,-10.666,-3.414,63.9,27.8,8.3,12,1.0,70,1.0,2.5,12,DOGEUSDT
36,69.44,-0.2394,-8.703,-10.666,-2.837,69.4,30.6,0.0,12,1.0,70,1.0,2.5,24,DOGEUSDT
35,65.71,-0.3271,-11.387,-10.529,-3.356,62.9,17.1,20.0,12,1.0,70,1.0,4.0,6,DOGEUSDT
33,72.73,-0.2645,-8.944,-10.529,-2.615,69.7,18.2,12.1,12,1.0,70,1.0,4.0,12,DOGEUSDT
33,78.79,-0.2306,-7.988,-10.642,-2.155,78.8,21.2,0.0,12,1.0,70,1.0,4.0,24,DOGEUSDT
40,55.0,-0.0762,-3.354,-7.538,-1.084,40.0,37.5,22.5,12,1.0,70,1.5,1.5,6,DOGEUSDT
39,56.41,-0.007,-0.662,-7.527,-0.094,48.7,38.5,12.8,12,1.0,70,1.5,1.5,12,DOGEUSDT
39,58.97,0.0992,3.503,-7.527,1.285,59.0,41.0,0.0,12,1.0,70,1.5,1.5,24,DOGEUSDT
35,54.29,-0.3068,-10.642,-11.078,-3.492,40.0,28.6,31.4,12,1.0,70,1.5,2.5,6,DOGEUSDT
33,63.64,-0.1267,-4.621,-9.182,-1.335,54.5,30.3,15.2,12,1.0,70,1.5,2.5,12,DOGEUSDT
33,66.67,-0.0033,-0.7,-9.182,-0.034,66.7,33.3,0.0,12,1.0,70,1.5,2.5,24,DOGEUSDT
33,57.58,-0.4953,-15.73,-14.357,-4.551,36.4,21.2,42.4,12,1.0,70,1.5,4.0,6,DOGEUSDT
30,66.67,-0.2754,-8.667,-12.255,-2.31,56.7,23.3,20.0,12,1.0,70,1.5,4.0,12,DOGEUSDT
30,73.33,-0.1367,-4.885,-13.663,-1.074,73.3,26.7,0.0,12,1.0,70,1.5,4.0,24,DOGEUSDT
39,53.85,0.0608,1.929,-6.272,0.756,35.9,38.5,25.6,12,1.0,70,2.0,1.5,6,DOGEUSDT
37,51.35,0.0559,1.576,-6.272,0.646,43.2,43.2,13.5,12,1.0,70,2.0,1.5,12,DOGEUSDT
37,54.05,0.2219,7.939,-6.272,2.43,54.1,45.9,0.0,12,1.0,70,2.0,1.5,24,DOGEUSDT
35,54.29,-0.1282,-4.973,-8.804,-1.316,37.1,28.6,34.3,12,1.0,70,2.0,2.5,6,DOGEUSDT
32,59.38,-0.0094,-0.945,-7.772,-0.09,46.9,31.2,21.9,12,1.0,70,2.0,2.5,12,DOGEUSDT
32,62.5,0.1002,2.487,-7.772,0.887,59.4,37.5,3.1,12,1.0,70,2.0,2.5,24,DOGEUSDT
33,57.58,-0.3362,-11.262,-10.95,-2.883,33.3,21.2,45.5,12,1.0,70,2.0,4.0,6,DOGEUSDT
29,62.07,-0.1683,-5.613,-10.95,-1.309,48.3,24.1,27.6,12,1.0,70,2.0,4.0,12,DOGEUSDT
28,67.86,-0.1289,-4.585,-11.512,-0.894,64.3,28.6,7.1,12,1.0,70,2.0,4.0,24,DOGEUSDT
39,53.85,0.3077,11.98,-4.927,3.169,25.6,38.5,35.9,12,1.0,70,3.0,1.5,6,DOGEUSDT
36,47.22,0.2007,6.712,-5.287,1.908,30.6,47.2,22.2,12,1.0,70,3.0,1.5,12,DOGEUSDT
36,47.22,0.3678,13.171,-4.973,3.233,38.9,52.8,8.3,12,1.0,70,3.0,1.5,24,DOGEUSDT
35,54.29,0.1469,4.398,-5.671,1.285,28.6,28.6,42.9,12,1.0,70,3.0,2.5,6,DOGEUSDT
31,54.84,0.214,5.942,-6.994,1.74,35.5,32.3,32.3,12,1.0,70,3.0,2.5,12,DOGEUSDT
30,56.67,0.2129,5.533,-6.375,1.579,40.0,43.3,16.7,12,1.0,70,3.0,2.5,24,DOGEUSDT
33,57.58,-0.0584,-2.945,-9.505,-0.442,27.3,21.2,51.5,12,1.0,70,3.0,4.0,6,DOGEUSDT
29,62.07,0.1914,4.512,-9.505,1.314,37.9,24.1,37.9,12,1.0,70,3.0,4.0,12,DOGEUSDT
28,67.86,0.296,7.159,-9.505,1.821,46.4,28.6,25.0,12,1.0,70,3.0,4.0,24,DOGEUSDT
141,58.87,-0.0767,-11.032,-19.233,-1.325,56.0,27.7,16.3,12,1.5,55,1.0,1.5,6,DOGEUSDT
131,61.07,-0.1003,-13.124,-21.424,-1.623,60.3,35.1,4.6,12,1.5,55,1.0,1.5,12,DOGEUSDT
128,63.28,-0.088,-11.485,-19.496,-1.395,63.3,36.7,0.0,12,1.5,55,1.0,1.5,24,DOGEUSDT
124,61.29,-0.088,-11.269,-20.728,-1.309,58.1,15.3,26.6,12,1.5,55,1.0,2.5,6,DOGEUSDT
110,70.0,-0.0444,-5.834,-19.829,-0.597,68.2,20.9,10.9,12,1.5,55,1.0,2.5,12,DOGEUSDT
105,74.29,-0.0241,-3.631,-15.315,-0.309,73.3,23.8,2.9,12,1.5,55,1.0,2.5,24,DOGEUSDT
117,64.1,-0.0662,-8.596,-19.788,-0.877,59.8,6.8,33.3,12,1.5,55,1.0,4.0,6,DOGEUSDT
98,71.43,-0.1355,-13.732,-24.691,-1.501,68.4,12.2,19.4,12,1.5,55,1.0,4.0,12,DOGEUSDT
89,75.28,-0.1808,-16.242,-26.009,-1.83,73.0,16.9,10.1,12,1.5,55,1.0,4.0,24,DOGEUSDT
130,52.31,-0.0564,-8.066,-19.868,-0.837,36.9,32.3,30.8,12,1.5,55,1.5,1.5,6,DOGEUSDT
114,56.14,0.0041,-0.699,-16.557,0.055,50.9,40.4,8.8,12,1.5,55,1.5,1.5,12,DOGEUSDT
111,56.76,0.0255,1.62,-12.45,0.329,55.9,43.2,0.9,12,1.5,55,1.5,1.5,24,DOGEUSDT
114,55.26,-0.0433,-5.958,-20.697,-0.571,38.6,16.7,44.7,12,1.5,55,1.5,2.5,6,DOGEUSDT
91,63.74,0.0176,0.31,-19.024,0.2,54.9,24.2,20.9,12,1.5,55,1.5,2.5,12,DOGEUSDT
86,66.28,0.0524,3.143,-14.113,0.555,64.0,29.1,7.0,12,1.5,55,1.5,2.5,24,DOGEUSDT
107,58.88,-0.007,-2.142,-19.408,-0.083,41.1,7.5,51.4,12,1.5,55,1.5,4.0,6,DOGEUSDT
87,66.67,-0.0609,-6.87,-23.572,-0.575,58.6,14.9,26.4,12,1.5,55,1.5,4.0,12,DOGEUSDT
75,68.0,-0.0968,-8.698,-19.567,-0.844,65.3,18.7,16.0,12,1.5,55,1.5,4.0,24,DOGEUSDT
125,48.8,-0.0541,-7.714,-21.928,-0.727,25.6,35.2,39.2,12,1.5,55,2.0,1.5,6,DOGEUSDT
104,50.96,0.0836,7.584,-16.193,0.978,41.3,42.3,16.3,12,1.5,55,2.0,1.5,12,DOGEUSDT
101,51.49,0.1285,12.145,-12.213,1.421,49.5,47.5,3.0,12,1.5,55,2.0,1.5,24,DOGEUSDT
110,51.82,-0.0477,-6.436,-21.876,-0.572,27.3,18.2,54.5,12,1.5,55,2.0,2.5,6,DOGEUSDT
85,58.82,0.088,6.161,-18.362,0.897,44.7,25.9,29.4,12,1.5,55,2.0,2.5,12,DOGEUSDT
80,60.0,0.1319,9.239,-16.348,1.222,56.2,32.5,11.2,12,1.5,55,2.0,2.5,24,DOGEUSDT
103,54.37,-0.0039,-2.028,-22.057,-0.042,31.1,7.8,61.2,12,1.5,55,2.0,4.0,6,DOGEUSDT
80,60.0,-0.0645,-6.948,-25.652,-0.55,46.2,16.2,37.5,12,1.5,55,2.0,4.0,12,DOGEUSDT
67,62.69,0.0167,-0.829,-15.461,0.133,56.7,19.4,23.9,12,1.5,55,2.0,4.0,24,DOGEUSDT
122,46.72,0.0285,1.919,-13.752,0.338,16.4,34.4,49.2,12,1.5,55,3.0,1.5,6,DOGEUSDT
97,44.33,0.087,7.005,-13.492,0.894,22.7,44.3,33.0,12,1.5,55,3.0,1.5,12,DOGEUSDT
92,42.39,0.0825,5.825,-13.664,0.768,29.3,55.4,15.2,12,1.5,55,3.0,1.5,24,DOGEUSDT
107,48.6,-0.0351,-5.282,-21.21,-0.38,16.8,18.7,64.5,12,1.5,55,3.0,2.5,6,DOGEUSDT
81,51.85,0.1038,6.783,-15.082,0.929,25.9,27.2,46.9,12,1.5,55,3.0,2.5,12,DOGEUSDT
74,54.05,0.1067,5.948,-16.377,0.853,33.8,36.5,29.7,12,1.5,55,3.0,2.5,24,DOGEUSDT
100,52.0,0.0362,1.703,-17.752,0.353,19.0,8.0,73.0,12,1.5,55,3.0,4.0,6,DOGEUSDT
76,52.63,-0.0246,-4.084,-21.459,-0.192,26.3,15.8,57.9,12,1.5,55,3.0,4.0,12,DOGEUSDT
64,57.81,0.1338,6.418,-13.584,0.949,35.9,20.3,43.8,12,1.5,55,3.0,4.0,24,DOGEUSDT
110,58.18,-0.116,-12.628,-18.775,-1.934,56.4,31.8,11.8,12,1.5,60,1.0,1.5,6,DOGEUSDT
106,60.38,-0.1211,-12.715,-19.327,-1.951,59.4,35.8,4.7,12,1.5,60,1.0,1.5,12,DOGEUSDT
103,63.11,-0.0923,-9.759,-18.027,-1.462,63.1,36.9,0.0,12,1.5,60,1.0,1.5,24,DOGEUSDT
95,62.11,-0.0927,-9.203,-19.45,-1.335,60.0,16.8,23.2,12,1.5,60,1.0,2.5,6,DOGEUSDT
88,69.32,-0.0896,-8.448,-18.861,-1.178,68.2,21.6,10.2,12,1.5,60,1.0,2.5,12,DOGEUSDT
86,76.74,0.0124,0.114,-15.631,0.16,75.6,23.3,1.2,12,1.5,60,1.0,2.5,24,DOGEUSDT
89,65.17,-0.1059,-10.015,-17.694,-1.288,61.8,10.1,28.1,12,1.5,60,1.0,4.0,6,DOGEUSDT
78,73.08,-0.0981,-8.429,-18.32,-1.105,70.5,11.5,17.9,12,1.5,60,1.0,4.0,12,DOGEUSDT
73,82.19,0.0116,-0.362,-14.358,0.123,80.8,15.1,4.1,12,1.5,60,1.0,4.0,24,DOGEUSDT
100,53.0,-0.0652,-7.115,-15.203,-0.951,37.0,35.0,28.0,12,1.5,60,1.5,1.5,6,DOGEUSDT
91,53.85,-0.0458,-4.985,-17.245,-0.608,49.5,41.8,8.8,12,1.5,60,1.5,1.5,12,DOGEUSDT
88,55.68,0.0005,-0.935,-13.172,0.006,55.7,44.3,0.0,12,1.5,60,1.5,1.5,24,DOGEUSDT
87,55.17,-0.1122,-10.225,-22.43,-1.406,36.8,20.7,42.5,12,1.5,60,1.5,2.5,6,DOGEUSDT
74,60.81,-0.0577,-5.227,-19.355,-0.644,54.1,25.7,20.3,12,1.5,60,1.5,2.5,12,DOGEUSDT
70,65.71,0.0394,1.629,-14.003,0.419,62.9,28.6,8.6,12,1.5,60,1.5,2.5,24,DOGEUSDT
82,59.76,-0.0943,-8.648,-21.067,-1.017,40.2,11.0,48.8,12,1.5,60,1.5,4.0,6,DOGEUSDT
68,64.71,-0.0827,-6.784,-21.608,-0.786,57.4,14.7,27.9,12,1.5,60,1.5,4.0,12,DOGEUSDT
59,71.19,0.0711,2.875,-10.3,0.639,69.5,16.9,13.6,12,1.5,60,1.5,4.0,24,DOGEUSDT
98,50.0,-0.0265,-3.558,-15.99,-0.348,27.6,36.7,35.7,12,1.5,60,2.0,1.5,6,DOGEUSDT
87,49.43,0.0558,3.741,-15.698,0.647,42.5,43.7,13.8,12,1.5,60,2.0,1.5,12,DOGEUSDT
83,51.81,0.1167,8.799,-12.3,1.286,49.4,48.2,2.4,12,1.5,60,2.0,1.5,24,DOGEUSDT
85,50.59,-0.1195,-10.742,-25.226,-1.36,28.2,22.4,49.4,12,1.5,60,2.0,2.5,6,DOGEUSDT
72,55.56,-0.0218,-2.842,-20.765,-0.219,43.1,27.8,29.2,12,1.5,60,2.0,2.5,12,DOGEUSDT
67,59.7,0.0692,3.264,-18.428,0.643,53.7,32.8,13.4,12,1.5,60,2.0,2.5,24,DOGEUSDT
80,55.0,-0.093,-8.606,-23.437,-0.909,32.5,12.5,55.0,12,1.5,60,2.0,4.0,6,DOGEUSDT
67,58.21,-0.1185,-9.198,-24.249,-1.011,44.8,16.4,38.8,12,1.5,60,2.0,4.0,12,DOGEUSDT
56,64.29,0.0012,-1.626,-17.303,0.01,57.1,21.4,21.4,12,1.5,60,2.0,4.0,24,DOGEUSDT
97,48.45,0.0882,7.475,-9.05,1.01,18.6,36.1,45.4,12,1.5,60,3.0,1.5,6,DOGEUSDT
83,42.17,0.0748,4.844,-11.879,0.755,24.1,45.8,30.1,12,1.5,60,3.0,1.5,12,DOGEUSDT
79,43.04,0.1054,6.884,-10.695,0.978,30.4,54.4,15.2,12,1.5,60,3.0,1.5,24,DOGEUSDT
84,47.62,-0.0599,-6.295,-20.23,-0.612,17.9,22.6,59.5,12,1.5,60,3.0,2.5,6,DOGEUSDT
69,47.83,0.0253,0.096,-17.443,0.221,27.5,29.0,43.5,12,1.5,60,3.0,2.5,12,DOGEUSDT
64,51.56,0.0137,-0.957,-16.529,0.109,34.4,37.5,28.1,12,1.5,60,3.0,2.5,24,DOGEUSDT
79,53.16,0.0064,-1.332,-16.006,0.057,20.3,12.7,67.1,12,1.5,60,3.0,4.0,6,DOGEUSDT
63,49.21,-0.0771,-6.558,-23.143,-0.598,27.0,15.9,57.1,12,1.5,60,3.0,4.0,12,DOGEUSDT
51,56.86,0.0044,-1.618,-15.439,0.031,33.3,21.6,45.1,12,1.5,60,3.0,4.0,24,DOGEUSDT
74,59.46,-0.124,-9.227,-15.123,-2.048,56.8,33.8,9.5,12,1.5,65,1.0,1.5,6,DOGEUSDT
72,61.11,-0.1218,-8.87,-15.013,-1.956,59.7,36.1,4.2,12,1.5,65,1.0,1.5,12,DOGEUSDT
72,63.89,-0.0728,-5.601,-13.565,-1.158,63.9,36.1,0.0,12,1.5,65,1.0,1.5,24,DOGEUSDT
65,61.54,-0.2741,-16.937,-19.889,-3.56,56.9,24.6,18.5,12,1.5,65,1.0,2.5,6,DOGEUSDT
60,63.33,-0.3303,-18.621,-22.028,-4.015,61.7,28.3,10.0,12,1.5,65,1.0,2.5,12,DOGEUSDT
60,70.0,-0.2253,-13.335,-17.202,-2.688,68.3,30.0,1.7,12,1.5,65,1.0,2.5,24,DOGEUSDT
61,67.21,-0.3347,-19.329,-22.385,-3.524,60.7,14.8,24.6,12,1.5,65,1.0,4.0,6,DOGEUSDT
53,69.81,-0.3175,-16.339,-21.981,-3.187,67.9,17.0,15.1,12,1.5,65,1.0,4.0,12,DOGEUSDT
52,76.92,-0.2118,-11.357,-19.386,-2.057,75.0,19.2,5.8,12,1.5,65,1.0,4.0,24,DOGEUSDT
68,51.47,-0.1714,-11.545,-15.856,-2.468,35.3,39.7,25.0,12,1.5,65,1.5,1.5,6,DOGEUSDT
64,54.69,-0.0413,-3.248,-15.74,-0.549,50.0,40.6,9.4,12,1.5,65,1.5,1.5,12,DOGEUSDT
63,55.56,-0.0033,-0.908,-15.105,-0.043,55.6,44.4,0.0,12,1.5,65,1.5,1.5,24,DOGEUSDT
61,60.66,-0.1259,-8.144,-12.882,-1.483,42.6,24.6,32.8,12,1.5,65,1.5,2.5,6,DOGEUSDT
53,58.49,-0.1604,-8.962,-16.47,-1.691,56.6,30.2,13.2,12,1.5,65,1.5,2.5,12,DOGEUSDT
53,66.04,-0.0439,-3.226,-12.99,-0.445,64.2,34.0,1.9,12,1.5,65,1.5,2.5,24,DOGEUSDT
57,64.91,-0.2654,-15.031,-19.608,-2.561,42.1,15.8,42.1,12,1.5,65,1.5,4.0,6,DOGEUSDT
48,64.58,-0.1532,-8.151,-17.803,-1.352,62.5,18.8,18.8,12,1.5,65,1.5,4.0,12,DOGEUSDT
46,71.74,-0.1086,-6.079,-17.704,-0.89,69.6,23.9,6.5,12,1.5,65,1.5,4.0,24,DOGEUSDT
66,50.0,-0.0796,-5.814,-14.583,-1.018,28.8,40.9,30.3,12,1.5,65,2.0,1.5,6,DOGEUSDT
62,51.61,0.0929,5.041,-13.372,1.076,43.5,41.9,14.5,12,1.5,65,2.0,1.5,12,DOGEUSDT
61,54.1,0.1965,11.698,-13.282,2.168,52.5,45.9,1.6,12,1.5,65,2.0,1.5,24,DOGEUSDT
60,58.33,-0.0554,-4.221,-12.678,-0.586,33.3,26.7,40.0,12,1.5,65,2.0,2.5,6,DOGEUSDT
52,53.85,-0.0645,-4.353,-16.825,-0.601,50.0,32.7,17.3,12,1.5,65,2.0,2.5,12,DOGEUSDT
52,63.46,0.1289,5.651,-14.154,1.149,59.6,36.5,3.8,12,1.5,65,2.0,2.5,24,DOGEUSDT
56,64.29,-0.1096,-7.178,-15.644,-0.977,35.7,16.1,48.2,12,1.5,65,2.0,4.0,6,DOGEUSDT
47,61.7,0.0404,0.565,-14.194,0.326,55.3,19.1,25.5,12,1.5,65,2.0,4.0,12,DOGEUSDT
45,68.89,0.1099,3.524,-14.194,0.825,64.4,24.4,11.1,12,1.5,65,2.0,4.0,24,DOGEUSDT
66,50.0,0.0934,5.283,-11.176,1.016,19.7,40.9,39.4,12,1.5,65,3.0,1.5,6,DOGEUSDT
61,44.26,0.0974,5.001,-17.535,0.995,23.0,44.3,32.8,12,1.5,65,3.0,1.5,12,DOGEUSDT
59,42.37,0.0556,2.079,-16.953,0.52,27.1,55.9,16.9,12,1.5,65,3.0,1.5,24,DOGEUSDT
60,58.33,0.1541,8.281,-9.222,1.424,23.3,26.7,50.0,12,1.5,65,3.0,2.5,6,DOGEUSDT
52,48.08,-0.0056,-1.681,-18.044,-0.046,28.8,34.6,36.5,12,1.5,65,3.0,2.5,12,DOGEUSDT
50,52.0,-0.0265,-2.879,-18.858,-0.2,34.0,44.0,22.0,12,1.5,65,3.0,2.5,24,DOGEUSDT
56,64.29,0.066,2.163,-13.518,0.538,21.4,16.1,62.5,12,1.5,65,3.0,4.0,6,DOGEUSDT
46,54.35,0.0944,2.803,-14.723,0.692,30.4,19.6,50.0,12,1.5,65,3.0,4.0,12,DOGEUSDT
40,60.0,0.0779,1.546,-14.424,0.532,35.0,25.0,40.0,12,1.5,65,3.0,4.0,24,DOGEUSDT
41,53.66,-0.2271,-9.164,-11.564,-3.668,53.7,36.6,9.8,12,1.5,70,1.0,1.5,6,DOGEUSDT
41,60.98,-0.1361,-5.709,-10.539,-2.176,58.5,36.6,4.9,12,1.5,70,1.0,1.5,12,DOGEUSDT
41,63.41,-0.0846,-3.7,-9.751,-1.343,63.4,36.6,0.0,12,1.5,70,1.0,1.5,24,DOGEUSDT
37,59.46,-0.3284,-11.848,-11.203,-4.107,59.5,27.0,13.5,12,1.5,70,1.0,2.5,6,DOGEUSDT
36,66.67,-0.2819,-10.072,-10.666,-3.414,63.9,27.8,8.3,12,1.5,70,1.0,2.5,12,DOGEUSDT
36,69.44,-0.2394,-8.703,-10.666,-2.837,69.4,30.6,0.0,12,1.5,70,1.0,2.5,24,DOGEUSDT
35,65.71,-0.3271,-11.387,-10.529,-3.356,62.9,17.1,20.0,12,1.5,70,1.0,4.0,6,DOGEUSDT
33,72.73,-0.2645,-8.944,-10.529,-2.615,69.7,18.2,12.1,12,1.5,70,1.0,4.0,12,DOGEUSDT
33,78.79,-0.2306,-7.988,-10.642,-2.155,78.8,21.2,0.0,12,1.5,70,1.0,4.0,24,DOGEUSDT
40,55.0,-0.0762,-3.354,-7.538,-1.084,40.0,37.5,22.5,12,1.5,70,1.5,1.5,6,DOGEUSDT
39,56.41,-0.007,-0.662,-7.527,-0.094,48.7,38.5,12.8,12,1.5,70,1.5,1.5,12,DOGEUSDT
39,58.97,0.0992,3.503,-7.527,1.285,59.0,41.0,0.0,12,1.5,70,1.5,1.5,24,DOGEUSDT
35,54.29,-0.3068,-10.642,-11.078,-3.492,40.0,28.6,31.4,12,1.5,70,1.5,2.5,6,DOGEUSDT
33,63.64,-0.1267,-4.621,-9.182,-1.335,54.5,30.3,15.2,12,1.5,70,1.5,2.5,12,DOGEUSDT
33,66.67,-0.0033,-0.7,-9.182,-0.034,66.7,33.3,0.0,12,1.5,70,1.5,2.5,24,DOGEUSDT
33,57.58,-0.4953,-15.73,-14.357,-4.551,36.4,21.2,42.4,12,1.5,70,1.5,4.0,6,DOGEUSDT
30,66.67,-0.2754,-8.667,-12.255,-2.31,56.7,23.3,20.0,12,1.5,70,1.5,4.0,12,DOGEUSDT
30,73.33,-0.1367,-4.885,-13.663,-1.074,73.3,26.7,0.0,12,1.5,70,1.5,4.0,24,DOGEUSDT
39,53.85,0.0608,1.929,-6.272,0.756,35.9,38.5,25.6,12,1.5,70,2.0,1.5,6,DOGEUSDT
37,51.35,0.0559,1.576,-6.272,0.646,43.2,43.2,13.5,12,1.5,70,2.0,1.5,12,DOGEUSDT
37,54.05,0.2219,7.939,-6.272,2.43,54.1,45.9,0.0,12,1.5,70,2.0,1.5,24,DOGEUSDT
35,54.29,-0.1282,-4.973,-8.804,-1.316,37.1,28.6,34.3,12,1.5,70,2.0,2.5,6,DOGEUSDT
32,59.38,-0.0094,-0.945,-7.772,-0.09,46.9,31.2,21.9,12,1.5,70,2.0,2.5,12,DOGEUSDT
32,62.5,0.1002,2.487,-7.772,0.887,59.4,37.5,3.1,12,1.5,70,2.0,2.5,24,DOGEUSDT
33,57.58,-0.3362,-11.262,-10.95,-2.883,33.3,21.2,45.5,12,1.5,70,2.0,4.0,6,DOGEUSDT
29,62.07,-0.1683,-5.613,-10.95,-1.309,48.3,24.1,27.6,12,1.5,70,2.0,4.0,12,DOGEUSDT
28,67.86,-0.1289,-4.585,-11.512,-0.894,64.3,28.6,7.1,12,1.5,70,2.0,4.0,24,DOGEUSDT
39,53.85,0.3077,11.98,-4.927,3.169,25.6,38.5,35.9,12,1.5,70,3.0,1.5,6,DOGEUSDT
36,47.22,0.2007,6.712,-5.287,1.908,30.6,47.2,22.2,12,1.5,70,3.0,1.5,12,DOGEUSDT
36,47.22,0.3678,13.171,-4.973,3.233,38.9,52.8,8.3,12,1.5,70,3.0,1.5,24,DOGEUSDT
35,54.29,0.1469,4.398,-5.671,1.285,28.6,28.6,42.9,12,1.5,70,3.0,2.5,6,DOGEUSDT
31,54.84,0.214,5.942,-6.994,1.74,35.5,32.3,32.3,12,1.5,70,3.0,2.5,12,DOGEUSDT
30,56.67,0.2129,5.533,-6.375,1.579,40.0,43.3,16.7,12,1.5,70,3.0,2.5,24,DOGEUSDT
33,57.58,-0.0584,-2.945,-9.505,-0.442,27.3,21.2,51.5,12,1.5,70,3.0,4.0,6,DOGEUSDT
29,62.07,0.1914,4.512,-9.505,1.314,37.9,24.1,37.9,12,1.5,70,3.0,4.0,12,DOGEUSDT
28,67.86,0.296,7.159,-9.505,1.821,46.4,28.6,25.0,12,1.5,70,3.0,4.0,24,DOGEUSDT
95,62.11,-0.0603,-6.165,-17.784,-0.999,60.0,31.6,8.4,12,2.5,55,1.0,1.5,6,DOGEUSDT
93,65.59,0.0005,-0.586,-15.839,0.008,65.6,32.3,2.2,12,2.5,55,1.0,1.5,12,DOGEUSDT
91,68.13,0.0333,2.438,-15.839,0.546,68.1,31.9,0.0,12,2.5,55,1.0,1.5,24,DOGEUSDT
84,66.67,-0.0688,-6.371,-17.537,-0.958,63.1,19.0,17.9,12,2.5,55,1.0,2.5,6,DOGEUSDT
78,71.79,-0.0082,-1.436,-15.049,-0.109,70.5,21.8,7.7,12,2.5,55,1.0,2.5,12,DOGEUSDT
77,76.62,0.0118,0.055,-14.225,0.152,76.6,23.4,0.0,12,2.5,55,1.0,2.5,24,DOGEUSDT
78,73.08,-0.0024,-1.151,-14.397,-0.03,67.9,9.0,23.1,12,2.5,55,1.0,4.0,6,DOGEUSDT
69,76.81,0.0354,1.484,-16.671,0.408,75.4,11.6,13.0,12,2.5,55,1.0,4.0,12,DOGEUSDT
67,83.58,0.0708,3.768,-13.876,0.775,83.6,13.4,3.0,12,2.5,55,1.0,4.0,24,DOGEUSDT
86,59.3,0.0345,2.234,-11.453,0.498,41.9,33.7,24.4,12,2.5,55,1.5,1.5,6,DOGEUSDT
81,58.02,0.0579,3.946,-10.541,0.778,53.1,38.3,8.6,12,2.5,55,1.5,1.5,12,DOGEUSDT
79,59.49,0.1148,8.553,-10.055,1.489,59.5,40.5,0.0,12,2.5,55,1.5,1.5,24,DOGEUSDT
76,63.16,0.0334,1.633,-12.822,0.412,46.1,19.7,34.2,12,2.5,55,1.5,2.5,6,DOGEUSDT
65,61.54,0.0292,0.948,-13.083,0.327,56.9,26.2,16.9,12,2.5,55,1.5,2.5,12,DOGEUSDT
64,68.75,0.0825,4.303,-11.418,0.868,65.6,29.7,4.7,12,2.5,55,1.5,2.5,24,DOGEUSDT
70,70.0,0.1376,8.979,-8.554,1.547,50.0,8.6,41.4,12,2.5,55,1.5,4.0,6,DOGEUSDT
59,67.8,0.0996,4.847,-13.131,0.976,62.7,13.6,23.7,12,2.5,55,1.5,4.0,12,DOGEUSDT
55,76.36,0.1544,7.449,-9.514,1.368,74.5,18.2,7.3,12,2.5,55,1.5,4.0,24,DOGEUSDT
83,56.63,0.1006,7.723,-10.451,1.299,32.5,34.9,32.5,12,2.5,55,2.0,1.5,6,DOGEUSDT
77,54.55,0.2078,16.111,-9.024,2.407,48.1,40.3,11.7,12,2.5,55,2.0,1.5,12,DOGEUSDT
74,56.76,0.2981,23.286,-9.024,3.308,54.1,43.2,2.7,12,2.5,55,2.0,1.5,24,DOGEUSDT
75,61.33,0.094,6.106,-12.457,1.043,34.7,21.3,44.0,12,2.5,55,2.0,2.5,6,DOGEUSDT
63,57.14,0.1408,7.982,-12.895,1.391,49.2,28.6,22.2,12,2.5,55,2.0,2.5,12,DOGEUSDT
61,65.57,0.2447,14.551,-11.505,2.248,59.0,32.8,8.2,12,2.5,55,2.0,2.5,24,DOGEUSDT
69,68.12,0.2154,14.538,-10.519,2.155,39.1,10.1,50.7,12,2.5,55,2.0,4.0,6,DOGEUSDT
58,63.79,0.2228,12.17,-13.46,1.933,53.4,15.5,31.0,12,2.5,55,2.0,4.0,12,DOGEUSDT
52,69.23,0.1265,5.022,-15.273,0.959,63.5,23.1,13.5,12,2.5,55,2.0,4.0,24,DOGEUSDT
80,55.0,0.1848,14.661,-7.791,2.133,18.8,33.8,47.5,12,2.5,55,3.0,1.5,6,DOGEUSDT
70,45.71,0.2023,13.783,-6.515,2.049,24.3,42.9,32.9,12,2.5,55,3.0,1.5,12,DOGEUSDT
68,44.12,0.1804,11.369,-10.652,1.641,33.8,54.4,11.8,12,2.5,55,3.0,1.5,24,DOGEUSDT
73,58.9,0.1334,8.766,-10.067,1.336,20.5,21.9,57.5,12,2.5,55,3.0,2.5,6,DOGEUSDT
58,48.28,0.1567,7.981,-10.772,1.359,27.6,31.0,41.4,12,2.5,55,3.0,2.5,12,DOGEUSDT
56,55.36,0.1715,8.204,-9.754,1.324,39.3,37.5,23.2,12,2.5,55,3.0,2.5,24,DOGEUSDT
67,67.16,0.2892,19.564,-8.166,2.637,22.4,10.4,67.2,12,2.5,55,3.0,4.0,6,DOGEUSDT
52,53.85,0.2534,12.321,-9.592,1.995,28.8,15.4,55.8,12,2.5,55,3.0,4.0,12,DOGEUSDT
46,58.7,0.0704,1.415,-15.486,0.479,37.0,23.9,39.1,12,2.5,55,3.0,4.0,24,DOGEUSDT
84,60.71,-0.0987,-8.496,-19.185,-1.611,59.5,33.3,7.1,12,2.5,60,1.0,1.5,6,DOGEUSDT
82,63.41,-0.0498,-4.552,-17.875,-0.808,63.4,34.1,2.4,12,2.5,60,1.0,1.5,12,DOGEUSDT
80,66.25,-0.0137,-1.649,-17.875,-0.222,66.2,33.8,0.0,12,2.5,60,1.0,1.5,24,DOGEUSDT
74,66.22,-0.1071,-8.304,-18.25,-1.455,63.5,20.3,16.2,12,2.5,60,1.0,2.5,6,DOGEUSDT
69,69.57,-0.0615,-4.872,-15.557,-0.804,69.6,23.2,7.2,12,2.5,60,1.0,2.5,12,DOGEUSDT
68,76.47,0.0065,-0.318,-14.738,0.083,76.5,23.5,0.0,12,2.5,60,1.0,2.5,24,DOGEUSDT
69,73.91,-0.0171,-2.064,-14.149,-0.205,69.6,10.1,20.3,12,2.5,60,1.0,4.0,6,DOGEUSDT
61,75.41,0.0191,0.304,-15.175,0.219,75.4,11.5,13.1,12,2.5,60,1.0,4.0,12,DOGEUSDT
60,85.0,0.1161,6.239,-12.329,1.289,85.0,13.3,1.7,12,2.5,60,1.0,4.0,24,DOGEUSDT
75,58.67,0.0071,-0.155,-13.484,0.1,41.3,36.0,22.7,12,2.5,60,1.5,1.5,6,DOGEUSDT
71,57.75,0.0632,3.84,-12.083,0.849,53.5,38.0,8.5,12,2.5,60,1.5,1.5,12,DOGEUSDT
69,60.87,0.1561,10.54,-12.083,2.037,60.9,39.1,0.0,12,2.5,60,1.5,1.5,24,DOGEUSDT
66,62.12,-0.0615,-4.816,-17.669,-0.726,43.9,22.7,33.3,12,2.5,60,1.5,2.5,6,DOGEUSDT
57,59.65,-0.0416,-3.192,-14.442,-0.457,56.1,28.1,15.8,12,2.5,60,1.5,2.5,12,DOGEUSDT
56,69.64,0.0874,4.03,-12.804,0.914,66.1,30.4,3.6,12,2.5,60,1.5,2.5,24,DOGEUSDT
61,70.49,0.0703,3.343,-12.421,0.749,49.2,9.8,41.0,12,2.5,60,1.5,4.0,6,DOGEUSDT
50,68.0,0.082,3.165,-13.137,0.797,62.0,14.0,24.0,12,2.5,60,1.5,4.0,12,DOGEUSDT
48,79.17,0.2181,9.766,-10.437,1.928,77.1,18.8,4.2,12,2.5,60,1.5,4.0,24,DOGEUSDT
73,56.16,0.0961,6.372,-12.21,1.213,32.9,37.0,30.1,12,2.5,60,2.0,1.5,6,DOGEUSDT
68,54.41,0.2224,15.244,-10.775,2.578,48.5,39.7,11.8,12,2.5,60,2.0,1.5,12,DOGEUSDT
65,58.46,0.3552,24.732,-10.775,3.966,55.4,41.5,3.1,12,2.5,60,2.0,1.5,24,DOGEUSDT
65,60.0,0.0072,-0.588,-17.922,0.076,33.8,24.6,41.5,12,2.5,60,2.0,2.5,6,DOGEUSDT
56,55.36,0.0702,2.885,-15.244,0.683,48.2,30.4,21.4,12,2.5,60,2.0,2.5,12,DOGEUSDT
54,66.67,0.257,13.514,-13.892,2.352,59.3,33.3,7.4,12,2.5,60,2.0,2.5,24,DOGEUSDT
60,68.33,0.1463,7.844,-14.001,1.393,38.3,11.7,50.0,12,2.5,60,2.0,4.0,6,DOGEUSDT
50,64.0,0.1996,9.121,-14.025,1.723,52.0,16.0,32.0,12,2.5,60,2.0,4.0,12,DOGEUSDT
46,71.74,0.1708,6.559,-16.268,1.288,63.0,23.9,13.0,12,2.5,60,2.0,4.0,24,DOGEUSDT
72,55.56,0.1925,13.684,-9.05,2.173,19.4,36.1,44.4,12,2.5,60,3.0,1.5,6,DOGEUSDT
64,45.31,0.1929,11.837,-9.197,1.939,25.0,43.8,31.2,12,2.5,60,3.0,1.5,12,DOGEUSDT
62,45.16,0.2143,12.663,-10.695,1.954,33.9,53.2,12.9,12,2.5,60,3.0,1.5,24,DOGEUSDT
64,57.81,0.0543,2.261,-13.907,0.528,18.8,25.0,56.2,12,2.5,60,3.0,2.5,6,DOGEUSDT
53,47.17,0.0698,2.385,-14.747,0.593,28.3,34.0,37.7,12,2.5,60,3.0,2.5,12,DOGEUSDT
52,53.85,0.086,2.875,-13.691,0.655,38.5,40.4,21.2,12,2.5,60,3.0,2.5,24,DOGEUSDT
59,67.8,0.2307,12.971,-12.537,2.032,20.3,11.9,67.8,12,2.5,60,3.0,4.0,6,DOGEUSDT
46,54.35,0.2108,8.695,-13.054,1.668,28.3,15.2,56.5,12,2.5,60,3.0,4.0,12,DOGEUSDT
40,60.0,0.1152,3.019,-15.161,0.774,37.5,25.0,37.5,12,2.5,60,3.0,4.0,24,DOGEUSDT
63,60.32,-0.1336,-8.472,-15.645,-2.19,57.1,33.3,9.5,12,2.5,65,1.0,1.5,6,DOGEUSDT
61,62.3,-0.0787,-5.089,-14.277,-1.283,60.7,34.4,4.9,12,2.5,65,1.0,1.5,12,DOGEUSDT
61,65.57,-0.0307,-2.277,-14.277,-0.493,65.6,34.4,0.0,12,2.5,65,1.0,1.5,24,DOGEUSDT
56,66.07,-0.2251,-12.406,-18.24,-2.889,60.7,25.0,14.3,12,2.5,65,1.0,2.5,6,DOGEUSDT
52,65.38,-0.2546,-12.975,-17.438,-3.119,63.5,28.8,7.7,12,2.5,65,1.0,2.5,12,DOGEUSDT
52,71.15,-0.1796,-9.526,-16.638,-2.164,71.2,28.8,0.0,12,2.5,65,1.0,2.5,24,DOGEUSDT
53,73.58,-0.2305,-12.307,-20.18,-2.415,66.0,15.1,18.9,12,2.5,65,1.0,4.0,6,DOGEUSDT
47,72.34,-0.1867,-9.173,-20.05,-1.913,70.2,17.0,12.8,12,2.5,65,1.0,4.0,12,DOGEUSDT
47,78.72,-0.172,-8.628,-20.05,-1.669,78.7,19.1,2.1,12,2.5,65,1.0,4.0,24,DOGEUSDT
56,53.57,-0.1843,-10.277,-15.571,-2.606,35.7,41.1,23.2,12,2.5,65,1.5,1.5,6,DOGEUSDT
54,51.85,-0.1371,-7.64,-15.105,-1.859,44.4,42.6,13.0,12,2.5,65,1.5,1.5,12,DOGEUSDT
54,55.56,-0.0033,-0.778,-15.105,-0.043,55.6,44.4,0.0,12,2.5,65,1.5,1.5,24,DOGEUSDT
49,65.31,-0.1124,-6.002,-10.418,-1.298,42.9,26.5,30.6,12,2.5,65,1.5,2.5,6,DOGEUSDT
44,56.82,-0.274,-12.015,-15.654,-2.892,50.0,34.1,15.9,12,2.5,65,1.5,2.5,12,DOGEUSDT
44,63.64,-0.1245,-6.111,-12.99,-1.237,63.6,36.4,0.0,12,2.5,65,1.5,2.5,24,DOGEUSDT
46,71.74,-0.2059,-9.924,-18.2,-1.936,43.5,17.4,39.1,12,2.5,65,1.5,4.0,6,DOGEUSDT
40,65.0,-0.1566,-6.951,-17.507,-1.396,57.5,20.0,22.5,12,2.5,65,1.5,4.0,12,DOGEUSDT
39,71.79,-0.1467,-6.64,-17.507,-1.169,71.8,25.6,2.6,12,2.5,65,1.5,4.0,24,DOGEUSDT
54,51.85,-0.1217,-6.928,-14.588,-1.554,25.9,42.6,31.5,12,2.5,65,2.0,1.5,6,DOGEUSDT
52,50.0,0.0016,-0.598,-13.282,0.019,40.4,44.2,15.4,12,2.5,65,2.0,1.5,12,DOGEUSDT
52,53.85,0.1987,10.014,-13.282,2.19,51.9,46.2,1.9,12,2.5,65,2.0,1.5,24,DOGEUSDT
48,62.5,-0.0897,-4.984,-11.69,-0.941,29.2,29.2,41.7,12,2.5,65,2.0,2.5,6,DOGEUSDT
43,53.49,-0.1915,-8.738,-15.035,-1.795,44.2,37.2,18.6,12,2.5,65,2.0,2.5,12,DOGEUSDT
43,60.47,0.0317,0.328,-14.154,0.277,58.1,39.5,2.3,12,2.5,65,2.0,2.5,24,DOGEUSDT
45,71.11,-0.0697,-4.136,-15.648,-0.61,33.3,17.8,48.9,12,2.5,65,2.0,4.0,6,DOGEUSDT
39,64.1,0.0553,1.079,-14.194,0.452,51.3,20.5,28.2,12,2.5,65,2.0,4.0,12,DOGEUSDT
38,68.42,0.0797,1.721,-14.194,0.582,65.8,26.3,7.9,12,2.5,65,2.0,4.0,24,DOGEUSDT
54,51.85,0.0288,0.75,-11.181,0.317,18.5,42.6,38.9,12,2.5,65,3.0,1.5,6,DOGEUSDT
51,41.18,-0.0734,-4.455,-16.853,-0.785,19.6,47.1,33.3,12,2.5,65,3.0,1.5,12,DOGEUSDT
51,41.18,0.0243,0.184,-16.953,0.227,27.5,56.9,15.7,12,2.5,65,3.0,1.5,24,DOGEUSDT
48,62.5,0.0828,3.013,-8.026,0.773,20.8,29.2,50.0,12,2.5,65,3.0,2.5,6,DOGEUSDT
43,48.84,-0.1395,-6.877,-16.179,-1.166,25.6,39.5,34.9,12,2.5,65,3.0,2.5,12,DOGEUSDT
42,50.0,-0.0773,-4.501,-17.73,-0.58,33.3,45.2,21.4,12,2.5,65,3.0,2.5,24,DOGEUSDT
45,71.11,0.0758,2.176,-13.523,0.616,20.0,17.8,62.2,12,2.5,65,3.0,4.0,6,DOGEUSDT
38,55.26,0.0156,-0.643,-14.723,0.117,26.3,21.1,52.6,12,2.5,65,3.0,4.0,12,DOGEUSDT
35,57.14,-0.0357,-2.723,-15.271,-0.233,34.3,28.6,37.1,12,2.5,65,3.0,4.0,24,DOGEUSDT
38,55.26,-0.217,-8.176,-11.366,-3.473,55.3,36.8,7.9,12,2.5,70,1.0,1.5,6,DOGEUSDT
38,63.16,-0.1017,-4.059,-9.751,-1.62,60.5,36.8,2.6,12,2.5,70,1.0,1.5,12,DOGEUSDT
38,63.16,-0.0911,-3.671,-9.751,-1.442,63.2,36.8,0.0,12,2.5,70,1.0,1.5,24,DOGEUSDT
35,62.86,-0.3068,-10.585,-11.004,-3.748,62.9,28.6,8.6,12,2.5,70,1.0,2.5,6,DOGEUSDT
35,71.43,-0.1816,-6.576,-10.666,-2.203,68.6,28.6,2.9,12,2.5,70,1.0,2.5,12,DOGEUSDT
35,71.43,-0.17,-6.198,-10.666,-2.054,71.4,28.6,0.0,12,2.5,70,1.0,2.5,24,DOGEUSDT
32,71.88,-0.1833,-6.207,-10.529,-1.931,68.8,15.6,15.6,12,2.5,70,1.0,4.0,6,DOGEUSDT
31,80.65,-0.0247,-1.289,-10.529,-0.258,77.4,16.1,6.5,12,2.5,70,1.0,4.0,12,DOGEUSDT
31,80.65,-0.1377,-4.775,-10.642,-1.332,80.6,19.4,0.0,12,2.5,70,1.0,4.0,24,DOGEUSDT
37,54.05,-0.1095,-4.292,-7.527,-1.565,37.8,37.8,24.3,12,2.5,70,1.5,1.5,6,DOGEUSDT
36,58.33,-0.0016,-0.413,-7.527,-0.022,47.2,38.9,13.9,12,2.5,70,1.5,1.5,12,DOGEUSDT
36,61.11,0.1633,5.643,-7.527,2.134,61.1,38.9,0.0,12,2.5,70,1.5,1.5,24,DOGEUSDT
32,56.25,-0.3397,-10.736,-10.878,-3.821,37.5,31.2,31.2,12,2.5,70,1.5,2.5,6,DOGEUSDT
31,64.52,-0.1519,-5.087,-9.182,-1.61,51.6,32.3,16.1,12,2.5,70,1.5,2.5,12,DOGEUSDT
31,67.74,0.0397,0.685,-9.182,0.405,67.7,32.3,0.0,12,2.5,70,1.5,2.5,24,DOGEUSDT
29,62.07,-0.4244,-12.155,-12.255,-3.949,34.5,20.7,44.8,12,2.5,70,1.5,4.0,6,DOGEUSDT
27,70.37,-0.1711,-5.158,-12.255,-1.478,55.6,22.2,22.2,12,2.5,70,1.5,4.0,12,DOGEUSDT
27,74.07,-0.0959,-3.335,-13.663,-0.76,74.1,25.9,0.0,12,2.5,70,1.5,4.0,24,DOGEUSDT
36,52.78,0.0102,-0.049,-6.272,0.128,33.3,38.9,27.8,12,2.5,70,2.0,1.5,6,DOGEUSDT
34,52.94,0.0377,0.833,-6.272,0.441,41.2,44.1,14.7,12,2.5,70,2.0,1.5,12,DOGEUSDT
34,55.88,0.2859,9.63,-6.272,3.143,55.9,44.1,0.0,12,2.5,70,2.0,1.5,24,DOGEUSDT
32,56.25,-0.1757,-6.003,-8.599,-1.796,34.4,31.2,34.4,12,2.5,70,2.0,2.5,6,DOGEUSDT
30,60.0,-0.061,-2.394,-7.772,-0.588,43.3,33.3,23.3,12,2.5,70,2.0,2.5,12,DOGEUSDT
30,63.33,0.1349,3.406,-7.772,1.2,60.0,36.7,3.3,12,2.5,70,2.0,2.5,24,DOGEUSDT
29,62.07,-0.2779,-8.403,-10.95,-2.426,31.0,20.7,48.3,12,2.5,70,2.0,4.0,6,DOGEUSDT
26,65.38,-0.0861,-2.947,-10.95,-0.691,46.2,23.1,30.8,12,2.5,70,2.0,4.0,12,DOGEUSDT
25,68.0,-0.124,-3.98,-11.512,-0.863,64.0,28.0,8.0,12,2.5,70,2.0,4.0,24,DOGEUSDT
36,52.78,0.2367,8.237,-4.927,2.474,25.0,38.9,36.1,12,2.5,70,3.0,1.5,6,DOGEUSDT
33,48.48,0.1607,4.764,-4.973,1.546,30.3,48.5,21.2,12,2.5,70,3.0,1.5,12,DOGEUSDT
33,48.48,0.4492,15.027,-4.973,3.903,42.4,51.5,6.1,12,2.5,70,3.0,1.5,24,DOGEUSDT
32,56.25,0.0792,1.791,-5.459,0.695,28.1,31.2,40.6,12,2.5,70,3.0,2.5,6,DOGEUSDT
29,55.17,0.137,3.242,-6.174,1.128,34.5,34.5,31.0,12,2.5,70,3.0,2.5,12,DOGEUSDT
28,57.14,0.2607,6.556,-8.952,1.92,42.9,42.9,14.3,12,2.5,70,3.0,2.5,24,DOGEUSDT
29,62.07,-0.0125,-1.25,-9.505,-0.097,27.6,20.7,51.7,12,2.5,70,3.0,4.0,6,DOGEUSDT
26,65.38,0.2715,6.28,-9.505,1.918,38.5,23.1,38.5,12,2.5,70,3.0,4.0,12,DOGEUSDT
25,68.0,0.4151,9.539,-9.505,2.521,52.0,28.0,20.0,12,2.5,70,3.0,4.0,24,DOGEUSDT
